State,State_Name,Bill Number,Title,Status,Status_Label,Year,Last Action Date,Categories,Category_Count,Subject_Areas,Sponsors,View,EO_Targeted_Nondiscrimination,EO_Targeted_Notice,EO_Targeted_Assessments,EO_Risk_Count,EO_Risk_Level,EO_Protected_ChildSafety,EO_Protected_GovProcurement,EO_Protected_Infrastructure,EO_Has_Protection,EO_State_Named,State_Total_Risk_Points,State_Nondiscrim_Bills,State_Notice_Bills,State_Assessment_Bills
AL,Alabama,SJR94,"REAFFIRMING REDSTONE ARSENAL IN HUNTSVILLE, ALABAMA, AS THE BEST PERMANENT LOCATION FOR THE HEADQUARTERS OF THE U.S. SPACE COMMAND TO ADVANCE OUR NATION'S VITAL NATIONAL SECURITY.",4,Passed,2023,2023-06-06,,0,General/Other,['Clay Scofield'],https://legiscan.com/AL/bill/SJR94/2023,0,0,0,0,Low Risk,0,0,0,0,0,0,0,0,0
AL,Alabama,SJR75,RECOGNIZING ALABAMA'S TECHNOLOGY WORKFORCE AND ITS ECONOMIC CONTRIBUTIONS TO THE STATE.,4,Passed,2023,2023-05-23,Program and documentation,1,Employment,['J.T. Waggoner'],https://legiscan.com/AL/bill/SJR75/2023,0,0,0,0,Low Risk,0,0,0,0,0,0,0,0,0
AL,Alabama,SB88,FY24 Education Trust Fund - Governor's Rec.,4,Passed,2023,2023-05-26,Program and documentation,1,Education,['Arthur Orr'],https://legiscan.com/AL/bill/SB88/2023,0,0,0,0,Low Risk,0,0,0,0,0,0,0,0,0
AL,Alabama,HB169,"To make appropriations for the support, maintenance and development of public education in Alabama, for debt service, and for capital outlay for the fiscal year ending September 30, 2024.",1,Introduced,2023,2023-03-21,Program and documentation,1,Education,['Danny Garrett'],https://legiscan.com/AL/bill/HB169/2023,0,0,0,0,Pending - Low Exposure,0,0,0,0,0,0,0,0,0
AL,Alabama,HB172,"Crimes & offenses, provides criminal & civil penalties for distribution of materially deceptive media intended to influence an election",4,Passed,2024,2024-05-16,"Program and documentation, Labeling/notification",2,Deepfakes; Elections; Criminal,['Prince Chestnut'],https://legiscan.com/AL/bill/HB172/2024,0,0,0,0,Low Risk,0,0,0,0,0,0,0,0,0
AL,Alabama,HB168,"Crimes & Offenses, raises max. age for offenses involving obscene materials with depictions of children, authorizes punitive damages for victims of those offenses, and directs Board of Ed. to require policies related to those offenses",4,Passed,2024,2024-04-24,Program and documentation,1,Criminal; Children,['Matt Woods'],https://legiscan.com/AL/bill/HB168/2024,0,0,0,0,Low Risk,1,0,0,1,0,0,0,0,0
AL,Alabama,SB109,"Crimes & Offenses, raises maximum age for offenses involving minors & sexually explicit conduct, authorizes punitive damages for victims of those offenses, directs Board of Education to require policies related to those offenses",1,Introduced,2024,2024-02-15,Program and documentation,1,Education; Criminal; Children,['April Weaver'],https://legiscan.com/AL/bill/SB109/2024,0,0,0,0,Pending - Low Exposure,1,0,0,1,0,0,0,0,0
AL,Alabama,HB145,"Appropriations from Education Trust Fund for the support, maintenance, and development of public education for fiscal year ending September 30, 2025.",4,Passed,2024,2024-05-16,Program and documentation,1,Education,['Danny Garrett'],https://legiscan.com/AL/bill/HB145/2024,0,0,0,0,Low Risk,0,0,0,0,0,0,0,0,0
AL,Alabama,SB75,"Appropriations from Education Trust Fund for the support, maintenance, and development of public education for fiscal year ending September 30, 2025.",1,Introduced,2024,2024-02-07,Program and documentation,1,Education,['Arthur Orr'],https://legiscan.com/AL/bill/SB75/2024,0,0,0,0,Pending - Low Exposure,0,0,0,0,0,0,0,0,0
AL,Alabama,HB515,Artificial intelligence; regulate use in health coverage decisions,1,Introduced,2025,2025-04-03,"Program and documentation, Assessments, General notice, Nondiscrimination",4,Healthcare,['Mark Shirey'],https://legiscan.com/AL/bill/HB515/2025,1,1,1,3,Pending - High Exposure,0,0,0,0,0,0,0,0,0
AL,Alabama,HB332,"Education, public K-12 schools, completion of approved computer science course required",2,Engrossed,2025,2025-04-01,"Program and documentation, Assessments",2,Education,['David Faulkner'],https://legiscan.com/AL/bill/HB332/2025,0,0,1,1,Pending - Some Exposure,0,0,1,1,0,0,0,0,0
AL,Alabama,SB294,Health insurance; to regulate and modernize the prior authorization process,1,Introduced,2025,2025-04-03,"Program and documentation, General notice, Opt out/appeal",3,Healthcare,['Arthur Orr'],https://legiscan.com/AL/bill/SB294/2025,0,1,0,1,Pending - Some Exposure,0,0,0,0,0,0,0,0,0
AL,Alabama,HB365,"Alabama STEM Council created in the Department of Workforce,  membership and duties provided",4,Passed,2025,2025-05-22,"Program and documentation, Responsible individual",2,Employment,['Terri Collins'],https://legiscan.com/AL/bill/HB365/2025,0,0,0,0,Low Risk,0,0,0,0,0,0,0,0,0
AL,Alabama,HB557,Health benefit plans; process further specified for making coverage determinations with enforcement and oversight given to the Department of Insurance.,1,Introduced,2025,2025-04-09,"Program and documentation, Assessments, General notice, Opt out/appeal",4,Healthcare,['Kelvin Datcher'],https://legiscan.com/AL/bill/HB557/2025,0,1,1,2,Pending - High Exposure,0,0,0,0,0,0,0,0,0
AL,Alabama,HB208,"Secretary of Information Technology, duties regarding cybertechnology technology quality assurance for state agencies further provided",1,Introduced,2025,2025-02-06,"Program and documentation, Responsible individual",2,Cybersecurity,['Mike Shaw'],https://legiscan.com/AL/bill/HB208/2025,0,0,0,0,Pending - Low Exposure,0,0,0,0,0,0,0,0,0
AL,Alabama,HR244,"Ignite, commended",4,Passed,2025,2025-04-15,Program and documentation,1,General/Other,['James Lomax'],https://legiscan.com/AL/bill/HR244/2025,0,0,0,0,Low Risk,0,0,0,0,0,0,0,0,0
AL,Alabama,HB516,"Consumer protection, use of a computer to interact with a consumer when consumer believes the interaction is with a human is an unlawful trade practice",1,Introduced,2025,2025-04-03,"Program and documentation, General notice",2,Consumer Protection,['Prince Chestnut'],https://legiscan.com/AL/bill/HB516/2025,0,1,0,1,Pending - Some Exposure,0,0,1,1,0,0,0,0,0
AL,Alabama,HB283,"Data privacy, processing of data regulated, consumer actions related to data authorized",2,Engrossed,2025,2025-04-22,"Program and documentation, Assessments, General notice, Opt out/appeal, Nondiscrimination",5,Privacy,['Mike Shaw'],https://legiscan.com/AL/bill/HB283/2025,1,1,1,3,Pending - High Exposure,0,0,0,0,0,0,0,0,0
AL,Alabama,SB112,"Appropriations from Education Trust Fund for the support, maintenance, and development of public education for fiscal year ending September 30, 2026",4,Passed,2025,2025-05-06,,0,Education,['Arthur Orr'],https://legiscan.com/AL/bill/SB112/2025,0,0,0,0,Low Risk,0,0,0,0,0,0,0,0,0
AL,Alabama,HB169,"Appropriations from Education Trust Fund for the support, maintenance, and development of public education for fiscal year ending September 30, 2026",1,Introduced,2025,2025-02-05,Program and documentation,1,Education,['Danny Garrett'],https://legiscan.com/AL/bill/HB169/2025,0,0,0,0,Pending - Low Exposure,0,0,0,0,0,0,0,0,0
AK,Alaska,SB262,Artificial Intelligence Task Force,1,Introduced,2024,2024-04-02,"Program and documentation, Assessments",2,AI Policy/Task Forces,['State Affairs'],https://legiscan.com/AK/bill/SB262/2023,0,0,1,1,Pending - Some Exposure,0,0,0,0,0,0,0,0,0
AK,Alaska,SB177,"Ai, Deepfakes, Cybersecurity, Data Xfers",1,Introduced,2024,2024-01-16,,0,Deepfakes,['Shelley Hughes'],https://legiscan.com/AK/bill/SB177/2023,0,0,0,0,Pending - Low Exposure,0,0,0,0,0,0,0,0,0
AK,Alaska,HB306,"Ai, Deepfakes, Cybersecurity, Data Xfers",1,Introduced,2024,2024-02-02,"Program and documentation, Assessments, Responsible individual, General notice, Labeling/notification, Opt out/appeal, Nondiscrimination",7,Deepfakes,['State Affairs'],https://legiscan.com/AK/bill/HB306/2023,1,1,1,3,Pending - High Exposure,0,0,0,0,0,0,0,0,0
AK,Alaska,HB358,Deepfakes: Liability; Elections,2,Engrossed,2024,2024-05-09,"Program and documentation, Nondiscrimination",2,Deepfakes; Elections,"['Mike Cronk', 'Kevin McCabe', 'William Fields', 'Sarah Vance', 'Andrew Josephson']",https://legiscan.com/AK/bill/HB358/2023,1,0,0,1,Pending - Some Exposure,0,0,0,0,0,0,0,0,0
AK,Alaska,HB129,Elections: Voter Reg./legal Fund/comms,2,Engrossed,2024,2024-02-02,"Program and documentation, General notice, Opt out/appeal",3,Elections,['Judiciary'],https://legiscan.com/AK/bill/HB129/2023,0,1,0,1,Pending - Some Exposure,0,0,0,0,0,0,0,0,0
AK,Alaska,HB107,Criminal Law Definitions Person/life,1,Introduced,2023,2023-03-13,,0,Criminal,"['Kevin McCabe', 'Frank Tomaszewski']",https://legiscan.com/AK/bill/HB107/2023,0,0,0,0,Pending - Low Exposure,0,0,0,0,0,0,0,0,0
AK,Alaska,HB271,Parental Consent For Social Media Account,1,Introduced,2024,2024-01-16,"Program and documentation, General notice, Opt out/appeal, Nondiscrimination",4,Children,['Labor & Commerce'],https://legiscan.com/AK/bill/HB271/2023,1,1,0,2,Pending - High Exposure,0,0,0,0,0,0,0,0,0
AK,Alaska,HB352,Definition Of Person,1,Introduced,2024,2024-02-20,,0,General/Other,['David Eastman'],https://legiscan.com/AK/bill/HB352/2023,0,0,0,0,Pending - Low Exposure,0,0,0,0,0,0,0,0,0
AK,Alaska,HCR3,Ai Legislative Task Force,1,Introduced,2025,2025-02-26,"Program and documentation, Assessments, Training, Responsible individual",4,AI Policy/Task Forces,"['George Rauscher', 'Mia Costello', 'Ky Holland']",https://legiscan.com/AK/bill/HCR3/2025,0,0,1,1,Pending - Some Exposure,0,0,0,0,0,0,0,0,0
AK,Alaska,SB2,"Ai, Deepfakes, Cybersecurity, Data Xfers",1,Introduced,2025,2025-01-22,"Program and documentation, Assessments, General notice, Opt out/appeal, Nondiscrimination",5,Deepfakes,['Shelley Hughes'],https://legiscan.com/AK/bill/SB2/2025,1,1,1,3,Pending - High Exposure,0,0,0,0,0,0,0,0,0
AK,Alaska,SB33,Synthetic Media: Liability; Elections,1,Introduced,2025,2025-01-22,"Program and documentation, Labeling/notification, Opt out/appeal",3,Deepfakes; Elections,['Mike Cronk'],https://legiscan.com/AK/bill/SB33/2025,0,0,0,0,Pending - Low Exposure,0,0,0,0,0,0,0,0,0
AK,Alaska,SB64,Elections,2,Engrossed,2025,2025-05-12,"Program and documentation, Training, General notice, Opt out/appeal",4,Elections,['Rules'],https://legiscan.com/AK/bill/SB64/2025,0,1,0,1,Pending - Some Exposure,0,0,0,0,0,0,0,0,0
AK,Alaska,HB53,Approp: Operating Budget; Cap; Supp,4,Passed,2025,2025-07-30,Program and documentation,1,Government,['Rules'],https://legiscan.com/AK/bill/HB53/2025,0,0,0,0,Low Risk,0,0,0,0,0,0,0,0,0
AZ,Arizona,SB1565,Ballot processing; electronic adjudication; limitation,5,Vetoed,2023,2023-04-18,"Program and documentation, Assessments",2,Elections,"['Frank Carroll', 'Ken Bennett', 'David Gowan', 'Steve Kaiser', 'Javan Mesnard', 'Janae Shamp', 'Michael Carbone', 'Neal Carter', 'Lupe Diaz', 'Tim Dunn', 'Quang Nguyen', 'Kevin Payne', 'Austin Smith']",https://legiscan.com/AZ/bill/SB1565/2023,0,0,1,1,Pending - Some Exposure,0,0,0,0,0,3,0,3,0
AZ,Arizona,HB2482,Sexual assault kits; victim notification,4,Passed,2023,2023-05-19,General notice,1,Adult Content,['Kevin Payne'],https://legiscan.com/AZ/bill/HB2482/2023,0,1,0,1,Moderate Risk,0,0,0,0,0,3,0,3,0
AZ,Arizona,SB1291,Conservatorship; guardianship; policies; procedures,4,Passed,2023,2023-06-20,"Program and documentation, General notice, Opt out/appeal",3,General/Other,"['John Kavanagh', 'Quang Nguyen']",https://legiscan.com/AZ/bill/SB1291/2023,0,1,0,1,Moderate Risk,0,0,0,0,0,3,0,3,0
AZ,Arizona,SB1359,Election communications; deepfakes; prohibition,4,Passed,2024,2024-05-29,"Labeling/notification, Opt out/appeal",2,Deepfakes; Elections,"['Frank Carroll', 'Shawnna Bolick', 'David Gowan', 'Warren Petersen', 'Janae Shamp']",https://legiscan.com/AZ/bill/SB1359/2024,0,0,0,0,Low Risk,0,0,0,0,0,3,0,3,0
AZ,Arizona,SB1599,Artificial intelligence use; aggravating circumstance,2,Engrossed,2024,2024-03-12,Program and documentation,1,General/Other,['Justine Wadsack'],https://legiscan.com/AZ/bill/SB1599/2024,0,0,0,0,Pending - Low Exposure,0,0,0,0,0,3,0,3,0
AZ,Arizona,SB1360,Ballot processing; electronic adjudication; limitation,2,Engrossed,2024,2024-02-21,"Program and documentation, Assessments",2,Elections,"['Frank Carroll', 'Shawnna Bolick', 'David Gowan', 'Jake Hoffman', 'Warren Petersen', 'Janae Shamp']",https://legiscan.com/AZ/bill/SB1360/2024,0,0,1,1,Pending - Some Exposure,0,0,0,0,0,3,0,3,0
AZ,Arizona,HB2307,Artificial intelligence; sexual abuse materials,1,Introduced,2024,2024-01-22,Program and documentation,1,Adult Content,"['Julie Willoughby', 'Leo Biasiucci', 'Lupe Diaz', 'Matt Gress']",https://legiscan.com/AZ/bill/HB2307/2024,0,0,0,0,Pending - Low Exposure,0,0,0,0,0,3,0,3,0
AZ,Arizona,HB2394,Digital impersonation; injunctive relief; requirements,4,Passed,2024,2024-05-21,"Program and documentation, General notice, Opt out/appeal",3,Digital Content/IP,"['Alexander Kolodin', 'Joseph Chaplik']",https://legiscan.com/AZ/bill/HB2394/2024,0,1,0,1,Moderate Risk,0,0,0,0,0,3,0,3,0
AZ,Arizona,HB2241,Bestiality; visual depiction; minors,4,Passed,2024,2024-06-21,,0,Children,"['Julie Willoughby', 'Leo Biasiucci', 'Selina Bliss', 'Michael Carbone', 'David Cook', 'Tim Dunn', 'Travis Grantham', 'Laurin Hendrix', 'David Marshall', 'Teresa Martinez', 'Quang Nguyen', 'Michele Pena', 'Beverly Pingerelli', 'Justin Wilmeth']",https://legiscan.com/AZ/bill/HB2241/2024,0,0,0,0,Low Risk,1,0,0,1,0,3,0,3,0
AZ,Arizona,SB1515,Election communications; prohibition; deep fakes,1,Introduced,2024,2024-02-05,"Program and documentation, Labeling/notification, Opt out/appeal",3,Elections,"['Priya Sundareshan', 'Ken Bennett']",https://legiscan.com/AZ/bill/SB1515/2024,0,0,0,0,Pending - Low Exposure,0,0,0,0,0,3,0,3,0
AZ,Arizona,HB2342,Blockchain technology; regulation; computational power,4,Passed,2025,2025-04-18,,0,Blockchain/Crypto,['Teresa Martinez'],https://legiscan.com/AZ/bill/HB2342/2025,0,0,0,0,Low Risk,0,0,0,0,0,3,0,3,0
AZ,Arizona,HB2678,Indistinguishable; visual depiction; definition.,4,Passed,2025,2025-05-12,,0,Digital Content/IP,"['Julie Willoughby', 'Quang Nguyen', 'Hildy Angius']",https://legiscan.com/AZ/bill/HB2678/2025,0,0,0,0,Low Risk,0,0,0,0,0,3,0,3,0
AZ,Arizona,HB2712,Indistinguishable; visual depiction; minor; definition,1,Introduced,2025,2025-02-10,,0,Children,['Walter Blackman'],https://legiscan.com/AZ/bill/HB2712/2025,0,0,0,0,Pending - Low Exposure,1,0,0,1,0,3,0,3,0
AZ,Arizona,HB2175,Prior authorization; claims,4,Passed,2025,2025-05-12,Program and documentation,1,Healthcare,['Julie Willoughby'],https://legiscan.com/AZ/bill/HB2175/2025,0,0,0,0,Low Risk,0,0,0,0,0,3,0,3,0
AZ,Arizona,HB2847,Rental price fixing; algorithmic pricing,1,Introduced,2025,2025-02-12,Program and documentation,1,AI Governance,['Oscar De Los Santos'],https://legiscan.com/AZ/bill/HB2847/2025,0,0,0,0,Pending - Low Exposure,0,0,0,0,0,3,0,3,0
AZ,Arizona,SB1462,Computer-generated pictorial representations; unlawful disclosure,4,Passed,2025,2025-05-02,,0,AI Governance,['Javan Mesnard'],https://legiscan.com/AZ/bill/SB1462/2025,0,0,0,0,Low Risk,0,0,1,1,0,3,0,3,0
AZ,Arizona,SB1279,Criminal justice commission; sheriffs,1,Introduced,2025,2025-01-27,,0,Criminal,['Mark Finchem'],https://legiscan.com/AZ/bill/SB1279/2025,0,0,0,0,Pending - Low Exposure,0,0,0,0,0,3,0,3,0
AZ,Arizona,HB2746,Abortion; providers; waiting period; ultrasound,1,Introduced,2025,2025-06-27,Program and documentation,1,General/Other,"['Stephanie Stahl Hamilton', 'Anna Abeytia', 'Cesar Aguilar', 'Lorena Austin', 'Seth Blattman', 'Junelle Cavero', 'Janeen Connolly', 'Lupe Contreras', 'Patricia Contreras', 'Quanta Crews', 'Oscar De Los Santos', 'Brian Garcia', 'Nancy Gutierrez', 'Alma Hernandez', 'Consuelo Hernandez', 'Sarah Liguori', 'Elda Luna-Najera', 'Aaron Marquez', 'Christopher Mathis', 'Mae Peshlakai', 'Stephanie Simacek', 'Anastasia Travers', 'Myron Tsosie', 'Betty Villegas', 'Kevin Volk']",https://legiscan.com/AZ/bill/HB2746/2025,0,0,0,0,Pending - Low Exposure,0,0,0,0,0,3,0,3,0
AZ,Arizona,SB1406,Noncitizen; alien; terminology,1,Introduced,2025,2025-02-03,Program and documentation,1,General/Other,['Catherine Miranda'],https://legiscan.com/AZ/bill/SB1406/2025,0,0,0,0,Pending - Low Exposure,0,0,0,0,0,3,0,3,0
AZ,Arizona,SB1735,2025-2026; general appropriations act,4,Passed,2025,2025-06-27,"Program and documentation, Training",2,Government,['John Kavanagh'],https://legiscan.com/AZ/bill/SB1735/2025,0,0,0,0,Low Risk,0,0,0,0,0,3,0,3,0
AR,Arkansas,SB383,To Amend The Law Concerning Ownership And Possession Of Real Property.,4,Passed,2023,2023-04-11,Program and documentation,1,General/Other,"['Blake Johnson', 'Deann Vaught', 'Frances Cavenaugh', 'Howard Beaty', 'Wade Andrews', 'Chad Puryear', 'Justin Boyd', 'Joshua Bryant', 'Steve Crowell', 'Breanne Davis', 'Jim Dotson', 'Jane English', 'Scott Flippo', 'Ben Gilmore', 'Kim Hammer', 'Bart Hester', 'Ricky Hill', 'Matt McKee', 'John Payton', 'Clint Penzo', 'Jim Petty', 'Terry Rice', 'Matt Stone', 'Gary Stubblefield', 'Dan Sullivan']",https://legiscan.com/AR/bill/SB383/2023,0,0,0,0,Low Risk,0,0,0,0,0,3,1,2,0
AR,Arkansas,SB340,To Amend The Law Concerning Ownership And Possession Of Real Property.,6,Failed,2023,2023-05-01,Registration,1,General/Other,"['Blake Johnson', 'Deann Vaught']",https://legiscan.com/AR/bill/SB340/2023,0,0,0,0,Pending - Low Exposure,0,0,0,0,0,3,1,2,0
AR,Arkansas,SB258,"To Create The Arkansas Digital Responsibility, Safety, And Trust Act.",6,Failed,2025,2025-05-05,"Program and documentation, Assessments, Responsible individual, General notice, Explanation/incident reporting, Developer documentation, Opt out/appeal, Nondiscrimination",8,AI Governance,"['Clint Penzo', 'Stephen Meeks']",https://legiscan.com/AR/bill/SB258/2025,1,1,1,3,Pending - High Exposure,0,0,0,0,0,3,1,2,0
AR,Arkansas,HB1297,"Concerning Artificial Intelligence, Algorithms, And Other Automated Technologies; And To Regulate Certain Practices Of Healthcare Insurers.",1,Introduced,2025,2025-01-29,"Program and documentation, Assessments, Training, Responsible individual, General notice, Explanation/incident reporting, Third-party review, Opt out/appeal, Nondiscrimination",9,Healthcare,"['Lee Johnson', 'Missy Irvin']",https://legiscan.com/AR/bill/HB1297/2025,1,1,1,3,Pending - High Exposure,0,0,0,0,0,3,1,2,0
AR,Arkansas,HB1958,To Require Public Entities To Create A Policy Concerning The Authorized Use Of Artificial Intelligence.,4,Passed,2025,2025-04-17,"Program and documentation, Training, Responsible individual, General notice",4,Government,"['Stephen Meeks', 'Jane English']",https://legiscan.com/AR/bill/HB1958/2025,0,1,0,1,Moderate Risk,0,0,0,0,0,3,1,2,0
AR,Arkansas,HB1876,Regarding The Ownership Of Model Training And Content Generated By A Generative Artificial Intelligence Tool.,4,Passed,2025,2025-04-21,Program and documentation,1,AI Governance,"['Scott Richardson', 'Joshua Bryant']",https://legiscan.com/AR/bill/HB1876/2025,0,0,0,0,Low Risk,0,0,0,0,0,3,1,2,0
AR,Arkansas,HB1071,"To Amend The Frank Broyles Publicity Rights Protection Act Of 2016; And To Provide Protections For An Individual Whose Photograph, Voice, Or Likeness Is Reproduced Through Means Of Artificial Intelligence And Used Commercially.",4,Passed,2025,2025-02-25,Nondiscrimination,1,Digital Content/IP,"['Scott Richardson', 'Joshua Bryant']",https://legiscan.com/AR/bill/HB1071/2025,1,0,0,1,Moderate Risk,0,0,0,0,0,3,1,2,0
AR,Arkansas,HB1518,"To Create The Offense Of Creating, Distributing, Possessing, Or Viewing Artificial Intelligence-generated Matter Depicting Sexually Explicit Conduct Involving A Child.",1,Introduced,2025,2025-02-18,Program and documentation,1,Criminal; Children,"['Stephen Meeks', 'Missy Irvin']",https://legiscan.com/AR/bill/HB1518/2025,0,0,0,0,Pending - Low Exposure,1,0,0,1,0,3,1,2,0
AR,Arkansas,HB1816,To Prohibit Healthcare Providers And Healthcare Insurers From Using Artificial Intelligence In The Delivery Of Healthcare Services Or The Generation Of Medical Records Unless Certain Requirements Are Met.,1,Introduced,2025,2025-03-17,"Program and documentation, Third-party review",2,Healthcare,['Lee Johnson'],https://legiscan.com/AR/bill/HB1816/2025,0,0,0,0,Pending - Low Exposure,0,0,0,0,0,3,1,2,0
AR,Arkansas,HB1877,Concerning Criminal Offenses Related To Possession Of Sexually Explicit Material That Depicts A Child; And To Include A Computer Generated Image That Is Indistinguishable From The Image Of A Child.,4,Passed,2025,2025-04-22,Program and documentation,1,Criminal; Children,"['Stephen Meeks', 'Joshua Bryant', 'Brandon Achor', 'Glenn Barnes', 'Lincoln Barnett', 'Howard Beaty', 'Rick Beck', 'Mary Bentley', 'Harlan Breaux', 'Keith Brooks', 'Karilyn Brown', 'Matt Brown', 'Rebecca Burkes', 'Cindy Crawford', 'Jon Eubanks', 'Tony Furman', 'Zack Gramlich', 'Steve Hollowell', 'Jack Ladyman', 'Robin Lundstrum', 'Roger Lynch', 'John Maddox', 'Julie Mayberry', 'Mindy McAlindon', 'Richard McGrew', 'Jessie McGruder', 'Brit McKenzie', 'Jon Milligan', 'Jeremiah Moore', 'Jason Nazarenko', 'Stetson Painter', 'Shad Pearce', 'Marcus Richmond', 'Ryan Rose', 'Johnny Rye', 'Matthew Shepherd', 'Kendon Underwood', 'Deann Vaught']",https://legiscan.com/AR/bill/HB1877/2025,0,0,0,0,Low Risk,1,0,1,1,0,3,1,2,0
AR,Arkansas,HB1283,To Require The Division Of Elementary And Secondary Education To Include Digital Media Standards In Kindergarten Through Grade Twelve Library Media Standards.,6,Failed,2025,2025-05-05,"Program and documentation, Training",2,Education,"['Julie Mayberry', 'Jane English', 'Stephen Meeks']",https://legiscan.com/AR/bill/HB1283/2025,0,0,0,0,Pending - Low Exposure,0,0,0,0,0,3,1,2,0
AR,Arkansas,HB1041,To Prohibit Deceptive And Fraudulent Deepfakes In Election Communications.,6,Failed,2025,2025-05-05,"Program and documentation, Labeling/notification",2,Deepfakes; Elections,"['Scott Richardson', 'Joshua Bryant', 'Andrew Collins', 'Clarke Tucker']",https://legiscan.com/AR/bill/HB1041/2025,0,0,0,0,Pending - Low Exposure,0,0,0,0,0,3,1,2,0
AR,Arkansas,HB1823,To Establish The Disrupt Explicit Forged Images And Nonconsensual Edits Act Of 2025; And To Clarify The Rights For An Individual Affected By Nonconsensual Activities Involving Intimate Digital Forgeries.,6,Failed,2025,2025-05-05,"Program and documentation, Opt out/appeal",2,Digital Content/IP,['Matt Duffield'],https://legiscan.com/AR/bill/HB1823/2025,0,0,0,0,Pending - Low Exposure,0,0,0,0,0,3,1,2,0
AR,Arkansas,HB1083,To Create The Arkansas Kids Online Safety Act.,1,Introduced,2025,2025-01-13,"Program and documentation, Assessments, General notice, Explanation/incident reporting, Opt out/appeal, Nondiscrimination",6,Children,"['Zack Gramlich', 'Justin Boyd', 'Andrew Collins', 'Joy Springer', 'Clarke Tucker']",https://legiscan.com/AR/bill/HB1083/2025,1,1,1,3,Pending - High Exposure,0,0,0,0,0,3,1,2,0
AR,Arkansas,HB1726,To Create The Arkansas Kids Online Safety Act.,6,Failed,2025,2025-05-05,"Program and documentation, Assessments, General notice, Explanation/incident reporting, Opt out/appeal, Nondiscrimination",6,Children,"['Zack Gramlich', 'Justin Boyd', 'Andrew Collins', 'Joy Springer', 'Clarke Tucker']",https://legiscan.com/AR/bill/HB1726/2025,1,1,1,3,Pending - High Exposure,0,0,0,0,0,3,1,2,0
AR,Arkansas,HB1508,"To Recodify Title 19 Of The Arkansas Code Concerning Public Finance; And To Amend Laws Resulting From Initiated Acts 2000, No. 1; And To Make Conforming Changes To The Arkansas Code.",4,Passed,2025,2025-03-25,"Program and documentation, General notice, Registration, Opt out/appeal",4,Financial,"['Matthew Shepherd', 'Clarke Tucker', 'Jimmie Gazaway', 'Joshua Bryant']",https://legiscan.com/AR/bill/HB1508/2025,0,1,0,1,Moderate Risk,0,0,0,0,0,3,1,2,0
CA,California,SB1288,Public schools: artificial intelligence working group.,4,Passed,2024,2024-09-28,"Program and documentation, Assessments, General notice",3,Education,"['Josh Becker', 'Al Muratsuchi', 'Marc Berman', 'Bill Dodd']",https://legiscan.com/CA/bill/SB1288/2023,0,1,1,2,High Risk,0,0,0,0,0,24,2,16,6
CA,California,SB896,Generative Artificial Intelligence Accountability Act.,4,Passed,2024,2024-09-29,"Program and documentation, Assessments, Training, Responsible individual, General notice, Labeling/notification, Nondiscrimination",7,AI Governance,"['Bill Dodd', 'Evan Low', 'Devon Mathis', 'Susan Rubio', 'Akilah Weber Pierson']",https://legiscan.com/CA/bill/SB896/2023,1,1,1,3,High Risk,0,0,0,0,0,24,2,16,6
CA,California,AB2013,Generative artificial intelligence: training data transparency.,4,Passed,2024,2024-09-28,"Program and documentation, Developer documentation",2,AI Governance,['Jacqui Irwin'],https://legiscan.com/CA/bill/AB2013/2023,0,0,0,0,Low Risk,0,0,0,0,0,24,2,16,6
CA,California,SB1047,Safe and Secure Innovation for Frontier Artificial Intelligence Models Act.,5,Vetoed,2024,2024-09-29,"Program and documentation, Assessments, Responsible individual, Explanation/incident reporting, Third-party review, Nondiscrimination",6,AI Governance,"['Scott Wiener', 'Richard Roth', 'Susan Rubio', 'Henry Stern']",https://legiscan.com/CA/bill/SB1047/2023,1,0,1,2,Pending - High Exposure,0,0,0,0,0,24,2,16,6
CA,California,AB2652,State Department of Education: artificial intelligence working group.,1,Introduced,2024,2024-02-14,Program and documentation,1,Education,['Al Muratsuchi'],https://legiscan.com/CA/bill/AB2652/2023,0,0,0,0,Pending - Low Exposure,0,0,0,0,0,24,2,16,6
CA,California,AB3030,Health care services: artificial intelligence.,4,Passed,2024,2024-09-28,Program and documentation,1,Healthcare,"['Lisa Calderon', 'Susan Rubio']",https://legiscan.com/CA/bill/AB3030/2023,0,0,0,0,Low Risk,0,0,0,0,0,24,2,16,6
CA,California,AB2355,Political Reform Act of 1974: political advertisements: artificial intelligence.,4,Passed,2024,2024-09-17,Labeling/notification,1,Elections,"['Sabrina Cervantes', 'Wendy Carrillo']",https://legiscan.com/CA/bill/AB2355/2023,0,0,0,0,Low Risk,0,0,0,0,0,24,2,16,6
CA,California,SB893,California Artificial Intelligence Research Hub.,2,Engrossed,2024,2024-05-23,"Program and documentation, Responsible individual",2,AI Policy/Task Forces,"['Steve Padilla', 'Bill Dodd', 'Susan Rubio']",https://legiscan.com/CA/bill/SB893/2023,0,0,0,0,Pending - Low Exposure,0,0,0,0,0,24,2,16,6
CA,California,SB1120,Health care coverage: utilization review.,4,Passed,2024,2024-09-28,"Program and documentation, Responsible individual, General notice",3,Healthcare,"['Josh Becker', 'Susan Rubio']",https://legiscan.com/CA/bill/SB1120/2023,0,1,0,1,Moderate Risk,0,0,0,0,0,24,2,16,6
CA,California,AB1831,Crimes: child pornography.,4,Passed,2024,2024-09-29,Program and documentation,1,Criminal; Children,"['Marc Berman', 'Kate Sanchez', 'Aisha Wahab', 'Juan Alanis', 'Benjamin Allen', 'Bob Archuleta', 'Josh Becker', 'Steve Bennett', 'Lisa Calderon', 'Phillip Chen', 'Diane Dixon', 'Heath Flora', 'Tim Grayson', 'Jacqui Irwin', 'Joe Patterson', 'Tom Lackey', 'Monique Limon', 'Evan Low', 'Rosilicie Ochoa Bogh', 'Gail Pellerin', 'Cottie Petrie-Norris', 'Anthony Portantino', 'Susan Rubio', 'Pilar Schiavo', 'Stephanie Nguyen', 'Henry Stern', 'Tri Ta', 'Akilah Weber Pierson', 'Lori Wilson', 'Jim Wood']",https://legiscan.com/CA/bill/AB1831/2023,0,0,0,0,Low Risk,1,0,0,1,0,24,2,16,6
CA,California,AB2885,Artificial intelligence.,4,Passed,2024,2024-09-28,Program and documentation,1,General/Other,"['Rebecca Bauer-Kahan', 'Tom Umberg']",https://legiscan.com/CA/bill/AB2885/2023,0,0,0,0,Low Risk,0,0,0,0,0,24,2,16,6
CA,California,SB892,Public contracts: automated decision systems: procurement standards.,5,Vetoed,2024,2024-09-20,"Program and documentation, Explanation/incident reporting, Nondiscrimination",3,Government,"['Steve Padilla', 'Susan Rubio', 'Lola Smallwood-Cuevas']",https://legiscan.com/CA/bill/SB892/2023,1,0,0,1,Pending - Some Exposure,0,1,0,1,0,24,2,16,6
CA,California,SB1235,Public postsecondary education: Artificial Intelligence and Deepfake Working Group.,1,Introduced,2024,2024-02-15,"Program and documentation, Assessments, General notice",3,Deepfakes; Education,['Lena Gonzalez'],https://legiscan.com/CA/bill/SB1235/2023,0,1,1,2,Pending - High Exposure,0,0,0,0,0,24,2,16,6
CA,California,SB942,California AI Transparency Act.,4,Passed,2024,2024-09-19,Labeling/notification,1,AI Governance,['Josh Becker'],https://legiscan.com/CA/bill/SB942/2023,0,0,0,0,Low Risk,0,0,0,0,0,24,2,16,6
CA,California,SB970,Artificial intelligence technology.,1,Introduced,2024,2024-01-25,"Program and documentation, General notice",2,General/Other,['Angelique Ashby'],https://legiscan.com/CA/bill/SB970/2023,0,1,0,1,Pending - Some Exposure,0,0,0,0,0,24,2,16,6
CA,California,SB721,General plan: annual report: suite-style student housing quarters.,2,Engrossed,2023,2023-05-24,,0,Education,['Josh Becker'],https://legiscan.com/CA/bill/SB721/2023,0,0,0,0,Pending - Low Exposure,0,0,0,0,0,24,2,16,6
CA,California,AB2876,Pupil instruction: media literacy: artificial intelligence literacy: curriculum frameworks: instructional materials.,4,Passed,2024,2024-09-29,Program and documentation,1,Education,"['Marc Berman', 'Dawn Addis']",https://legiscan.com/CA/bill/AB2876/2023,0,0,0,0,Low Risk,0,0,0,0,0,24,2,16,6
CA,California,SB933,Crimes: child pornography.,2,Engrossed,2024,2024-05-09,Program and documentation,1,Criminal; Children,"['Rosilicie Ochoa Bogh', 'Aisha Wahab', 'Marc Berman', 'Steven Bradford', 'Dave Cortese', 'Diane Dixon', 'Shannon Grove', 'Brian Jones', 'Susan Rubio', 'Pilar Schiavo', 'Kelly Seyarto', 'Nancy Skinner', 'Stephanie Nguyen']",https://legiscan.com/CA/bill/SB933/2023,0,0,0,0,Pending - Low Exposure,1,0,0,1,0,24,2,16,6
CA,California,AB331,Automated decision tools.,6,Failed,2024,2024-02-01,"Program and documentation, General notice, Explanation/incident reporting, Nondiscrimination",4,AI Governance,"['Rebecca Bauer-Kahan', 'Tasha Boerner Horvath']",https://legiscan.com/CA/bill/AB331/2023,1,1,0,2,Pending - High Exposure,0,0,0,0,0,24,2,16,6
CA,California,AB2811,Attorneys: court filings: artificial intelligence.,1,Introduced,2024,2024-02-15,"Program and documentation, General notice",2,Legal/Judicial,['Josh Lowenthal'],https://legiscan.com/CA/bill/AB2811/2023,0,1,0,1,Pending - Some Exposure,0,0,0,0,0,24,2,16,6
CA,California,SB313,Department of Technology: Office of Artificial Intelligence: state agency public interface: use of AI.,6,Failed,2024,2024-02-01,"Program and documentation, General notice, Nondiscrimination",3,Government,"['Bill Dodd', 'Melissa Hurtado']",https://legiscan.com/CA/bill/SB313/2023,1,1,0,2,Pending - High Exposure,0,1,0,1,0,24,2,16,6
CA,California,AB2905,Telecommunications: automatic dialing-announcing devices: artificial voices.,4,Passed,2024,2024-09-20,General notice,1,Telecommunications,"['Jim Patterson', 'Evan Low']",https://legiscan.com/CA/bill/AB2905/2023,0,1,0,1,Moderate Risk,0,0,0,0,0,24,2,16,6
CA,California,AB3204,Data Digesters Registration Act.,1,Introduced,2024,2024-02-16,"Program and documentation, General notice, Registration",3,Licensing,['Rebecca Bauer-Kahan'],https://legiscan.com/CA/bill/AB3204/2023,0,1,0,1,Pending - Some Exposure,0,0,0,0,0,24,2,16,6
CA,California,SB1220,Public benefits contracts: phone operator jobs.,5,Vetoed,2024,2024-09-22,Program and documentation,1,Employment,"['Monique Limon', 'Susan Rubio']",https://legiscan.com/CA/bill/SB1220/2023,0,0,0,0,Pending - Low Exposure,0,0,0,0,0,24,2,16,6
CA,California,AB2877,California Consumer Privacy Act of 2018: artificial intelligence: training.,2,Engrossed,2024,2024-05-20,"Program and documentation, Responsible individual",2,Privacy,['Rebecca Bauer-Kahan'],https://legiscan.com/CA/bill/AB2877/2023,0,0,0,0,Pending - Low Exposure,0,0,0,0,0,24,2,16,6
CA,California,SB398,Department of Technology: advanced technology: research.,6,Failed,2024,2024-02-01,,0,General/Other,"['Aisha Wahab', 'Monique Limon']",https://legiscan.com/CA/bill/SB398/2023,0,0,0,0,Pending - Low Exposure,0,0,0,0,0,24,2,16,6
CA,California,AB3058,California Unconditional Benefit Program: employment replaced by automation or artificial intelligence: pilot program.,1,Introduced,2024,2024-02-16,"Program and documentation, Nondiscrimination",2,Employment,['Evan Low'],https://legiscan.com/CA/bill/AB3058/2023,1,0,0,1,Pending - Some Exposure,0,0,0,0,0,24,2,16,6
CA,California,AB3211,California Digital Content Provenance Standards.,2,Engrossed,2024,2024-05-22,"Program and documentation, General notice, Labeling/notification, Opt out/appeal",4,AI Governance,['Buffy Wicks'],https://legiscan.com/CA/bill/AB3211/2023,0,1,0,1,Pending - Some Exposure,0,0,0,0,0,24,2,16,6
CA,California,SB1229,Insurance disclosures.,1,Introduced,2024,2024-02-15,General notice,1,Healthcare,['Janet Nguyen'],https://legiscan.com/CA/bill/SB1229/2023,0,1,0,1,Pending - Some Exposure,0,0,0,0,0,24,2,16,6
CA,California,AB1282,Mental health: impacts of social media.,4,Passed,2024,2024-09-28,Program and documentation,1,Healthcare,"['Josh Lowenthal', 'Joaquin Arambula', 'Damon Connolly', 'Al Muratsuchi', 'Carlos Villapudua']",https://legiscan.com/CA/bill/AB1282/2023,0,0,0,0,Low Risk,0,0,0,0,0,24,2,16,6
CA,California,SB1381,Crimes: child pornography.,4,Passed,2024,2024-09-29,,0,Criminal; Children,"['Rosilicie Ochoa Bogh', 'Aisha Wahab', 'Marc Berman', 'Steven Bradford', 'Dave Cortese', 'Diane Dixon', 'Shannon Grove', 'Brian Jones', 'Susan Rubio', 'Pilar Schiavo', 'Kelly Seyarto', 'Nancy Skinner', 'Stephanie Nguyen']",https://legiscan.com/CA/bill/SB1381/2023,0,0,0,0,Low Risk,1,0,0,1,0,24,2,16,6
CA,California,AB2930,Automated decision systems.,2,Engrossed,2024,2024-05-21,"Program and documentation, Assessments, Responsible individual, General notice, Explanation/incident reporting, Developer documentation, Opt out/appeal, Nondiscrimination",8,AI Governance,['Rebecca Bauer-Kahan'],https://legiscan.com/CA/bill/AB2930/2023,1,1,1,3,Pending - High Exposure,0,0,0,0,0,24,2,16,6
CA,California,AB2839,Elections: deceptive media in advertisements.,4,Passed,2024,2024-09-17,"Program and documentation, General notice",2,Deepfakes; Elections,"['Marc Berman', 'Gail Pellerin', 'Sabrina Cervantes', 'Josh Becker', 'Steve Bennett', 'Bill Dodd', 'Corey Jackson', 'Sharon Quirk-Silva', 'Philip Ting', 'Avelino Valencia', 'Akilah Weber Pierson', 'Jim Wood']",https://legiscan.com/CA/bill/AB2839/2023,0,1,0,1,Moderate Risk,0,0,0,0,0,24,2,16,6
CA,California,AB2370,Community colleges: faculty: instructor of record: qualifications.,4,Passed,2024,2024-07-02,Program and documentation,1,Education,['Sabrina Cervantes'],https://legiscan.com/CA/bill/AB2370/2023,0,0,0,0,Low Risk,0,0,0,0,0,24,2,16,6
CA,California,AB1824,California Consumer Privacy Act of 2018: opt out right: mergers.,4,Passed,2024,2024-09-29,General notice,1,Privacy,['Avelino Valencia'],https://legiscan.com/CA/bill/AB1824/2023,0,1,0,1,Moderate Risk,0,0,0,0,0,24,2,16,6
CA,California,AB1791,Digital content provenance.,2,Engrossed,2024,2024-05-21,"Program and documentation, General notice",2,AI Governance,['Akilah Weber Pierson'],https://legiscan.com/CA/bill/AB1791/2023,0,1,0,1,Pending - Some Exposure,0,0,0,0,0,24,2,16,6
CA,California,AB2602,Contracts against public policy: personal or professional services: digital replicas.,4,Passed,2024,2024-09-17,"Program and documentation, General notice, Opt out/appeal",3,Digital Content/IP,"['Isaac Bryan', 'Laura Friedman', 'Ash Kalra', 'Matt Haney', 'Tina McKinnor', 'Pilar Schiavo']",https://legiscan.com/CA/bill/AB2602/2023,0,1,0,1,Moderate Risk,0,0,0,0,0,24,2,16,6
CA,California,SB294,Health care coverage: independent medical review.,2,Engrossed,2024,2024-01-29,,0,Healthcare,"['Scott Wiener', 'Josh Becker', 'Eduardo Garcia', 'Gail Pellerin', 'Susan Rubio', 'Pilar Schiavo']",https://legiscan.com/CA/bill/SB294/2023,0,0,0,0,Pending - Low Exposure,0,0,0,0,0,24,2,16,6
CA,California,SCR17,Artificial intelligence.,4,Passed,2023,2023-08-23,"Program and documentation, General notice, Nondiscrimination",3,General/Other,"['Bill Dodd', 'Dawn Addis', 'Cecilia Aguiar-Curry', 'Juan Alanis', 'David Alvarez', 'Joaquin Arambula', 'Jasmeet Bains', 'Rebecca Bauer-Kahan', 'Steve Bennett', 'Marc Berman', 'Blanca Rubio', 'Tasha Boerner Horvath', 'Mia Bonta', 'Isaac Bryan', 'Lisa Calderon', 'Sabrina Cervantes', 'Damon Connolly', 'Diane Dixon', 'Laura Friedman', 'Jesse Gabriel', 'Mike Gipson', 'Tim Grayson', 'Matt Haney', 'Gregg Hart', 'Chris Holden', 'Jacqui Irwin', 'Corey Jackson', 'Reginald Jones-Sawyer', 'Juan Carrillo', 'Ash Kalra', 'Alex Lee', 'Evan Low', 'Josh Lowenthal', 'Luz Rivas', 'Brian Maienschein', 'Kevin McCarty', 'Tina McKinnor', 'Mike Fong', 'Al Muratsuchi', 'Liz Ortega', 'Blanca Pacheco', 'Diane Papan', 'Gail Pellerin', 'Cottie Petrie-Norris', 'Sharon Quirk-Silva', 'James Ramos', 'Anthony Rendon', 'Eloise Reyes', 'Robert Rivas', 'Freddie Rodriguez', 'Miguel Santiago', 'Pilar Schiavo', 'Esmeralda Soria', 'Philip Ting', 'Avelino Valencia', 'Carlos Villapudua', 'Marie Waldron', 'Greg Wallis', 'Chris Ward', 'Akilah Weber Pierson', 'Wendy Carrillo', 'Buffy Wicks', 'Lori Wilson', 'Jim Wood', 'Rick Zbur']",https://legiscan.com/CA/bill/SCR17/2023,1,1,0,2,High Risk,0,0,0,0,0,24,2,16,6
CA,California,AB2655,Defending Democracy from Deepfake Deception Act of 2024.,4,Passed,2024,2024-09-17,"Program and documentation, Labeling/notification",2,Deepfakes,"['Marc Berman', 'Gail Pellerin', 'Sabrina Cervantes', 'Steve Bennett']",https://legiscan.com/CA/bill/AB2655/2023,0,0,0,0,Low Risk,0,0,0,0,0,24,2,16,6
CA,California,AB302,Department of Technology: high-risk automated decision systems: inventory.,4,Passed,2023,2023-10-13,"Program and documentation, Assessments",2,AI Governance,"['Chris Ward', 'Benjamin Allen', 'Akilah Weber Pierson']",https://legiscan.com/CA/bill/AB302/2023,0,0,1,1,Moderate Risk,0,0,0,0,0,24,2,16,6
CA,California,AB2058,Devices:disclosures.,5,Vetoed,2024,2024-09-29,Program and documentation,1,AI Governance,['Akilah Weber Pierson'],https://legiscan.com/CA/bill/AB2058/2023,0,0,0,0,Pending - Low Exposure,0,0,0,0,0,24,2,16,6
CA,California,AB1027,Social media platforms: drug safety policies.,4,Passed,2023,2023-10-13,,0,Healthcare,['Cottie Petrie-Norris'],https://legiscan.com/CA/bill/AB1027/2023,0,0,0,0,Low Risk,0,0,0,0,0,24,2,16,6
CA,California,SB1446,Grocery retail store and retail drug establishment employees: self-service checkout and consequential workplace technology.,2,Engrossed,2024,2024-05-21,Program and documentation,1,Healthcare,"['Lola Smallwood-Cuevas', 'Mike Gipson', 'Josh Lowenthal', 'Tina McKinnor', 'Liz Ortega']",https://legiscan.com/CA/bill/SB1446/2023,0,0,0,0,Pending - Low Exposure,0,0,0,0,0,24,2,16,6
CA,California,AJR6,Artificial intelligence.,1,Introduced,2023,2023-05-04,"Program and documentation, Assessments, Third-party review",3,General/Other,['Bill Essayli'],https://legiscan.com/CA/bill/AJR6/2023,0,0,1,1,Pending - Some Exposure,0,0,0,0,0,24,2,16,6
CA,California,AB459,Peace officers: Attorney General: reports.,2,Engrossed,2023,2023-05-31,,0,Legal/Judicial,"['Ash Kalra', 'Matt Haney']",https://legiscan.com/CA/bill/AB459/2023,0,0,0,0,Pending - Low Exposure,0,0,0,0,0,24,2,16,6
CA,California,SCR121,International Women’s Day.,4,Passed,2024,2024-05-31,,0,General/Other,"['Aisha Wahab', 'Toni Atkins', 'Catherine Blakespear', 'Anna Caballero', 'Melissa Hurtado', 'Monique Limon', 'Caroline Menjivar', 'Rosilicie Ochoa Bogh', 'Susan Rubio', 'Nancy Skinner']",https://legiscan.com/CA/bill/SCR121/2023,0,0,0,0,Low Risk,0,0,0,0,0,24,2,16,6
CA,California,ACR96,23 Asilomar AI Principles.,2,Engrossed,2023,2023-08-14,"Program and documentation, Assessments, Responsible individual, Explanation/incident reporting, Nondiscrimination",5,General/Other,"['Josh Hoover', 'Dawn Addis', 'Juan Alanis', 'David Alvarez', 'Joaquin Arambula', 'Jasmeet Bains', 'Rebecca Bauer-Kahan', 'Steve Bennett', 'Marc Berman', 'Blanca Rubio', 'Tasha Boerner Horvath', 'Isaac Bryan', 'Lisa Calderon', 'Sabrina Cervantes', 'Phillip Chen', 'Damon Connolly', 'Laurie Davies', 'Diane Dixon', 'Bill Essayli', 'Heath Flora', 'Laura Friedman', 'Jesse Gabriel', 'James Gallagher', 'Mike Gipson', 'Tim Grayson', 'Matt Haney', 'Gregg Hart', 'Chris Holden', 'Jacqui Irwin', 'Corey Jackson', 'Jim Patterson', 'Joe Patterson', 'Reginald Jones-Sawyer', 'Juan Carrillo', 'Tom Lackey', 'Evan Low', 'Josh Lowenthal', 'Luz Rivas', 'Brian Maienschein', 'Devon Mathis', 'Megan Dahle', 'Mike Fong', 'Liz Ortega', 'Blanca Pacheco', 'Diane Papan', 'Gail Pellerin', 'Cottie Petrie-Norris', 'Sharon Quirk-Silva', 'Anthony Rendon', 'Eloise Reyes', 'Robert Rivas', 'Freddie Rodriguez', 'Kate Sanchez', 'Miguel Santiago', 'Pilar Schiavo', 'Esmeralda Soria', 'Tri Ta', 'Philip Ting', 'Avelino Valencia', 'Carlos Villapudua', 'Vince Fong', 'Marie Waldron', 'Greg Wallis', 'Chris Ward', 'Akilah Weber Pierson', 'Wendy Carrillo', 'Buffy Wicks', 'Lori Wilson', 'Jim Wood', 'Rick Zbur']",https://legiscan.com/CA/bill/ACR96/2023,1,0,1,2,Pending - High Exposure,0,0,0,0,0,24,2,16,6
CA,California,AB1008,California Consumer Privacy Act of 2018: personal information.,4,Passed,2024,2024-09-28,"Program and documentation, Registration",2,Privacy,['Rebecca Bauer-Kahan'],https://legiscan.com/CA/bill/AB1008/2023,0,0,0,0,Low Risk,0,0,0,0,0,24,2,16,6
CA,California,SB1228,User identity authentication.,1,Introduced,2024,2024-02-15,"Program and documentation, General notice",2,Cybersecurity,['Steve Padilla'],https://legiscan.com/CA/bill/SB1228/2023,0,1,0,1,Pending - Some Exposure,0,0,0,0,0,24,2,16,6
CA,California,AB2412,Healing arts: California Body Contouring Council: practitioners.,1,Introduced,2024,2024-02-12,"Program and documentation, Responsible individual, General notice, Registration",4,AI Policy/Task Forces,['Eloise Reyes'],https://legiscan.com/CA/bill/AB2412/2023,0,1,0,1,Pending - Some Exposure,0,0,0,0,0,24,2,16,6
CA,California,AB3095,Artificial intelligence.,1,Introduced,2024,2024-02-16,Program and documentation,1,General/Other,['Marie Waldron'],https://legiscan.com/CA/bill/AB3095/2023,0,0,0,0,Pending - Low Exposure,0,0,0,0,0,24,2,16,6
CA,California,AB1526,Public resources.,4,Passed,2023,2023-10-13,"Program and documentation, Assessments",2,General/Other,['Natural Resources'],https://legiscan.com/CA/bill/AB1526/2023,0,0,1,1,Moderate Risk,0,0,0,0,0,24,2,16,6
CA,California,AB1873,Crimes: sexual exploitation of a child.,1,Introduced,2024,2024-01-22,,0,Criminal; Children,['Kate Sanchez'],https://legiscan.com/CA/bill/AB1873/2023,0,0,0,0,Pending - Low Exposure,1,0,0,1,0,24,2,16,6
CA,California,SCR162,Alzheimer’s and Brain Awareness Month and The Longest Day.,4,Passed,2024,2024-08-13,,0,General/Other,['Benjamin Allen'],https://legiscan.com/CA/bill/SCR162/2023,0,0,0,0,Low Risk,0,0,0,0,0,24,2,16,6
CA,California,ACR227,Women in Animation.,4,Passed,2024,2024-08-23,,0,General/Other,"['Greg Wallis', 'Blanca Pacheco']",https://legiscan.com/CA/bill/ACR227/2023,0,0,0,0,Low Risk,0,0,0,0,0,24,2,16,6
CA,California,AB3050,Artificial intelligence.,1,Introduced,2024,2024-02-16,"Program and documentation, Labeling/notification, Nondiscrimination",3,General/Other,['Evan Low'],https://legiscan.com/CA/bill/AB3050/2023,1,0,0,1,Pending - Some Exposure,0,0,0,0,0,24,2,16,6
CA,California,AB2200,Guaranteed Health Care for All.,1,Introduced,2024,2024-02-07,"Program and documentation, Responsible individual, General notice, Nondiscrimination",4,Healthcare,"['Ash Kalra', 'Isaac Bryan', 'Damon Connolly', 'Dave Cortese', 'Lena Gonzalez', 'Alex Lee', 'Wendy Carrillo', 'Dawn Addis', 'Josh Becker', 'Mia Bonta', 'Laura Friedman', 'Matt Haney', 'Chris Holden', 'Corey Jackson', 'John Laird', 'Luz Rivas', 'Kevin McCarty', 'Tina McKinnor', 'Liz Ortega', 'Eloise Reyes', 'Miguel Santiago', 'Philip Ting']",https://legiscan.com/CA/bill/AB2200/2023,1,1,0,2,Pending - High Exposure,0,0,0,0,0,24,2,16,6
CA,California,AB2512,Telecommunications: automatic dialing-announcing devices: artificial voices.,1,Introduced,2024,2024-02-13,Program and documentation,1,Telecommunications,['Jim Patterson'],https://legiscan.com/CA/bill/AB2512/2023,0,0,0,0,Pending - Low Exposure,0,0,0,0,0,24,2,16,6
CA,California,AB863,Carpet recycling: producer responsibility organizations: fines: succession: training.,4,Passed,2024,2024-09-27,Program and documentation,1,AI Governance,"['Cecilia Aguiar-Curry', 'Bill Dodd']",https://legiscan.com/CA/bill/AB863/2023,0,0,0,0,Low Risk,0,0,0,0,0,24,2,16,6
CA,California,SB1070,Health care district: County of Imperial.,4,Passed,2024,2024-09-30,Program and documentation,1,Healthcare,"['Steve Padilla', 'Eduardo Garcia']",https://legiscan.com/CA/bill/SB1070/2023,0,0,0,0,Low Risk,0,0,0,0,0,24,2,16,6
CA,California,SB1223,Consumer privacy: sensitive personal information: neural data.,4,Passed,2024,2024-09-28,,0,Privacy,['Josh Becker'],https://legiscan.com/CA/bill/SB1223/2023,0,0,0,0,Low Risk,0,0,0,0,0,24,2,16,6
CA,California,SB1154,California Preventing Algorithmic Collusion Act of 2024.,1,Introduced,2024,2024-02-14,"Program and documentation, Assessments",2,AI Governance,"['Melissa Hurtado', 'Bob Archuleta', 'Dave Cortese']",https://legiscan.com/CA/bill/SB1154/2023,0,0,1,1,Pending - Some Exposure,0,0,0,0,0,24,2,16,6
CA,California,ACR219,California Social Media Users’ Bill of Rights.,1,Introduced,2024,2024-06-20,"Program and documentation, Assessments, General notice, Explanation/incident reporting, Third-party review, Opt out/appeal, Nondiscrimination",7,Social Media,['Josh Lowenthal'],https://legiscan.com/CA/bill/ACR219/2023,1,1,1,3,Pending - High Exposure,0,0,0,0,0,24,2,16,6
CA,California,AB108,Budget Act of 2024.,2,Engrossed,2023,2023-03-23,,0,Government,['Jesse Gabriel'],https://legiscan.com/CA/bill/AB108/2023,0,0,0,0,Pending - Low Exposure,0,0,0,0,0,24,2,16,6
CA,California,SB108,Budget Act of 2024.,4,Passed,2024,2024-06-29,,0,Government,['Scott Wiener'],https://legiscan.com/CA/bill/SB108/2023,0,0,0,0,Low Risk,0,0,0,0,0,24,2,16,6
CA,California,AB2928,Budget Act of 2022.,1,Introduced,2024,2024-02-15,Program and documentation,1,Government,['Heath Flora'],https://legiscan.com/CA/bill/AB2928/2023,0,0,0,0,Pending - Low Exposure,0,0,0,0,0,24,2,16,6
CA,California,AB158,Budget Acts of 2022 and 2023.,4,Passed,2024,2024-09-30,,0,Government,['Jesse Gabriel'],https://legiscan.com/CA/bill/AB158/2023,0,0,0,0,Low Risk,0,0,0,0,0,24,2,16,6
CA,California,SB158,Budget Acts of 2022 and 2023.,2,Engrossed,2023,2023-03-27,,0,Government,['Scott Wiener'],https://legiscan.com/CA/bill/SB158/2023,0,0,0,0,Pending - Low Exposure,0,0,0,0,0,24,2,16,6
CA,California,AB100,Budget Acts of 2021 and 2022.,4,Passed,2023,2023-05-15,,0,Government,['Philip Ting'],https://legiscan.com/CA/bill/AB100/2023,0,0,0,0,Low Risk,0,0,0,0,0,24,2,16,6
CA,California,AB103,Budget Acts of 2021 and 2022.,4,Passed,2023,2023-06-30,,0,Government,['Philip Ting'],https://legiscan.com/CA/bill/AB103/2023,0,0,0,0,Low Risk,0,0,0,0,0,24,2,16,6
CA,California,SB100,Budget Acts of 2021 and 2022.,2,Engrossed,2023,2023-03-27,,0,Government,['Nancy Skinner'],https://legiscan.com/CA/bill/SB100/2023,0,0,0,0,Pending - Low Exposure,0,0,0,0,0,24,2,16,6
CA,California,SB103,Budget Acts of 2021 and 2022.,2,Engrossed,2023,2023-03-27,,0,Government,['Nancy Skinner'],https://legiscan.com/CA/bill/SB103/2023,0,0,0,0,Pending - Low Exposure,0,0,0,0,0,24,2,16,6
CA,California,AB106,Budget Acts of 2022 and 2023.,4,Passed,2024,2024-04-15,,0,Government,['Jesse Gabriel'],https://legiscan.com/CA/bill/AB106/2023,0,0,0,0,Low Risk,0,0,0,0,0,24,2,16,6
CA,California,SB106,Budget Acts of 2022 and 2023.,2,Engrossed,2023,2023-03-27,,0,Government,['Scott Wiener'],https://legiscan.com/CA/bill/SB106/2023,0,0,0,0,Pending - Low Exposure,0,0,0,0,0,24,2,16,6
CA,California,AB118,Budget Act of 2023: health.,4,Passed,2023,2023-07-10,,0,Healthcare,['Budget'],https://legiscan.com/CA/bill/AB118/2023,0,0,0,0,Low Risk,0,0,0,0,0,24,2,16,6
CA,California,AB107,Budget Act of 2024.,4,Passed,2024,2024-06-26,,0,Government,['Jesse Gabriel'],https://legiscan.com/CA/bill/AB107/2023,0,0,0,0,Low Risk,0,0,0,0,0,24,2,16,6
CA,California,SB118,Budget Act of 2023: health.,2,Engrossed,2023,2023-03-27,,0,Healthcare,['Budget and Fiscal Review'],https://legiscan.com/CA/bill/SB118/2023,0,0,0,0,Pending - Low Exposure,0,0,0,0,0,24,2,16,6
CA,California,SB107,Budget Act of 2024.,2,Engrossed,2023,2023-03-27,,0,Government,['Scott Wiener'],https://legiscan.com/CA/bill/SB107/2023,0,0,0,0,Pending - Low Exposure,0,0,0,0,0,24,2,16,6
CA,California,SB1525,Maintenance of the codes.,4,Passed,2024,2024-07-02,"Program and documentation, General notice, Registration, Opt out/appeal",4,General/Other,['Judiciary'],https://legiscan.com/CA/bill/SB1525/2023,0,1,0,1,Moderate Risk,0,0,0,0,0,24,2,16,6
CA,California,SB104,Budget Acts of 2022 and 2023.,4,Passed,2023,2023-09-13,,0,Government,['Nancy Skinner'],https://legiscan.com/CA/bill/SB104/2023,0,0,0,0,Low Risk,0,0,0,0,0,24,2,16,6
CA,California,SB159,Health.,4,Passed,2024,2024-06-29,,0,Healthcare,['Budget and Fiscal Review'],https://legiscan.com/CA/bill/SB159/2023,0,0,0,0,Low Risk,0,0,0,0,0,24,2,16,6
CA,California,AB104,Budget Acts of 2022 and 2023.,2,Engrossed,2023,2023-03-23,,0,Government,['Philip Ting'],https://legiscan.com/CA/bill/AB104/2023,0,0,0,0,Pending - Low Exposure,0,0,0,0,0,24,2,16,6
CA,California,AB159,Health.,2,Engrossed,2023,2023-03-23,,0,Healthcare,['Budget'],https://legiscan.com/CA/bill/AB159/2023,0,0,0,0,Pending - Low Exposure,0,0,0,0,0,24,2,16,6
CA,California,AB1754,Maintenance of the codes.,4,Passed,2023,2023-07-27,"Program and documentation, General notice, Registration, Opt out/appeal",4,General/Other,['Judiciary'],https://legiscan.com/CA/bill/AB1754/2023,0,1,0,1,Moderate Risk,0,0,0,0,0,24,2,16,6
CA,California,SB524,Law enforcement agencies: artificial intelligence.,4,Passed,2025,2025-10-10,"Program and documentation, Labeling/notification, Explanation/incident reporting",3,Criminal,"['Jesse Arreguin', 'Nick Schultz']",https://legiscan.com/CA/bill/SB524/2025,0,0,0,0,Low Risk,0,0,0,0,0,24,2,16,6
CA,California,SB813,Multistakeholder regulatory organizations.,1,Introduced,2025,2025-02-21,,0,General/Other,['Jerry McNerney'],https://legiscan.com/CA/bill/SB813/2025,0,0,0,0,Pending - Low Exposure,0,0,0,0,0,24,2,16,6
CA,California,SB11,Artificial intelligence technology.,5,Vetoed,2025,2025-10-13,"Program and documentation, General notice",2,General/Other,['Angelique Ashby'],https://legiscan.com/CA/bill/SB11/2025,0,1,0,1,Pending - Some Exposure,0,0,0,0,0,24,2,16,6
CA,California,AB512,Health care coverage: prior authorization.,5,Vetoed,2025,2025-10-06,"Program and documentation, Responsible individual, General notice, Explanation/incident reporting, Nondiscrimination",5,Healthcare,"['John Harabedian', 'Darshana Patel']",https://legiscan.com/CA/bill/AB512/2025,1,1,0,2,Pending - High Exposure,0,0,0,0,0,24,2,16,6
CA,California,AB1064,Leading Ethical AI Development (LEAD) for Kids Act.,5,Vetoed,2025,2025-10-13,"Program and documentation, Assessments, Responsible individual, General notice, Explanation/incident reporting, Registration, Third-party review, Opt out/appeal",8,Children,"['Rebecca Bauer-Kahan', 'Gail Pellerin']",https://legiscan.com/CA/bill/AB1064/2025,0,1,1,2,Pending - High Exposure,0,0,0,0,0,24,2,16,6
CA,California,SB833,Critical infrastructure: artificial intelligence systems: human oversight.,2,Engrossed,2025,2025-06-03,Program and documentation,1,AI Governance,['Jerry McNerney'],https://legiscan.com/CA/bill/SB833/2025,0,0,0,0,Pending - Low Exposure,0,0,1,1,0,24,2,16,6
CA,California,SB503,Health care services: artificial intelligence.,2,Engrossed,2025,2025-05-29,Program and documentation,1,Healthcare,"['Akilah Weber Pierson', 'Mia Bonta', 'Isaac Bryan', 'Sade Elhawary', 'Mike Gipson', 'Corey Jackson', 'Tina McKinnor', 'Rhodesia Ransom', 'Laura Richardson', 'LaShae Sharp-Collins', 'Lola Smallwood-Cuevas', 'Lori Wilson']",https://legiscan.com/CA/bill/SB503/2025,0,0,0,0,Pending - Low Exposure,0,0,0,0,0,24,2,16,6
CA,California,SB53,Artificial intelligence models: large developers.,4,Passed,2025,2025-09-29,"Program and documentation, Assessments",2,AI Governance,"['Scott Wiener', 'Susan Rubio']",https://legiscan.com/CA/bill/SB53/2025,0,0,1,1,Moderate Risk,0,0,0,0,0,24,2,16,6
CA,California,SB420,Automated decision systems.,2,Engrossed,2025,2025-06-02,"Program and documentation, Assessments, Explanation/incident reporting, Opt out/appeal, Nondiscrimination",5,AI Governance,['Steve Padilla'],https://legiscan.com/CA/bill/SB420/2025,1,0,1,2,Pending - High Exposure,0,0,0,0,0,24,2,16,6
CA,California,AB489,Health care professions: deceptive terms or letters: artificial intelligence.,4,Passed,2025,2025-10-11,"Program and documentation, Labeling/notification",2,Healthcare,"['Mia Bonta', 'Dawn Addis', 'Angelique Ashby', 'Jasmeet Bains', 'Marc Berman', 'Josh Lowenthal', 'Gail Pellerin', 'Akilah Weber Pierson', 'Lori Wilson']",https://legiscan.com/CA/bill/AB489/2025,0,0,0,0,Low Risk,0,0,0,0,0,24,2,16,6
CA,California,AB412,Generative artificial intelligence: training data: copyrighted materials.,2,Engrossed,2025,2025-05-12,"Program and documentation, General notice, Developer documentation",3,AI Governance,"['Rebecca Bauer-Kahan', 'Ash Kalra']",https://legiscan.com/CA/bill/AB412/2025,0,1,0,1,Pending - Some Exposure,0,0,0,0,0,24,2,16,6
CA,California,AB316,Artificial intelligence: defenses.,4,Passed,2025,2025-10-13,"Program and documentation, Developer documentation",2,Weapons/Defense,['Maggy Krell'],https://legiscan.com/CA/bill/AB316/2025,0,0,0,0,Low Risk,0,0,0,0,0,24,2,16,6
CA,California,AB853,California AI Transparency Act.,4,Passed,2025,2025-10-13,"Program and documentation, General notice, Opt out/appeal",3,AI Governance,"['Buffy Wicks', 'Josh Becker', 'Rick Zbur']",https://legiscan.com/CA/bill/AB853/2025,0,1,0,1,Moderate Risk,0,0,0,0,0,24,2,16,6
CA,California,SB579,Mental health and artificial intelligence working group.,1,Introduced,2025,2025-02-20,"Program and documentation, Assessments, Responsible individual",3,Healthcare,['Steve Padilla'],https://legiscan.com/CA/bill/SB579/2025,0,0,1,1,Pending - Some Exposure,0,0,0,0,0,24,2,16,6
CA,California,AB979,California Cybersecurity Integration Center: artificial intelligence.,4,Passed,2025,2025-10-03,Program and documentation,1,Cybersecurity,"['Jacqui Irwin', 'Jerry McNerney']",https://legiscan.com/CA/bill/AB979/2025,0,0,0,0,Low Risk,0,0,0,0,0,24,2,16,6
CA,California,SB243,Companion chatbots.,4,Passed,2025,2025-10-13,"Program and documentation, Assessments, General notice, Third-party review",4,AI Governance,"['Josh Becker', 'Steve Padilla', 'Josh Lowenthal', 'Gail Pellerin', 'Susan Rubio', 'Henry Stern', 'Akilah Weber Pierson']",https://legiscan.com/CA/bill/SB243/2025,0,1,1,2,High Risk,0,0,0,0,0,24,2,16,6
CA,California,AB1405,Artificial intelligence: auditors: enrollment.,2,Engrossed,2025,2025-06-02,"Program and documentation, Responsible individual, General notice, Registration",4,AI Governance,"['Rebecca Bauer-Kahan', 'Scott Wiener']",https://legiscan.com/CA/bill/AB1405/2025,0,1,0,1,Pending - Some Exposure,0,0,0,0,0,24,2,16,6
CA,California,SCR82,Public higher education: artificial intelligence usage.,2,Engrossed,2025,2025-07-10,"Program and documentation, General notice",2,Education,['Roger Niello'],https://legiscan.com/CA/bill/SCR82/2025,0,1,0,1,Pending - Some Exposure,0,0,0,0,0,24,2,16,6
CA,California,AB1137,Reporting mechanism: child sexual abuse material.,1,Introduced,2025,2025-02-20,"Program and documentation, Developer documentation",2,Children,"['Maggy Krell', 'Buffy Wicks', 'Ash Kalra', 'Alexandra Macedo', 'Catherine Stefani']",https://legiscan.com/CA/bill/AB1137/2025,0,0,0,0,Pending - Low Exposure,1,0,0,1,0,24,2,16,6
CA,California,AB410,Bots: disclosure.,2,Engrossed,2025,2025-06-03,"General notice, Labeling/notification",2,AI Governance,"['Lori Wilson', 'Mia Bonta']",https://legiscan.com/CA/bill/AB410/2025,0,1,0,1,Pending - Some Exposure,0,0,0,0,0,24,2,16,6
CA,California,SB366,Employment: artificial intelligence.,1,Introduced,2025,2025-02-13,"Program and documentation, Assessments",2,Employment,['Lola Smallwood-Cuevas'],https://legiscan.com/CA/bill/SB366/2025,0,0,1,1,Pending - Some Exposure,0,0,0,0,0,24,2,16,6
CA,California,AB1159,Student personal information.,1,Introduced,2025,2025-02-20,"Program and documentation, General notice, Labeling/notification, Opt out/appeal",4,Education; Privacy,['Dawn Addis'],https://legiscan.com/CA/bill/AB1159/2025,0,1,0,1,Pending - Some Exposure,0,0,0,0,0,24,2,16,6
CA,California,SB468,High-risk artificial intelligence systems: duty to protect personal information.,1,Introduced,2025,2025-02-19,"Program and documentation, Responsible individual, Training, Developer documentation",4,Privacy,['Josh Becker'],https://legiscan.com/CA/bill/SB468/2025,0,0,0,0,Pending - Low Exposure,0,0,0,0,0,24,2,16,6
CA,California,AB222,Data centers: power usage effectiveness: cost shifts.,2,Engrossed,2025,2025-06-02,"Program and documentation, General notice",2,Infrastructure,['Rebecca Bauer-Kahan'],https://legiscan.com/CA/bill/AB222/2025,0,1,0,1,Pending - Some Exposure,0,0,1,1,0,24,2,16,6
CA,California,AB682,Health care coverage reporting.,5,Vetoed,2025,2025-10-06,"Program and documentation, General notice, Opt out/appeal",3,Healthcare,"['Liz Ortega', 'Ash Kalra']",https://legiscan.com/CA/bill/AB682/2025,0,1,0,1,Pending - Some Exposure,0,0,0,0,0,24,2,16,6
CA,California,SB69,Artificial intelligence program: Attorney General.,2,Engrossed,2025,2025-05-28,,0,Legal/Judicial,['Jerry McNerney'],https://legiscan.com/CA/bill/SB69/2025,0,0,0,0,Pending - Low Exposure,0,0,0,0,0,24,2,16,6
CA,California,SB7,Employment: automated decision systems.,5,Vetoed,2025,2025-10-13,Program and documentation,1,Employment,"['Jerry McNerney', 'Isaac Bryan', 'Sade Elhawary']",https://legiscan.com/CA/bill/SB7/2025,0,0,0,0,Pending - Low Exposure,0,0,0,0,0,24,2,16,6
CA,California,SB384,Preventing Algorithmic Price Fixing Act: prohibition on certain price-setting algorithm uses.,2,Engrossed,2025,2025-06-03,Program and documentation,1,AI Governance,['Aisha Wahab'],https://legiscan.com/CA/bill/SB384/2025,0,0,0,0,Pending - Low Exposure,0,0,0,0,0,24,2,16,6
CA,California,AB1018,Automated decision systems.,2,Engrossed,2025,2025-06-02,"Program and documentation, Assessments, Responsible individual, General notice, Explanation/incident reporting, Third-party review, Opt out/appeal, Nondiscrimination",8,AI Governance,"['Rebecca Bauer-Kahan', 'Cecilia Aguiar-Curry', 'Isaac Bryan', 'Liz Ortega', 'Steve Padilla', 'Chris Ward']",https://legiscan.com/CA/bill/AB1018/2025,1,1,1,3,Pending - High Exposure,0,0,0,0,0,24,2,16,6
CA,California,SB771,Personal rights: liability: social media platforms.,5,Vetoed,2025,2025-10-13,Program and documentation,1,Social Media,"['Henry Stern', 'Isaac Bryan', 'John Harabedian', 'Ash Kalra', 'Josh Lowenthal', 'Liz Ortega', 'Gail Pellerin', 'Catherine Stefani', 'Rick Zbur']",https://legiscan.com/CA/bill/SB771/2025,0,0,0,0,Pending - Low Exposure,0,0,0,0,0,24,2,16,6
CA,California,AB1242,Language access.,2,Engrossed,2025,2025-06-03,,0,General/Other,"['Alex Lee', 'Stephanie Nguyen', 'Mia Bonta', 'Celeste Rodriguez', 'Maggy Krell']",https://legiscan.com/CA/bill/AB1242/2025,0,0,0,0,Pending - Low Exposure,0,0,0,0,0,24,2,16,6
CA,California,SB57,Electrical corporations: data centers: report.,4,Passed,2025,2025-10-11,Program and documentation,1,Infrastructure,"['Steve Padilla', 'Jerry McNerney', 'Henry Stern']",https://legiscan.com/CA/bill/SB57/2025,0,0,0,0,Low Risk,0,0,1,1,0,24,2,16,6
CA,California,AB1331,Workplace surveillance.,2,Engrossed,2025,2025-06-05,"Program and documentation, Nondiscrimination",2,Employment,"['Sade Elhawary', 'Josh Becker', 'Isaac Bryan', 'Dave Cortese', 'Mark Gonzalez', 'Jerry McNerney', 'Chris Ward']",https://legiscan.com/CA/bill/AB1331/2025,1,0,0,1,Pending - Some Exposure,0,0,0,0,0,24,2,16,6
CA,California,SB238,Workplace surveillance tools.,2,Engrossed,2025,2025-06-03,Program and documentation,1,Employment,['Lola Smallwood-Cuevas'],https://legiscan.com/CA/bill/SB238/2025,0,0,0,0,Pending - Low Exposure,0,0,0,0,0,24,2,16,6
CA,California,AB723,Real estate: digitally altered images: disclosure.,4,Passed,2025,2025-10-10,"General notice, Labeling/notification",2,Deepfakes,['Gail Pellerin'],https://legiscan.com/CA/bill/AB723/2025,0,1,0,1,Moderate Risk,0,0,0,0,0,24,2,16,6
CA,California,AB325,Cartwright Act: violations.,4,Passed,2025,2025-10-06,Program and documentation,1,General/Other,"['Cecilia Aguiar-Curry', 'Chris Ward']",https://legiscan.com/CA/bill/AB325/2025,0,0,0,0,Low Risk,0,0,0,0,0,24,2,16,6
CA,California,SB47,February 2025 bar exam: audit.,4,Passed,2025,2025-10-01,,0,AI Governance,"['Tom Umberg', 'Blanca Pacheco']",https://legiscan.com/CA/bill/SB47/2025,0,0,0,0,Low Risk,0,0,0,0,0,24,2,16,6
CA,California,SB259,Fair Online Pricing Act.,2,Engrossed,2025,2025-05-28,Nondiscrimination,1,General/Other,"['Aisha Wahab', 'Josh Lowenthal', 'Damon Connolly', 'Robert Garcia', 'Matt Haney', 'Ash Kalra']",https://legiscan.com/CA/bill/SB259/2025,1,0,0,1,Pending - Some Exposure,0,0,0,0,0,24,2,16,6
CA,California,SB295,California Preventing Algorithmic Collusion Act of 2025.,2,Engrossed,2025,2025-06-03,"Program and documentation, Assessments, General notice",3,AI Governance,"['Melissa Hurtado', 'Dave Cortese']",https://legiscan.com/CA/bill/SB295/2025,0,1,1,2,Pending - High Exposure,0,0,0,0,0,24,2,16,6
CA,California,SB253,State Bar of California.,4,Passed,2025,2025-10-06,,0,General/Other,"['Tom Umberg', 'Diane Dixon']",https://legiscan.com/CA/bill/SB253/2025,0,0,0,0,Low Risk,0,0,0,0,0,24,2,16,6
CA,California,AB392,Pornographic internet websites: consent.,2,Engrossed,2025,2025-06-05,Program and documentation,1,Adult Content,['Diane Dixon'],https://legiscan.com/CA/bill/AB392/2025,0,0,0,0,Pending - Low Exposure,0,0,0,0,0,24,2,16,6
CA,California,SB638,California Education Interagency Council: California Career Technical Education Incentive Grant Program.,4,Passed,2025,2025-10-07,Program and documentation,1,Education,"['Mike Fong', 'Steve Padilla', 'Bob Archuleta', 'Jesse Arreguin', 'Josh Becker', 'Dave Cortese', 'Tim Grayson', 'Melissa Hurtado', 'Mike McGuire', 'Sasha Renee Perez', 'Susan Rubio', 'Lola Smallwood-Cuevas', 'Akilah Weber Pierson', 'Al Muratsuchi']",https://legiscan.com/CA/bill/SB638/2025,0,0,0,0,Low Risk,0,0,0,0,0,24,2,16,6
CA,California,SJR2,Classified workers’ rights.,4,Passed,2025,2025-07-10,"Program and documentation, General notice, Registration, Opt out/appeal",4,Employment,"['Sabrina Cervantes', 'Dave Cortese', 'Dawn Addis', 'Cecilia Aguiar-Curry', 'Patrick Ahrens', 'David Alvarez', 'Joaquin Arambula', 'Jesse Arreguin', 'Jasmeet Bains', 'Rebecca Bauer-Kahan', 'Steve Bennett', 'Marc Berman', 'Blanca Rubio', 'Tasha Boerner Horvath', 'Mia Bonta', 'Isaac Bryan', 'Lisa Calderon', 'Juan Carrillo', 'Celeste Rodriguez', 'Damon Connolly', 'Sade Elhawary', 'Mike Fong', 'Jesse Gabriel', 'Robert Garcia', 'Mike Gipson', 'Lena Gonzalez', 'Matt Haney', 'John Harabedian', 'Gregg Hart', 'Jacqui Irwin', 'Corey Jackson', 'Ash Kalra', 'Maggy Krell', 'Josh Lowenthal', 'Mark Gonzalez', 'Tina McKinnor', 'Michelle Rodriguez', 'Al Muratsuchi', 'Stephanie Nguyen', 'Liz Ortega', 'Blanca Pacheco', 'Diane Papan', 'Darshana Patel', 'Gail Pellerin', 'Cottie Petrie-Norris', 'James Ramos', 'Rhodesia Ransom', 'Robert Rivas', 'Chris Rogers', 'Pilar Schiavo', 'Nick Schultz', 'LaShae Sharp-Collins', 'Jose Solache', 'Esmeralda Soria', 'Catherine Stefani', 'Tom Umberg', 'Avelino Valencia', 'Chris Ward', 'Akilah Weber Pierson', 'Buffy Wicks', 'Lori Wilson', 'Rick Zbur', 'Anamarie Farias']",https://legiscan.com/CA/bill/SJR2/2025,0,1,0,1,Moderate Risk,0,0,0,0,0,24,2,16,6
CA,California,AB1170,Maintenance of the codes.,4,Passed,2025,2025-07-28,"Program and documentation, General notice, Registration, Opt out/appeal",4,General/Other,['Diane Dixon'],https://legiscan.com/CA/bill/AB1170/2025,0,1,0,1,Moderate Risk,0,0,0,0,0,24,2,16,6
CA,California,SB361,Data brokers: data collection and deletion.,4,Passed,2025,2025-10-08,"Program and documentation, General notice, Registration, Opt out/appeal",4,General/Other,['Josh Becker'],https://legiscan.com/CA/bill/SB361/2025,0,1,0,1,Moderate Risk,0,0,0,0,0,24,2,16,6
CA,California,AB93,Water resources: data centers.,5,Vetoed,2025,2025-10-11,Program and documentation,1,Infrastructure,['Diane Papan'],https://legiscan.com/CA/bill/AB93/2025,0,0,0,0,Pending - Low Exposure,0,0,1,1,0,24,2,16,6
CA,California,AB502,Elections: deceptive media in advertisements.,2,Engrossed,2025,2025-04-24,Program and documentation,1,Deepfakes; Elections,"['Marc Berman', 'Gail Pellerin']",https://legiscan.com/CA/bill/AB502/2025,0,0,0,0,Pending - Low Exposure,0,0,0,0,0,24,2,16,6
CA,California,AB279,School libraries: model library standards.,2,Engrossed,2025,2025-06-03,Program and documentation,1,Education,['Darshana Patel'],https://legiscan.com/CA/bill/AB279/2025,0,0,0,0,Pending - Low Exposure,0,0,0,0,0,24,2,16,6
CA,California,SCR91,Founding of the State of California.,4,Passed,2025,2025-09-18,,0,General/Other,['Marie Alvarado-Gil'],https://legiscan.com/CA/bill/SCR91/2025,0,0,0,0,Low Risk,0,0,0,0,0,24,2,16,6
CA,California,SB241,Community colleges: personnel: qualifications.,4,Passed,2025,2025-10-01,Program and documentation,1,Education,['Sabrina Cervantes'],https://legiscan.com/CA/bill/SB241/2025,0,0,0,0,Low Risk,0,0,0,0,0,24,2,16,6
CA,California,AB887,Pupil instruction: high schools: computer science courses: California Computer Science Demonstration Grant Program: reporting.,2,Engrossed,2025,2025-06-02,"Program and documentation, Responsible individual, General notice, Nondiscrimination",4,Education,"['Marc Berman', 'Josh Becker', 'Lori Wilson', 'Steve Bennett', 'Juan Carrillo']",https://legiscan.com/CA/bill/AB887/2025,1,1,0,2,Pending - High Exposure,0,0,1,1,0,24,2,16,6
CA,California,SB52,Housing rental terms: algorithmic devices.,2,Engrossed,2025,2025-06-02,"Program and documentation, Opt out/appeal",2,AI Governance,"['Sasha Renee Perez', 'Isaac Bryan', 'Alex Lee', 'Jesse Arreguin', 'Tasha Boerner Horvath', 'Mia Bonta', 'Josh Lowenthal']",https://legiscan.com/CA/bill/SB52/2025,0,0,0,0,Pending - Low Exposure,0,0,0,0,0,24,2,16,6
CA,California,SR63,Relative to Taiwan.,4,Passed,2025,2025-08-29,,0,General/Other,"['Jerry McNerney', 'Christopher Cabaldon', 'Steven Choi', 'Dave Cortese', 'Aisha Wahab']",https://legiscan.com/CA/bill/SR63/2025,0,0,0,0,Low Risk,0,0,0,0,0,24,2,16,6
CA,California,SB857,Public safety omnibus.,4,Passed,2025,2025-10-01,,0,General/Other,['Public Safety'],https://legiscan.com/CA/bill/SB857/2025,0,0,0,0,Low Risk,0,0,0,0,0,24,2,16,6
CA,California,SB354,Insurance Consumer Privacy Protection Act of 2025.,2,Engrossed,2025,2025-06-04,"Program and documentation, General notice, Opt out/appeal",3,Healthcare; Privacy,['Monique Limon'],https://legiscan.com/CA/bill/SB354/2025,0,1,0,1,Pending - Some Exposure,0,0,0,0,0,24,2,16,6
CA,California,AB1337,Information Practices Act of 1977.,2,Engrossed,2025,2025-06-02,"Program and documentation, Responsible individual, General notice",3,General/Other,['Chris Ward'],https://legiscan.com/CA/bill/AB1337/2025,0,1,0,1,Pending - Some Exposure,0,0,0,0,0,24,2,16,6
CA,California,AB1024,Department of Fish and Wildlife: San Gabriel Valley Bear Management and Community Safety Act.,1,Introduced,2025,2025-02-20,"Program and documentation, General notice",2,AI Governance,['John Harabedian'],https://legiscan.com/CA/bill/AB1024/2025,0,1,0,1,Pending - Some Exposure,0,0,0,0,0,24,2,16,6
CA,California,SB435,California Consumer Privacy Act of 2018: sensitive personal information.,2,Engrossed,2025,2025-06-04,"Program and documentation, Training",2,Privacy,"['Aisha Wahab', 'Mia Bonta']",https://legiscan.com/CA/bill/SB435/2025,0,0,0,0,Pending - Low Exposure,0,0,0,0,0,24,2,16,6
CA,California,AB104,Budget Act of 2025.,4,Passed,2025,2025-07-29,,0,Government,['Jesse Gabriel'],https://legiscan.com/CA/bill/AB104/2025,0,0,0,0,Low Risk,0,0,0,0,0,24,2,16,6
CA,California,SB102,Budget Act of 2025.,2,Engrossed,2025,2025-03-20,,0,Government,['Scott Wiener'],https://legiscan.com/CA/bill/SB102/2025,0,0,0,0,Pending - Low Exposure,0,0,0,0,0,24,2,16,6
CA,California,SB103,"Budget Acts of 2022, 2023, and 2024.",4,Passed,2025,2025-06-27,,0,Government,['Scott Wiener'],https://legiscan.com/CA/bill/SB103/2025,0,0,0,0,Low Risk,0,0,0,0,0,24,2,16,6
CA,California,AB102,Budget Act of 2025.,4,Passed,2025,2025-06-27,,0,Government,['Jesse Gabriel'],https://legiscan.com/CA/bill/AB102/2025,0,0,0,0,Low Risk,0,0,0,0,0,24,2,16,6
CA,California,AB103,"Budget Acts of 2022, 2023, and 2024.",2,Engrossed,2025,2025-03-20,,0,Government,['Jesse Gabriel'],https://legiscan.com/CA/bill/AB103/2025,0,0,0,0,Pending - Low Exposure,0,0,0,0,0,24,2,16,6
CA,California,SB104,Budget Act of 2025.,2,Engrossed,2025,2025-03-20,,0,Government,['Scott Wiener'],https://legiscan.com/CA/bill/SB104/2025,0,0,0,0,Pending - Low Exposure,0,0,0,0,0,24,2,16,6
CA,California,SB105,"Budget Acts of 2021, 2023, 2024, and 2025.",4,Passed,2025,2025-09-17,,0,Government,['Scott Wiener'],https://legiscan.com/CA/bill/SB105/2025,0,0,0,0,Low Risk,0,0,0,0,0,24,2,16,6
CA,California,AB105,"Budget Acts of 2021, 2023, 2024, and 2025.",2,Engrossed,2025,2025-03-20,,0,Government,['Jesse Gabriel'],https://legiscan.com/CA/bill/AB105/2025,0,0,0,0,Pending - Low Exposure,0,0,0,0,0,24,2,16,6
CA,California,SB101,Budget Act of 2025.,4,Passed,2025,2025-06-27,,0,Government,['Scott Wiener'],https://legiscan.com/CA/bill/SB101/2025,0,0,0,0,Low Risk,0,0,0,0,0,24,2,16,6
CA,California,AB101,Budget Act of 2025.,2,Engrossed,2025,2025-03-20,,0,Government,['Jesse Gabriel'],https://legiscan.com/CA/bill/AB101/2025,0,0,0,0,Pending - Low Exposure,0,0,0,0,0,24,2,16,6
CO,Colorado,SB032,Wildfire Detection Technology Pilot Program,2,Engrossed,2023,2023-04-10,"Program and documentation, Explanation/incident reporting",2,General/Other,"['Joann Ginal', 'Cleave Simpson', 'Junie Joseph', 'Michael Lynch', 'Jessie Danielson', 'Sonya Jaquez Lewis', 'Tammy Story', 'Mark Baisley', 'Jeff Bridges', 'Janet Buckner', 'Lisa Cutter', 'Thomas Exum', 'Bob Gardner', 'Chris Hansen', 'Nick Hinrichsen', 'Janice Marchman', 'Kevin Priola', 'Dylan Roberts', 'Perry Will', 'Faith Winter']",https://legiscan.com/CO/bill/SB032/2023,0,0,0,0,Pending - Low Exposure,0,0,0,0,1,12,3,4,5
CO,Colorado,HB1260,Advanced Industry and Semiconductor Manufacturing Incentives,4,Passed,2023,2023-05-20,Program and documentation,1,General/Other,"['Matt Soper', 'Alex Valdez', 'Mark Baisley', 'Kevin Priola', 'Steven Woodrow', 'Judith Amabile', 'Shannon Bird', 'Andrew Boesenecker', 'Kyle Brown', 'Ruby Dickson', 'Regina English', 'Meg Froelich', 'Eliza Hamrick', 'Iman Jodeh', 'Junie Joseph', 'Sheila Lieder', 'Mandy Lindsay', 'William Lindstedt', 'Michael Lynch', 'Bob Marshall', 'Tisha Mauro', 'Julie McCluskie', 'Karen McCormick', 'Dafna Michaelson Jenet', 'Jennifer Parenti', 'Naquetta Ricks', 'Said Sharbini', 'Marc Snyder', 'Rick Taggart', 'Brianna Titone', 'Elizabeth Velasco', 'Stephanie Vigil', 'Jenny Willford', 'Mary Young', 'Jeff Bridges', 'Chris Hansen', 'Sonya Jaquez Lewis', 'Janice Marchman', 'Dylan Roberts', 'Robert Rodriguez', 'Jim Smallwood']",https://legiscan.com/CO/bill/HB1260/2023,0,0,0,0,Low Risk,0,0,0,0,1,12,3,4,5
CO,Colorado,SB205,Consumer Protections for Artificial Intelligence,4,Passed,2024,2024-05-17,"Program and documentation, Assessments, Responsible individual, General notice, Explanation/incident reporting, Developer documentation, Opt out/appeal, Nondiscrimination",8,Consumer Protection,"['Robert Rodriguez', 'Manny Rutinel', 'Brianna Titone', 'Lisa Cutter', 'Steve Fenberg', 'Dafna Michaelson Jenet', 'Kevin Priola', 'Faith Winter', 'Monica Duran']",https://legiscan.com/CO/bill/SB205/2024,1,1,1,3,High Risk,0,0,0,0,1,12,3,4,5
CO,Colorado,HB1468,Artificial Intelligence & Biometric Technologies,4,Passed,2024,2024-06-06,"Program and documentation, Assessments, General notice",3,General/Other,"['Brianna Titone', 'Chris Hansen', 'Rachel Zenzinger', 'Mandy Lindsay', 'Jennifer Parenti', 'Manny Rutinel', 'Marc Snyder', 'Jeff Bridges', 'Lisa Cutter', 'Larry Liston', 'Dafna Michaelson Jenet', 'Byron Pelton', 'Kevin Priola', 'Robert Rodriguez']",https://legiscan.com/CO/bill/HB1468/2024,0,1,1,2,High Risk,0,0,0,0,1,12,3,4,5
CO,Colorado,HB1147,Candidate Election Deepfake Disclosures,4,Passed,2024,2024-05-24,"Program and documentation, Responsible individual, General notice, Labeling/notification, Opt out/appeal",5,Deepfakes; Elections,"['Junie Joseph', 'Brianna Titone', 'Janet Buckner', 'Chris Hansen', 'Jennifer Bacon', 'Kyle Brown', 'Chad Clifford', 'Lorena Garcia', 'Tim Hernandez', 'Cathy Kipp', 'Mandy Lindsay', 'William Lindstedt', 'Javier Mabrey', 'Julia Marvin', 'Manny Rutinel', 'Elizabeth Velasco', 'Jenny Willford', 'Andrew Boesenecker', 'Regina English', 'Leslie Herod', 'Iman Jodeh', 'Tisha Mauro', 'Karen McCormick', 'David Ortiz', 'Naquetta Ricks', 'Tammy Story', 'Lisa Cutter', 'Thomas Exum', 'Rhonda Fields', 'Chris Kolker', 'Dafna Michaelson Jenet', 'Kevin Priola', 'Faith Winter']",https://legiscan.com/CO/bill/HB1147/2024,0,1,0,1,Moderate Risk,0,0,0,0,1,12,3,4,5
CO,Colorado,SB158,Social Media Protect Juveniles Disclosures Reports,6,Failed,2024,2024-05-01,"Program and documentation, Assessments, General notice, Explanation/incident reporting, Opt out/appeal, Nondiscrimination",6,Social Media,"['Chris Hansen', 'Dafna Michaelson Jenet', 'Lisa Frizell', 'Meghan Lukens', 'Jeff Bridges', 'James Coleman', 'Lisa Cutter', 'Thomas Exum', 'Rhonda Fields', 'Joann Ginal', 'Julie Gonzales', 'Chris Kolker', 'Janice Marchman', 'Kevin Priola', 'Tom Sullivan', 'Faith Winter']",https://legiscan.com/CO/bill/SB158/2024,1,1,1,3,Pending - High Exposure,0,0,0,0,1,12,3,4,5
CO,Colorado,SB318,Artificial Intelligence Consumer Protections,6,Failed,2025,2025-05-05,"Program and documentation, Assessments, Responsible individual, General notice, Explanation/incident reporting, Opt out/appeal, Nondiscrimination",7,Consumer Protection,"['Robert Rodriguez', 'Brianna Titone']",https://legiscan.com/CO/bill/SB318/2025,1,1,1,3,Pending - High Exposure,0,0,0,0,1,12,3,4,5
CO,Colorado,HB1008,Consumer Protections for Artificial Intelligence Interactions,1,Introduced,2025,2025-08-21,"Program and documentation, General notice, Labeling/notification, Nondiscrimination",4,Consumer Protection,"['Michael Carter', 'William Lindstedt', 'Judith Amabile', 'Lisa Frizell']",https://legiscan.com/CO/bill/HB1008/2025/X1,1,1,0,2,Pending - High Exposure,0,0,0,0,1,12,3,4,5
CO,Colorado,SB004,Increase Transparency for Algorithmic Systems,4,Passed,2025,2025-08-28,"Program and documentation, Assessments, General notice, Explanation/incident reporting, Opt out/appeal",5,AI Governance,"['Robert Rodriguez', 'Jennifer Bacon', 'Judith Amabile', 'Mark Baisley', 'Matt Ball', 'James Coleman', 'Thomas Exum', 'Lisa Frizell', 'Julie Gonzales', 'Barbara Kirkmeyer', 'Janice Marchman', 'Byron Pelton', 'Cleave Simpson', 'Marc Snyder', 'Shannon Bird', 'Michael Carter', 'Monica Duran', 'Cecelia Espenoza', 'Ryan Gonzalez', 'William Lindstedt', 'Julie McCluskie', 'Rose Pugliese', 'Rick Taggart']",https://legiscan.com/CO/bill/SB004/2025/X1,0,1,1,2,High Risk,0,0,0,0,1,12,3,4,5
CO,Colorado,HB1009,Artificial Intelligence Systems,6,Failed,2025,2025-08-21,"Program and documentation, Assessments, General notice, Nondiscrimination",4,General/Other,['Ron Weinberg'],https://legiscan.com/CO/bill/HB1009/2025/X1,1,1,1,3,Pending - High Exposure,0,0,0,0,1,12,3,4,5
CO,Colorado,SB011,Detection Components for Wildfire Mitigation,2,Engrossed,2025,2025-04-28,Program and documentation,1,General/Other,"['Lindsey Daugherty', 'Cleave Simpson', 'Kyle Brown', 'Ron Weinberg', 'Mark Baisley', 'Lisa Cutter', 'Cathy Kipp', 'Dafna Michaelson Jenet', 'Katie Wallace']",https://legiscan.com/CO/bill/SB011/2025,0,0,0,0,Pending - Low Exposure,0,0,0,0,1,12,3,4,5
CO,Colorado,SB022,Applying Artificial Intelligence to Fight Wildfire,6,Failed,2025,2025-01-29,"Program and documentation, Assessments, Third-party review",3,General/Other,"['Mark Baisley', 'Janice Marchman', 'Andrew Boesenecker', 'Ron Weinberg', 'Tisha Mauro']",https://legiscan.com/CO/bill/SB022/2025,0,0,1,1,Pending - Some Exposure,0,0,0,0,1,12,3,4,5
CO,Colorado,SB288,Intimate Digital Depictions Criminal & Civil Actions,4,Passed,2025,2025-06-02,"Program and documentation, Nondiscrimination",2,Criminal,"['Robert Rodriguez', 'Matt Soper', 'Brianna Titone', 'Jeff Bridges', 'James Coleman', 'Lisa Cutter', 'Thomas Exum', 'Nick Hinrichsen', 'Iman Jodeh', 'Cathy Kipp', 'Dafna Michaelson Jenet', 'Kyle Mullica', 'Dylan Roberts', 'Marc Snyder', 'Katie Wallace', 'Shannon Bird', 'Andrew Boesenecker', 'Monica Duran', 'Cecelia Espenoza', 'Eliza Hamrick', 'William Lindstedt', 'Karen McCormick', 'Naquetta Ricks']",https://legiscan.com/CO/bill/SB288/2025,1,0,0,1,Moderate Risk,0,0,0,0,1,12,3,4,5
CO,Colorado,HB1153,Statewide Government Language Access Assessment,4,Passed,2025,2025-05-30,"Program and documentation, Assessments, Third-party review, Nondiscrimination",4,Government,"['Junie Joseph', 'Elizabeth Velasco', 'Iman Jodeh', 'Kyle Brown', 'Chad Clifford', 'Monica Duran', 'Meg Froelich', 'Eliza Hamrick', 'Mandy Lindsay', 'Julie McCluskie', 'Manny Rutinel', 'Steven Woodrow', 'Judith Amabile', 'Matt Ball', 'Jeff Bridges', 'James Coleman', 'Lisa Cutter', 'Lindsey Daugherty', 'Thomas Exum', 'Julie Gonzales', 'Nick Hinrichsen', 'Cathy Kipp', 'Dafna Michaelson Jenet', 'Kyle Mullica', 'Tom Sullivan', 'Katie Wallace', 'Michael Weissman']",https://legiscan.com/CO/bill/HB1153/2025,1,0,1,2,High Risk,0,0,0,0,1,12,3,4,5
CO,Colorado,HB1212,Public Safety Protections Artificial Intelligence,1,Introduced,2025,2025-02-11,"Program and documentation, General notice, Opt out/appeal, Nondiscrimination",4,General/Other,"['Manny Rutinel', 'Matt Soper', 'Lisa Cutter']",https://legiscan.com/CO/bill/HB1212/2025,1,1,0,2,Pending - High Exposure,0,0,0,0,1,12,3,4,5
CO,Colorado,SB008,Tech-Neutral Anti-Discrimination Clarification Act,6,Failed,2025,2025-08-21,Nondiscrimination,1,General/Other,['Mark Baisley'],https://legiscan.com/CO/bill/SB008/2025/X1,1,0,0,1,Pending - Some Exposure,0,0,0,0,1,12,3,4,5
CO,Colorado,SB240,Electronic Discovery in Criminal Cases Task Force,4,Passed,2025,2025-04-28,"Program and documentation, Assessments",2,Criminal,"['Jeff Bridges', 'Barbara Kirkmeyer', 'Shannon Bird', 'Rick Taggart', 'Judith Amabile', 'Emily Sirota', 'Dylan Roberts', 'Michael Weissman', 'Michael Carter', 'Cecelia Espenoza']",https://legiscan.com/CO/bill/SB240/2025,0,0,1,1,Moderate Risk,0,0,0,0,1,12,3,4,5
CO,Colorado,HB1264,Prohibit Surveillance Data to Set Prices and Wages,6,Failed,2025,2025-04-22,"Program and documentation, Responsible individual, General notice, Explanation/incident reporting, Nondiscrimination",5,Employment,"['Lorena Garcia', 'Javier Mabrey', 'Iman Jodeh', 'Michael Weissman']",https://legiscan.com/CO/bill/HB1264/2025,1,1,0,2,Pending - High Exposure,0,0,0,0,1,12,3,4,5
CO,Colorado,SB280,Data Center Development & Grid Modernization Act,1,Introduced,2025,2025-04-04,"Program and documentation, Assessments",2,Infrastructure,"['Nick Hinrichsen', 'Paul Lundeen', 'Kyle Brown', 'Alex Valdez', 'Kyle Mullica', 'William Lindstedt']",https://legiscan.com/CO/bill/SB280/2025,0,0,1,1,Pending - Some Exposure,0,0,1,1,1,12,3,4,5
CT,Connecticut,SB01103,"An Act Concerning Artificial Intelligence, Automated Decision-making And Personal Data Privacy.",4,Passed,2023,2023-06-07,"Program and documentation, Responsible individual, General notice, Explanation/incident reporting, Third-party review, Nondiscrimination",6,Privacy,"['General Law Committee', 'Holly Cheeseman', 'Saud Anwar', 'Tony Hwang', 'Robert Sanchez', 'David Rutigliano', 'Vincent Candelora', 'Tami Zawistowski', 'Hubert Delany', 'Geraldo Reyes']",https://legiscan.com/CT/bill/SB01103/2023,1,1,0,2,High Risk,0,0,0,0,0,5,1,3,1
CT,Connecticut,HB06697,An Act Concerning The Department Of Consumer Protection's Recommendations Regarding Cannabis Regulation.,1,Introduced,2023,2023-02-16,"Program and documentation, Registration",2,Consumer Protection,['General Law Committee'],https://legiscan.com/CT/bill/HB06697/2023,0,0,0,0,Pending - Low Exposure,0,0,0,0,0,5,1,3,1
CT,Connecticut,HB06699,An Act Concerning Cannabis Regulation.,4,Passed,2023,2023-06-26,"Program and documentation, Assessments",2,General/Other,"['General Law Committee', 'David Michel', 'Hubert Delany']",https://legiscan.com/CT/bill/HB06699/2023,0,0,1,1,Moderate Risk,0,0,0,0,0,5,1,3,1
CT,Connecticut,SB00002,An Act Concerning Artificial Intelligence.,2,Engrossed,2024,2024-04-24,Training,1,General/Other,"['General Law Committee', 'Martin Looney', 'Robert Duff', 'Saud Anwar', 'Jorge Cabrera', 'Mae Flexer', 'Herron Gaston', 'Joan Hartley', 'Jan Hochadel', 'Julie Kushner', 'Matthew Lesser', 'Cici Maher', 'James Maroney', 'Martha Marx', 'Douglas McCrory', 'Patricia Miller', 'Marilyn Moore', 'Norman Needleman', 'Catherine Osten', 'MD Rahman', 'Derek Slap', 'Gary Winfield', 'Aundre Bumgardner', 'Hubert Delany', 'Christine Cohen', 'Tom Delnicki', 'Anthony Nolan', 'Christine Palm', 'Maria Horn', 'Marcus Brown', 'Christopher Rosario', 'James Sanchez', 'Gary Turco', 'Mary Welander', 'Eleni Kavros DeGraw', 'Patricia Dillon', 'David Michel', 'Fred Gee', 'Robert Sanchez', 'Julio Concepcion', 'Minnie Gonzalez', 'Anabel Figueroa', 'Corey Paris', 'Joshua Elliott', 'Geraldo Reyes', 'Juan Candelaria', 'Jason Doucette', 'Larry Butler', 'Farley Santos', 'Hilda Santiago', 'Anne Hughes', 'Jonathan Fazzino', 'Trenee McGee', 'Maryam Khan', 'Sarah Keitt', 'Kai Belton', 'William Heffernan', 'Kadeem Roberts', 'Kate Farrar', 'Matt Blumenthal', 'Frank Smith', 'Joseph Gresko', 'Tammy Exum', 'Emmanuel Sanchez', 'Derell Wilson', 'Jillian Gilchrest', 'Hector Arzeno', 'Susan Johnson', 'Mary Mushinsky', 'Bobby Gibson', 'Dominique Johnson', 'Aimee Berger-Girvalo', 'John-Michael Parker', 'Lucy Dathan']",https://legiscan.com/CT/bill/SB00002/2024,0,0,0,0,Pending - Low Exposure,0,0,0,0,0,5,1,3,1
CT,Connecticut,HB05421,An Act Concerning Unlawful Dissemination Of Intimate Images That Are Digitally Altered Or Created Through The Use Of Artificial Intelligence.,1,Introduced,2024,2024-03-06,"Program and documentation, Nondiscrimination",2,Deepfakes,"['Judiciary Committee', 'Craig Fishbein', 'Holly Cheeseman', 'Christie Carpino', 'Devin Carney']",https://legiscan.com/CT/bill/HB05421/2024,1,0,0,1,Pending - Some Exposure,0,0,0,0,0,5,1,3,1
CT,Connecticut,SB00005,An Act Concerning School Resources.,4,Passed,2024,2024-05-30,Training,1,Education,"['Education Committee', 'Martin Looney', 'Robert Duff', 'Saud Anwar', 'Jorge Cabrera', 'Christine Cohen', 'Mae Flexer', 'Herron Gaston', 'Jan Hochadel', 'Julie Kushner', 'Matthew Lesser', 'Cici Maher', 'James Maroney', 'Martha Marx', 'Douglas McCrory', 'Patricia Miller', 'Marilyn Moore', 'Norman Needleman', 'MD Rahman', 'Derek Slap', 'Gary Winfield', 'Hubert Delany', 'James Sanchez', 'Anthony Nolan', 'Kadeem Roberts', 'Catherine Osten', 'Susan Johnson', 'Joshua Elliott', 'Farley Santos', 'David Michel', 'Bobby Gibson', 'Robin Comey', 'Matt Blumenthal']",https://legiscan.com/CT/bill/SB00005/2024,0,0,0,0,Low Risk,0,0,0,0,0,5,1,3,1
CT,Connecticut,HB05450,"An Act Concerning Artificial Intelligence, Deceptive Synthetic Media And Elections.",1,Introduced,2024,2024-03-07,"Program and documentation, Labeling/notification",2,Deepfakes; Elections,"['Government Administration and Elections Committee', 'Tony Hwang', 'Hector Arzeno', 'Geraldo Reyes']",https://legiscan.com/CT/bill/HB05450/2024,0,0,0,0,Pending - Low Exposure,0,0,0,0,0,5,1,3,1
CT,Connecticut,HB05524,"An Act Authorizing And Adjusting Bonds Of The State And Concerning Provisions Related To State And Municipal Tax Administration, General Government And School Building Projects.",4,Passed,2024,2024-06-06,"Program and documentation, General notice, Registration, Opt out/appeal",4,Education; Government,"['Matthew Ritter', 'Martin Looney', 'Jason Rojas', 'Robert Duff', 'Robert Sanchez', 'Bobby Gibson', 'Henry Genga', 'Farley Santos']",https://legiscan.com/CT/bill/HB05524/2024,0,1,0,1,Moderate Risk,0,0,0,0,0,5,1,3,1
CT,Connecticut,SB00002,An Act Concerning Artificial Intelligence.,2,Engrossed,2025,2025-05-14,Nondiscrimination,1,General/Other,"['General Law Committee', 'Martin Looney', 'Robert Duff', 'Saud Anwar', 'Jorge Cabrera', 'Christine Cohen', 'Mae Flexer', 'Sujata Gadkar-Wilcox', 'Herron Gaston', 'Jan Hochadel', 'Paul Honig', 'Julie Kushner', 'Matthew Lesser', 'Rick Lopes', 'Cici Maher', 'James Maroney', 'Martha Marx', 'Douglas McCrory', 'Patricia Miller', 'Norman Needleman', 'Catherine Osten', 'MD Rahman', 'Derek Slap', 'Gary Winfield', 'Geraldo Reyes', 'Tom Delnicki', 'Nick Gauthier', 'Rebecca Martinez', 'Roland Lemar', 'Marcus Brown', 'Anthony Nolan', 'Hubert Delany', 'William Heffernan', 'Bobby Gibson', 'Michael Shannon', 'Eilish Collins Main', 'Lucy Dathan', 'Kaitlyn Shake', 'Alphonse Paolillo', 'Gary Turco', 'Kadeem Roberts', 'Heather Bond Somers', 'James Sanchez', 'Antonio Felipe', 'Robert Sanchez', 'Travis Simms', 'Hilda Santiago']",https://legiscan.com/CT/bill/SB00002/2025,1,0,0,1,Pending - Some Exposure,0,0,0,0,0,5,1,3,1
CT,Connecticut,SB01484,An Act Implementing Artificial Intelligence Protections For Employees.,1,Introduced,2025,2025-03-06,"Assessments, Responsible individual, General notice, Explanation/incident reporting, Third-party review, Opt out/appeal, Nondiscrimination",7,Employment,['Labor and Public Employees Committee'],https://legiscan.com/CT/bill/SB01484/2025,1,1,1,3,Pending - High Exposure,0,0,0,0,0,5,1,3,1
CT,Connecticut,SB01249,An Act Addressing Innovations In Artificial Intelligence.,1,Introduced,2025,2025-02-06,"Program and documentation, Responsible individual, General notice, Nondiscrimination",4,General/Other,[],https://legiscan.com/CT/bill/SB01249/2025,1,1,0,2,Pending - High Exposure,0,0,0,0,0,5,1,3,1
CT,Connecticut,SB01292,An Act Requiring A Study Concerning Energy Efficiency Requirements For Artificial Intelligence Data Centers.,1,Introduced,2025,2025-02-13,"Program and documentation, Assessments, General notice",3,Infrastructure,"['Energy and Technology Committee', 'Mary Mushinsky']",https://legiscan.com/CT/bill/SB01292/2025,0,1,1,2,Pending - High Exposure,0,0,1,1,0,5,1,3,1
CT,Connecticut,SB01440,An Act Concerning Unlawful Dissemination Of An Intimate Synthetically Created Image.,1,Introduced,2025,2025-03-04,"Program and documentation, Nondiscrimination",2,Deepfakes,"['Judiciary Committee', 'William Pizzuto', 'Christie Carpino', 'Hubert Delany']",https://legiscan.com/CT/bill/SB01440/2025,1,0,0,1,Pending - Some Exposure,0,0,0,0,0,5,1,3,1
CT,Connecticut,HB06846,An Act Concerning The Use Of Artificial Intelligence And Other Means To Generate Deceptive Synthetic Media And Affect Elections.,1,Introduced,2025,2025-01-31,"Program and documentation, Labeling/notification",2,Deepfakes; Elections,"['Government Administration and Elections Committee', 'Matt Blumenthal', 'Hubert Delany', 'James Maroney']",https://legiscan.com/CT/bill/HB06846/2025,0,0,0,0,Pending - Low Exposure,0,0,0,0,0,5,1,3,1
CT,Connecticut,HB05047,An Act Creating A Task Force To Study Artificial Intelligence And The State Workforce.,1,Introduced,2025,2025-01-08,"Program and documentation, Assessments",2,Employment,['Brian Lanoue'],https://legiscan.com/CT/bill/HB05047/2025,0,0,1,1,Pending - Some Exposure,0,0,0,0,0,5,1,3,1
CT,Connecticut,HB05048,An Act Requiring A Study Of The Effect Of Artificial Intelligence On The Trades Industry.,1,Introduced,2025,2025-01-08,Assessments,1,General/Other,['Brian Lanoue'],https://legiscan.com/CT/bill/HB05048/2025,0,0,1,1,Pending - Some Exposure,0,0,0,0,0,5,1,3,1
CT,Connecticut,SB00348,An Act Concerning Unlawful Dissemination Of Intimate Images That Are Digitally Altered Or Created Through The Use Of Artificial Intelligence.,1,Introduced,2025,2025-01-09,"Program and documentation, Nondiscrimination",2,Deepfakes,"['Tony Hwang', 'Eric Berthel']",https://legiscan.com/CT/bill/SB00348/2025,1,0,0,1,Pending - Some Exposure,0,0,0,0,0,5,1,3,1
CT,Connecticut,HB05076,An Act Concerning Energy And Water Efficiency Requirements For Artificial Intelligence Data Centers.,1,Introduced,2025,2025-01-10,"Program and documentation, Explanation/incident reporting",2,Infrastructure,['Christopher Rosario'],https://legiscan.com/CT/bill/HB05076/2025,0,0,0,0,Pending - Low Exposure,0,0,1,1,0,5,1,3,1
CT,Connecticut,SB00447,An Act Prohibiting Health Carriers From Using Artificial Intelligence In The Evaluation And Determination Of Patient Care.,1,Introduced,2025,2025-01-10,Opt out/appeal,1,Healthcare,['Saud Anwar'],https://legiscan.com/CT/bill/SB00447/2025,0,0,0,0,Pending - Low Exposure,0,0,0,0,0,5,1,3,1
CT,Connecticut,HB05598,An Act Prohibiting The Creation And Dissemination Of Artificial Intelligence-generated Pornographic Images Of A Person Without Consent.,1,Introduced,2025,2025-01-21,Nondiscrimination,1,Digital Content/IP,['Joe Canino'],https://legiscan.com/CT/bill/HB05598/2025,1,0,0,1,Pending - Some Exposure,0,0,0,0,0,5,1,3,1
CT,Connecticut,HB05587,An Act Prohibiting Health Insurers From Using Artificial Intelligence As The Primary Method To Deny Health Insurance Claims.,1,Introduced,2025,2025-01-21,"Program and documentation, Nondiscrimination",2,Healthcare,['Nick Menapace'],https://legiscan.com/CT/bill/HB05587/2025,1,0,0,1,Pending - Some Exposure,0,0,0,0,0,5,1,3,1
CT,Connecticut,HB05590,An Act Prohibiting Health Insurers From Using Artificial Intelligence To Deny Health Insurance Claims.,1,Introduced,2025,2025-01-21,"Program and documentation, Nondiscrimination",2,Healthcare,['Brandon Chafee'],https://legiscan.com/CT/bill/HB05590/2025,1,0,0,1,Pending - Some Exposure,0,0,0,0,0,5,1,3,1
CT,Connecticut,HB05877,An Act Prohibiting The Use Of Artificial Intelligence To Replace Teachers.,1,Introduced,2025,2025-01-22,,0,Education,['Ronald Napoli'],https://legiscan.com/CT/bill/HB05877/2025,0,0,0,0,Pending - Low Exposure,0,0,0,0,0,5,1,3,1
CT,Connecticut,SB00817,An Act Prohibiting Health Insurers From Using Software Tools To Automatically Downcode Health Insurance Claims.,1,Introduced,2025,2025-01-21,Program and documentation,1,Healthcare,"['Martin Looney', 'Saud Anwar', 'Herron Gaston']",https://legiscan.com/CT/bill/SB00817/2025,0,0,0,0,Pending - Low Exposure,0,0,0,0,0,5,1,3,1
CT,Connecticut,SB01143,An Act Prohibiting The Creation And Dissemination Of Intimate Images Generated Using Artificial Intelligence And Without Consent.,1,Introduced,2025,2025-01-23,"Program and documentation, Nondiscrimination",2,Digital Content/IP,['Saud Anwar'],https://legiscan.com/CT/bill/SB01143/2025,1,0,0,1,Pending - Some Exposure,0,0,0,0,0,5,1,3,1
CT,Connecticut,HB05045,An Act Concerning Unlawful Dissemination Of Intimate Images That Are Digitally Altered Or Created Through The Use Of Artificial Intelligence.,1,Introduced,2025,2025-01-08,"Program and documentation, Nondiscrimination",2,Deepfakes,['Christie Carpino'],https://legiscan.com/CT/bill/HB05045/2025,1,0,0,1,Pending - Some Exposure,0,0,0,0,0,5,1,3,1
CT,Connecticut,HB06060,An Act Concerning Health Data.,1,Introduced,2025,2025-01-22,"Program and documentation, Assessments, General notice, Explanation/incident reporting, Third-party review, Opt out/appeal",6,Healthcare,['Jaime Foster'],https://legiscan.com/CT/bill/HB06060/2025,0,1,1,2,Pending - High Exposure,0,0,0,0,0,5,1,3,1
CT,Connecticut,SB00010,An Act Concerning Health Insurance And Patient Protection.,4,Passed,2025,2025-06-24,,0,Healthcare,"['Insurance and Real Estate Committee', 'Martin Looney', 'Robert Duff', 'Saud Anwar', 'Jorge Cabrera', 'Christine Cohen', 'Mae Flexer', 'Sujata Gadkar-Wilcox', 'Herron Gaston', 'Jan Hochadel', 'Paul Honig', 'Julie Kushner', 'Matthew Lesser', 'Rick Lopes', 'Cici Maher', 'James Maroney', 'Martha Marx', 'Douglas McCrory', 'Patricia Miller', 'Norman Needleman', 'Catherine Osten', 'MD Rahman', 'Derek Slap', 'Gary Winfield', 'Joshua Elliott', 'James Sanchez', 'Geraldo Reyes', 'Kaitlyn Shake', 'Kenneth Gucker', 'David DeFronzo', 'Anne Hughes', 'Nick Menapace', 'Hubert Delany', 'Travis Simms', 'Nick Gauthier', 'Mary Mushinsky', 'Eleni Kavros DeGraw', 'Cristin McCarthy Vahey', 'Kai Belton', 'Lucy Dathan', 'Tom Delnicki']",https://legiscan.com/CT/bill/SB00010/2025,0,0,0,0,Low Risk,0,0,0,0,0,5,1,3,1
CT,Connecticut,HB07287,"An Act Concerning The State Budget For The Biennium Ending June 30, 2027, And Making Appropriations Therefor, And Provisions Related To Revenue And Other Items Implementing The State Budget.",4,Passed,2025,2025-06-30,"Program and documentation, General notice, Registration, Opt out/appeal",4,Government,"['Matthew Ritter', 'Martin Looney', 'Jason Rojas', 'Robert Duff', 'Bobby Gibson', 'Fred Gee', 'Hubert Delany']",https://legiscan.com/CT/bill/HB07287/2025,0,1,0,1,Moderate Risk,0,0,0,0,0,5,1,3,1
DE,Delaware,HB333,An Act To Amend Title 29 Of The Delaware Code Relating To The Artificial Intelligence Commission.,4,Passed,2024,2024-07-17,"Program and documentation, Assessments, Responsible individual",3,AI Policy/Task Forces,"['Krista Griffith', 'Cyndie Romer', 'William Bush', 'Stephanie Hansen', 'Paul Baumbach', 'Debra Heffernan', 'Valerie Longhurst', 'Eric Morrison', 'William Carson', 'Kerri Harris', 'Kyle Gay', 'Kyra Hoffner', 'Russ Huxtable', 'Marie Pinkney', 'Bryant Richardson', 'David Sokola']",https://legiscan.com/DE/bill/HB333/2023,0,0,1,1,Moderate Risk,0,0,0,0,0,1,0,0,1
DE,Delaware,HJR7,Directing The Artificial Intelligence Commission To Work In Collaboration With The Secretary Of State To Create A Regulatory Sandbox Framework For The Testing Of Innovative And Novel Technologies That Utilize Agentic Artificial Intelligence.,4,Passed,2025,2025-07-23,Program and documentation,1,Employment,"['Krista Griffith', 'Cyndie Romer', 'Jeffrey Spiegelman', 'Stephanie Hansen', 'Brian Pettyjohn']",https://legiscan.com/DE/bill/HJR7/2025,0,0,0,0,Low Risk,0,0,0,0,0,1,0,0,1
DE,Delaware,HB16,An Act To Amend Title 29 Of The Delaware Code Relating To The Artificial Intelligence Commission.,4,Passed,2025,2025-05-13,"Program and documentation, Responsible individual",2,AI Policy/Task Forces,"['Krista Griffith', 'Jeffrey Spiegelman', 'Stephanie Hansen', 'Brian Pettyjohn', 'Kendra Johnson', 'Cyndie Romer', 'Madinah Wilson-Anton', 'Elizabeth Lockman']",https://legiscan.com/DE/bill/HB16/2025,0,0,0,0,Low Risk,0,0,0,0,0,1,0,0,1
DE,Delaware,HB233,An Act To Amend Title 26 Of The Delaware Code Relating To Large Energy Use Facilities.,1,Introduced,2025,2025-06-30,Program and documentation,1,Infrastructure,['Frank Burns'],https://legiscan.com/DE/bill/HB233/2025,0,0,0,0,Pending - Low Exposure,0,0,0,0,0,1,0,0,1
DE,Delaware,SCR18,Creating A Task Force To Study Nuclear Energy In Delaware.,2,Engrossed,2025,2025-03-26,"Program and documentation, Assessments, Responsible individual, General notice",4,AI Policy/Task Forces,"['Bryant Richardson', 'Stephanie Hansen', 'Jeff Hilovsky', 'Eric Buckson', 'Gerald Hocker', 'David Lawson', 'Brian Pettyjohn', 'Jack Walsh', 'David Wilson', 'Richard Collins', 'Timothy Dukes', 'Ronald Gray', 'Valerie Jones Giltner', 'Shannon Morris', 'Edward Osienski', 'Charles Postles', 'Daniel Short', 'Jesse Vanderwende', 'Madinah Wilson-Anton', 'Lyndon Yearick']",https://legiscan.com/DE/bill/SCR18/2025,0,1,1,2,Pending - High Exposure,0,0,0,0,0,1,0,0,1
FL,Florida,H8039,Gator Day,1,Introduced,2023,2023-04-11,Training,1,General/Other,['Chuck Clemons'],https://legiscan.com/FL/bill/H8039/2023,0,0,0,0,Pending - Low Exposure,0,0,0,0,0,8,1,5,2
FL,Florida,H0999,Postsecondary Educational Institutions,1,Introduced,2023,2023-02-21,"Program and documentation, Assessments",2,Education,"['Education & Employment Committee', 'Postsecondary Education & Workforce Subcommittee', 'Alex Andrade', 'Webster Barnaby', 'James Buchanan', 'Randy Fine', 'Berny Jacques', 'Randy Maggard', 'Ralph Massullo', 'Rick Roth']",https://legiscan.com/FL/bill/H0999/2023,0,0,1,1,Pending - Some Exposure,0,0,0,0,0,8,1,5,2
FL,Florida,S0266,Higher Education,4,Passed,2023,2023-05-16,"Program and documentation, Assessments",2,Education,"['Fiscal Policy', 'Appropriations Committee on Education', 'Education Postsecondary', 'Erin Grall']",https://legiscan.com/FL/bill/S0266/2023,0,0,1,1,Moderate Risk,0,0,0,0,0,8,1,5,2
FL,Florida,S1730,Gator Day,1,Introduced,2023,2023-03-29,Training,1,General/Other,['Keith Perry'],https://legiscan.com/FL/bill/S1730/2023,0,0,0,0,Pending - Low Exposure,0,0,0,0,0,8,1,5,2
FL,Florida,S1740,Keiser University Day,4,Passed,2023,2023-04-19,,0,Education,['Jay Collins'],https://legiscan.com/FL/bill/S1740/2023,0,0,0,0,Low Risk,0,0,0,0,0,8,1,5,2
FL,Florida,H1259,Education,4,Passed,2023,2023-05-12,,0,Education,"['Appropriations Committee', 'Education & Employment Committee', 'Jennifer Canady', 'Alina Garcia', 'Susan Plasencia', 'Dana Trabulsy']",https://legiscan.com/FL/bill/H1259/2023,0,0,0,0,Low Risk,0,0,0,0,0,8,1,5,2
FL,Florida,S2500,Appropriations,4,Passed,2023,2023-06-16,"Program and documentation, General notice, Registration, Opt out/appeal",4,Government,['Appropriations'],https://legiscan.com/FL/bill/S2500/2023,0,1,0,1,Moderate Risk,0,0,0,0,0,8,1,5,2
FL,Florida,H5001,General Appropriations Act,1,Introduced,2023,2023-03-28,,0,Government,"['Appropriations Committee', 'Tom Leek']",https://legiscan.com/FL/bill/H5001/2023,0,0,0,0,Pending - Low Exposure,0,0,0,0,0,8,1,5,2
FL,Florida,H1459,Advanced Technology,1,Introduced,2024,2024-01-07,"Program and documentation, Assessments, General notice, Labeling/notification, Opt out/appeal, Nondiscrimination",6,General/Other,"['Judiciary Committee', 'Appropriations Committee', 'Commerce Committee', 'Fiona McFarland', 'Webster Barnaby', 'Linda Chaney', 'Anna Eskamani', 'Toby Overdorf']",https://legiscan.com/FL/bill/H1459/2024,1,1,1,3,Pending - High Exposure,0,0,0,0,0,8,1,5,2
FL,Florida,S1680,Advanced Technology,4,Passed,2024,2024-04-29,"Program and documentation, Assessments, General notice, Labeling/notification, Nondiscrimination",5,General/Other,"['Rules', 'Judiciary', 'Jennifer Bradley']",https://legiscan.com/FL/bill/S1680/2024,1,1,1,3,High Risk,0,0,0,0,0,8,1,5,2
FL,Florida,S0972,Artificial Intelligence,6,Failed,2024,2024-03-08,"Program and documentation, Assessments, General notice, Nondiscrimination",4,General/Other,['Joe Gruters'],https://legiscan.com/FL/bill/S0972/2024,1,1,1,3,Pending - High Exposure,0,0,0,0,0,8,1,5,2
FL,Florida,S0850,Use of Artificial Intelligence in Political Advertising,1,Introduced,2023,2023-12-12,"Program and documentation, Labeling/notification",2,Elections,"['Rules', 'Ethics and Elections', 'Nick DiCeglie']",https://legiscan.com/FL/bill/S0850/2024,0,0,0,0,Pending - Low Exposure,0,0,0,0,0,8,1,5,2
FL,Florida,H0919,Artificial Intelligence Use in Political Advertising,4,Passed,2024,2024-04-29,Labeling/notification,1,Elections,"['State Affairs Committee', 'Alejandro Rizo', 'Jennifer Canady', 'Jeff Holcomb', 'Tom Leek', 'Johanna Lopez', 'Fiona McFarland', 'Jim Mooney', 'Rick Roth']",https://legiscan.com/FL/bill/H0919/2024,0,0,0,0,Low Risk,0,0,0,0,0,8,1,5,2
FL,Florida,H0483,Computer Science Education,6,Failed,2024,2024-03-08,"Program and documentation, Training",2,Education,"['Choice & Innovation Subcommittee', 'Karen Gonzalez Pittman']",https://legiscan.com/FL/bill/H0483/2024,0,0,0,0,Pending - Low Exposure,0,0,1,1,0,8,1,5,2
FL,Florida,H0757,"Defamation, False Light, and Unauthorized Publication of Name or Likenesses",1,Introduced,2023,2023-12-06,Program and documentation,1,Digital Content/IP,"['Judiciary Committee', 'Civil Justice Subcommittee', 'Alex Andrade']",https://legiscan.com/FL/bill/H0757/2024,0,0,0,0,Pending - Low Exposure,0,0,0,0,0,8,1,5,2
FL,Florida,S1344,Computer Science Education,6,Failed,2024,2024-03-08,"Program and documentation, Responsible individual",2,Education,"['Education Pre-K -12', 'Alexis Calatayud']",https://legiscan.com/FL/bill/S1344/2024,0,0,0,0,Pending - Low Exposure,0,0,1,1,0,8,1,5,2
FL,Florida,H1361,Education,4,Passed,2024,2024-05-13,"Program and documentation, General notice, Opt out/appeal",3,Education,"['Education & Employment Committee', 'John Temple', 'Webster Barnaby', 'Adam Botana', 'Jennifer Canady', 'Kimberly Daniels', 'Ralph Massullo', 'Jim Mooney', 'Dana Trabulsy', 'Kaylee Tuck']",https://legiscan.com/FL/bill/H1361/2024,0,1,0,1,Moderate Risk,0,0,0,0,0,8,1,5,2
FL,Florida,S1780,"Defamation, False Light, and Unauthorized Publication of Name or Likenesses",6,Failed,2024,2024-03-08,,0,Digital Content/IP,"['Judiciary', 'Jason Brodeur']",https://legiscan.com/FL/bill/S1780/2024,0,0,0,0,Pending - Low Exposure,0,0,0,0,0,8,1,5,2
FL,Florida,H1461,Pub. Rec./Investigations by the Department of Legal Affairs,1,Introduced,2024,2024-01-07,"Program and documentation, General notice",2,Financial,"['Commerce Committee', 'Fiona McFarland']",https://legiscan.com/FL/bill/H1461/2024,0,1,0,1,Pending - Some Exposure,0,0,0,0,0,8,1,5,2
FL,Florida,S1682,Public Records/Artificial Intelligence Transparency Violations,6,Failed,2024,2024-03-08,"Program and documentation, General notice",2,AI Governance,['Jennifer Bradley'],https://legiscan.com/FL/bill/S1682/2024,0,1,0,1,Pending - Some Exposure,0,0,0,0,0,8,1,5,2
FL,Florida,H1289,Verification of Reemployment Assistance Benefit Eligibility,1,Introduced,2024,2024-01-05,"Program and documentation, Assessments, General notice",3,Employment,"['Commerce Committee', 'Regulatory Reform & Economic Development Subcommittee', 'Shane Abbott']",https://legiscan.com/FL/bill/H1289/2024,0,1,1,2,Pending - High Exposure,0,0,0,0,0,8,1,5,2
FL,Florida,S7038,Education,1,Introduced,2024,2024-01-18,"Program and documentation, General notice",2,Education,"['Appropriations', 'Education Pre-K -12', 'Clay Yarborough']",https://legiscan.com/FL/bill/S7038/2024,0,1,0,1,Pending - Some Exposure,0,0,0,0,0,8,1,5,2
FL,Florida,H1501,Health Care Innovation,1,Introduced,2024,2024-01-08,"Program and documentation, Assessments, Responsible individual, General notice, Third-party review",5,Healthcare,"['Health Care Appropriations Subcommittee', 'Karen Gonzalez Pittman', 'Johanna Lopez', 'Dana Trabulsy']",https://legiscan.com/FL/bill/H1501/2024,0,1,1,2,Pending - High Exposure,0,0,0,0,0,8,1,5,2
FL,Florida,S1002,Gator Day,4,Passed,2024,2024-02-14,Training,1,General/Other,['Keith Perry'],https://legiscan.com/FL/bill/S1002/2024,0,0,0,0,Low Risk,0,0,0,0,0,8,1,5,2
FL,Florida,H8057,Gator Day,1,Introduced,2024,2024-02-08,Training,1,General/Other,['Chuck Clemons'],https://legiscan.com/FL/bill/H8057/2024,0,0,0,0,Pending - Low Exposure,0,0,0,0,0,8,1,5,2
FL,Florida,S1824,FAMU Day,4,Passed,2024,2024-02-21,,0,General/Other,"['Bobby Powell', 'Rosalind Osgood', 'Tracie Davis', 'Shevrin Jones', 'Corey Simon', 'Darryl Rouson', 'Geraldine Thompson']",https://legiscan.com/FL/bill/S1824/2024,0,0,0,0,Low Risk,0,0,0,0,0,8,1,5,2
FL,Florida,S1260,Verification of Reemployment Assistance Benefit Eligibility,6,Failed,2024,2024-03-08,"Program and documentation, Assessments, General notice",3,Employment,['Jay Trumbull'],https://legiscan.com/FL/bill/S1260/2024,0,1,1,2,Pending - High Exposure,0,0,0,0,0,8,1,5,2
FL,Florida,S7018,Health Care Innovation,4,Passed,2024,2024-03-22,,0,Healthcare,"['Health Policy', 'Gayle Harrell']",https://legiscan.com/FL/bill/S7018/2024,0,0,0,0,Low Risk,0,0,0,0,0,8,1,5,2
FL,Florida,H1519,Termination of Pregnancies,6,Failed,2024,2024-03-08,"Program and documentation, Nondiscrimination",2,General/Other,"['David Borrero', 'Mike Beltran']",https://legiscan.com/FL/bill/H1519/2024,1,0,0,1,Pending - Some Exposure,0,0,0,0,0,8,1,5,2
FL,Florida,S1678,"Taxes, Fines, and Fees",6,Failed,2024,2024-03-08,,0,General/Other,['Joe Gruters'],https://legiscan.com/FL/bill/S1678/2024,0,0,0,0,Pending - Low Exposure,0,0,0,0,0,8,1,5,2
FL,Florida,H5001,General Appropriations Act,4,Passed,2024,2024-06-14,,0,Government,"['Appropriations Committee', 'Tom Leek', 'Adam Botana', 'Thomas Fabricio', 'Dana Trabulsy']",https://legiscan.com/FL/bill/H5001/2024,0,0,0,0,Low Risk,0,0,0,0,0,8,1,5,2
FL,Florida,H1481,"Taxes, Licenses, and Fees",6,Failed,2024,2024-03-08,,0,Licensing,"['Mike Beltran', 'Alina Garcia']",https://legiscan.com/FL/bill/H1481/2024,0,0,0,0,Pending - Low Exposure,0,0,0,0,0,8,1,5,2
FL,Florida,S2500,Appropriations,2,Engrossed,2024,2024-02-07,"Program and documentation, General notice, Registration, Opt out/appeal",4,Government,['Appropriations'],https://legiscan.com/FL/bill/S2500/2024,0,1,0,1,Pending - Some Exposure,0,0,0,0,0,8,1,5,2
FL,Florida,H0369,Provenance of Digital Content,1,Introduced,2025,2025-02-04,"Program and documentation, General notice, Labeling/notification",3,AI Governance,"['Commerce Committee', 'Economic Infrastructure Subcommittee', 'Information Technology Budget & Policy Subcommittee', 'Fiona McFarland', 'Fentrice Driskell']",https://legiscan.com/FL/bill/H0369/2025,0,1,0,1,Pending - Some Exposure,0,0,0,0,0,8,1,5,2
FL,Florida,S0702,Provenance of Digital Content,6,Failed,2025,2025-06-16,"Program and documentation, Labeling/notification, Explanation/incident reporting",3,AI Governance,"['Commerce and Tourism', 'Daniel Burgess']",https://legiscan.com/FL/bill/S0702/2025,0,0,0,0,Pending - Low Exposure,0,0,0,0,0,8,1,5,2
FL,Florida,H0491,Use of Artificial Intelligence by Governmental Agencies to Detect Concealed Firearms,6,Failed,2025,2025-06-16,Program and documentation,1,Government,"['Criminal Justice Subcommittee', 'Monique Miller', 'David Borrero', 'Johanna Lopez', 'Judson Sapp']",https://legiscan.com/FL/bill/H0491/2025,0,0,0,0,Pending - Low Exposure,0,0,0,0,0,8,1,5,2
FL,Florida,S0794,Mandatory Human Reviews of Insurance Claim Denials,6,Failed,2025,2025-06-16,"Program and documentation, General notice, Explanation/incident reporting",3,Healthcare,"['Banking and Insurance', 'Jennifer Bradley']",https://legiscan.com/FL/bill/S0794/2025,0,1,0,1,Pending - Some Exposure,0,0,0,0,0,8,1,5,2
FL,Florida,H0827,Statewide Study on Automation and Workforce Impact,5,Vetoed,2025,2025-06-27,"Program and documentation, Assessments",2,Employment,"['Leonard Spencer', 'Johanna Lopez', 'Dana Trabulsy', 'Susan Valdes']",https://legiscan.com/FL/bill/H0827/2025,0,0,1,1,Pending - Some Exposure,0,0,0,0,0,8,1,5,2
FL,Florida,H1213,K-12 School Route Optimization Pilot Program,6,Failed,2025,2025-06-16,Program and documentation,1,Education,"['Education Administration Subcommittee', 'Daniel Alvarez', 'Johanna Lopez', 'Michael Owen', 'Susan Plasencia', 'Michelle Salzman', 'Susan Valdes', 'Brad Yeager']",https://legiscan.com/FL/bill/H1213/2025,0,0,0,0,Pending - Low Exposure,0,0,0,0,0,8,1,5,2
FL,Florida,H1433,Hurricane Mitigation Grants and Insurers' Regulations,6,Failed,2025,2025-06-16,"Program and documentation, Assessments, Training, Third-party review",4,Insurance,"['Insurance & Banking Subcommittee', 'Yvette Benarroch', 'Hillary Cassel']",https://legiscan.com/FL/bill/H1433/2025,0,0,1,1,Pending - Some Exposure,0,0,0,0,0,8,1,5,2
FL,Florida,S0562,Use of Artificial Intelligence to Detect Firearms,6,Failed,2025,2025-06-16,Program and documentation,1,Weapons/Defense,['Blaise Ingoglia'],https://legiscan.com/FL/bill/S0562/2025,0,0,0,0,Pending - Low Exposure,0,0,0,0,0,8,1,5,2
FL,Florida,S0936,Statewide Study on Automation and Workforce Impact,5,Vetoed,2025,2025-04-29,"Program and documentation, Assessments",2,Employment,['Tracie Davis'],https://legiscan.com/FL/bill/S0936/2025,0,0,1,1,Pending - Some Exposure,0,0,0,0,0,8,1,5,2
FL,Florida,S1424,K-12 School Transportation,6,Failed,2025,2025-06-16,Program and documentation,1,Education,['Jay Collins'],https://legiscan.com/FL/bill/S1424/2025,0,0,0,0,Pending - Low Exposure,0,0,0,0,0,8,1,5,2
FL,Florida,S1740,Insurance,6,Failed,2025,2025-06-16,"Program and documentation, Training",2,Healthcare,"['Banking and Insurance', 'Blaise Ingoglia', 'Barbara Sharief']",https://legiscan.com/FL/bill/S1740/2025,0,0,0,0,Pending - Low Exposure,0,0,0,0,0,8,1,5,2
FL,Florida,H1555,Insurers' Liabilities and Responsibilities,6,Failed,2025,2025-06-16,"Program and documentation, Responsible individual, Explanation/incident reporting, Third-party review",4,Insurance,['Hillary Cassel'],https://legiscan.com/FL/bill/H1555/2025,0,0,0,0,Pending - Low Exposure,0,0,0,0,0,8,1,5,2
FL,Florida,H0907,Florida Institute for Pediatric Rare Diseases,4,Passed,2025,2025-06-26,"Program and documentation, Responsible individual, General notice, Opt out/appeal",4,General/Other,"['Health Care Budget Subcommittee', 'Education Administration Subcommittee', 'Adam Anderson', 'Daniel Alvarez', 'Doug Bankson', 'Webster Barnaby', 'Yvette Benarroch', 'Dean Black', 'Omar Blanco', 'Erika Booth', 'Robert Brackett', 'Nan Cobb', 'Kimberly Daniels', 'Jervonte Edmonds', 'Anna Eskamani', 'Gallop Franklin', 'Michael Gottlieb', 'Jennifer Harris', 'Christine Hunschofsky', 'Dotie Joseph', 'Kim Kendall', 'Johanna Lopez', 'Toby Overdorf', 'Michael Owen', 'Bill Partington', 'Rachel Plakon', 'Susan Plasencia', 'Mike Redondo', 'Alejandro Rizo', 'Mitch Rosenwald', 'David Smith', 'Kevin Steele', 'Allison Tant', 'John Temple', 'Debra Tendrich', 'Dana Trabulsy', 'Chase Tramont', 'Susan Valdes', 'Brad Yeager']",https://legiscan.com/FL/bill/H0907/2025,0,1,0,1,Moderate Risk,0,0,0,0,0,8,1,5,2
FL,Florida,S1356,Florida Institute for Pediatric Rare Diseases,1,Introduced,2025,2025-02-26,"Program and documentation, Responsible individual, General notice, Opt out/appeal",4,General/Other,"['Fiscal Policy', 'Education Postsecondary', 'Colleen Burton', 'Lori Berman']",https://legiscan.com/FL/bill/S1356/2025,0,1,0,1,Pending - Some Exposure,0,0,0,0,0,8,1,5,2
FL,Florida,H1371,Law Enforcement Officers and Other Personnel,4,Passed,2025,2025-06-24,Program and documentation,1,Criminal,"['Judiciary Committee', 'House Budget Committee', 'Criminal Justice Subcommittee', 'Danny Nix', 'Daniel Alvarez', 'Shane Abbott', 'Jose Alvarez', 'Adam Anderson', 'Erika Booth', 'Thomas Fabricio', 'Michael Owen', 'Alejandro Rizo']",https://legiscan.com/FL/bill/H1371/2025,0,0,0,0,Low Risk,0,0,0,0,0,8,1,5,2
FL,Florida,S7026,Information Technology,6,Failed,2025,2025-06-16,"Program and documentation, Responsible individual, Third-party review",3,Cybersecurity,['Appropriations'],https://legiscan.com/FL/bill/S7026/2025,0,0,0,0,Pending - Low Exposure,0,0,0,0,0,8,1,5,2
FL,Florida,S1444,Public Safety,1,Introduced,2025,2025-02-26,Program and documentation,1,General/Other,"['Fiscal Policy', 'Appropriations Committee on Criminal and Civil Justice', 'Criminal Justice', 'Jay Collins']",https://legiscan.com/FL/bill/S1444/2025,0,0,0,0,Pending - Low Exposure,0,0,0,0,0,8,1,5,2
FL,Florida,S1180,Sexual Images,1,Introduced,2025,2025-02-25,,0,Digital Content/IP,"['Fiscal Policy', 'Appropriations Committee on Criminal and Civil Justice', 'Criminal Justice', 'Don Gaetz']",https://legiscan.com/FL/bill/S1180/2025,0,0,0,0,Pending - Low Exposure,0,0,0,0,0,8,1,5,2
FL,Florida,S1860,Keiser University Day,4,Passed,2025,2025-03-27,,0,Education,['Jay Collins'],https://legiscan.com/FL/bill/S1860/2025,0,0,0,0,Low Risk,0,0,0,0,0,8,1,5,2
FL,Florida,S1564,Taiwan,1,Introduced,2025,2025-02-27,,0,General/Other,['Alexis Calatayud'],https://legiscan.com/FL/bill/S1564/2025,0,0,0,0,Pending - Low Exposure,0,0,0,0,0,8,1,5,2
FL,Florida,H8027,Taiwan,1,Introduced,2025,2025-04-08,,0,General/Other,['Vicki Lopez'],https://legiscan.com/FL/bill/H8027/2025,0,0,0,0,Pending - Low Exposure,0,0,0,0,0,8,1,5,2
FL,Florida,H1157,Verification of Reemployment Assistance Benefit Eligibility,6,Failed,2025,2025-06-16,"Program and documentation, General notice",2,Employment,"['Commerce Committee', 'Housing, Agriculture & Tourism Subcommittee', 'Shane Abbott', 'Susan Plasencia', 'Michelle Salzman']",https://legiscan.com/FL/bill/H1157/2025,0,1,0,1,Pending - Some Exposure,0,0,0,0,0,8,1,5,2
FL,Florida,S0394,Elections,6,Failed,2025,2025-06-16,"Program and documentation, Assessments, Responsible individual, General notice, Registration",5,Elections,['Ileana Garcia'],https://legiscan.com/FL/bill/S0394/2025,0,1,1,2,Pending - High Exposure,0,0,0,0,0,8,1,5,2
FL,Florida,S2500,Appropriations,4,Passed,2025,2025-07-02,"Program and documentation, General notice, Registration, Opt out/appeal",4,Government,['Appropriations'],https://legiscan.com/FL/bill/S2500/2025,0,1,0,1,Moderate Risk,0,0,0,0,0,8,1,5,2
FL,Florida,S0166,Administrative Efficiency in Public Schools,6,Failed,2025,2025-06-16,"Program and documentation, General notice",2,Education,"['Fiscal Policy', 'Corey Simon']",https://legiscan.com/FL/bill/S0166/2025,0,1,0,1,Pending - Some Exposure,0,0,0,0,0,8,1,5,2
GA,Georgia,HB887,Insurance; use of artificial intelligence in making certain decisions regarding coverage; prohibit,1,Introduced,2024,2024-01-09,"Program and documentation, Opt out/appeal",2,Healthcare,['Mandisha Thomas'],https://legiscan.com/GA/bill/HB887/2023,0,0,0,0,Pending - Low Exposure,0,0,0,0,0,2,0,0,2
GA,Georgia,HB988,Georgia Technology Authority; annual inventory of artificial intelligence usage by state agencies; provide,2,Engrossed,2024,2024-02-16,"Program and documentation, Assessments, General notice, Nondiscrimination",4,Government,"['Brad Thomas', 'Todd Jones', 'Rick Jasperse', 'Beth Camp', 'Stan Gunter', 'Bruce Williamson', 'Ed Setzler']",https://legiscan.com/GA/bill/HB988/2023,1,1,1,3,Pending - High Exposure,0,0,0,0,0,2,0,0,2
GA,Georgia,HB986,Elections; election interference with a deep fake; establish criminal offense,2,Engrossed,2024,2024-02-22,"Program and documentation, Explanation/incident reporting",2,Elections; Criminal,"['Brad Thomas', 'Todd Jones', 'Rick Jasperse', 'Beth Camp', 'Stan Gunter', 'Bruce Williamson', 'John Albers']",https://legiscan.com/GA/bill/HB986/2023,0,0,0,0,Pending - Low Exposure,0,0,0,0,0,2,0,0,2
GA,Georgia,SR476,Senate Study Committee on Artificial Intelligence; create,4,Passed,2024,2024-03-26,"Program and documentation, Assessments, Responsible individual",3,AI Policy/Task Forces,"['John Albers', 'Randy Robertson', 'Jason Anavitarte', 'Russ Goodman', 'Brandon Beach', 'Jason Esteves', 'Chuck Payne', 'Matt Brass', 'Steve Gooch', 'Ricky Williams', 'Lee Anderson', 'Ed Setzler']",https://legiscan.com/GA/bill/SR476/2023,0,0,1,1,Moderate Risk,0,0,0,0,0,2,0,0,2
GA,Georgia,HB890,Laws and statutes; artificial intelligence and automated decision tools; provide for protections against discrimination,1,Introduced,2024,2024-01-09,Nondiscrimination,1,AI Governance,['Mandisha Thomas'],https://legiscan.com/GA/bill/HB890/2023,1,0,0,1,Pending - Some Exposure,0,0,0,0,0,2,0,0,2
GA,Georgia,HB1361,Crimes and offenses; distribution of computer generated obscene material depicting a child; prohibit,2,Engrossed,2024,2024-02-29,Program and documentation,1,Criminal; Children,"['Brad Thomas', 'Tyler Smith', 'Mike Cheokas', 'Matt Reeves', 'Steven Sainz', 'Shawn Still']",https://legiscan.com/GA/bill/HB1361/2023,0,0,0,0,Pending - Low Exposure,1,0,1,1,0,2,0,0,2
GA,Georgia,HR381,Seckinger High School; inaugural year; innovative artificial intelligence education; honor,4,Passed,2023,2023-03-01,Training,1,Education,['Farooq Mughal'],https://legiscan.com/GA/bill/HR381/2023,0,0,0,0,Low Risk,0,0,0,0,0,2,0,0,2
GA,Georgia,SB392,Elections; criminal offense of election interference with a deep fake and solicitation; establish,1,Introduced,2024,2024-01-24,"Program and documentation, Explanation/incident reporting",2,Elections; Criminal,"['John Albers', 'Max Burns', 'Randy Robertson', 'Ricky Williams', 'Brian Strickland', 'Brandon Beach', 'Jason Anavitarte', 'Russ Goodman', 'Chuck Payne', 'Matt Brass', 'Sally Harrell', 'Elena Parent']",https://legiscan.com/GA/bill/SB392/2023,0,0,0,0,Pending - Low Exposure,0,0,0,0,0,2,0,0,2
GA,Georgia,HB1192,Sales and use tax; certain high-technology data center equipment; prohibit issuance of new certificates of exemption,5,Vetoed,2024,2024-05-07,,0,Infrastructure,"['John Carson', 'Charles Martin', 'Shaw Blackmon', 'John Albers']",https://legiscan.com/GA/bill/HB1192/2023,0,0,0,0,Pending - Low Exposure,0,0,1,1,0,2,0,0,2
GA,Georgia,SR434,Lockheed Martin C-130 Hercules; commemorating the 70th anniversary of the first flight,4,Passed,2024,2024-01-09,"Program and documentation, Training",2,General/Other,"['Kay Kirkpatrick', 'Michael Rhett', 'Ed Setzler', 'John Albers', 'Jason Esteves']",https://legiscan.com/GA/bill/SR434/2023,0,0,0,0,Low Risk,0,0,0,0,0,2,0,0,2
GA,Georgia,HR880,First flight of the Lockheed Martin C-130 Hercules transport aircraft; 70th anniversary; recognize,4,Passed,2024,2024-01-25,Program and documentation,1,General/Other,"['Teri Anulewicz', 'Devan Seabaugh', 'Brian Prince', 'Josh Bonner', 'Scott Holcomb', 'Bill Hitchens']",https://legiscan.com/GA/bill/HR880/2023,0,0,0,0,Low Risk,0,0,0,0,0,2,0,0,2
GA,Georgia,HB203,Health; restrictions on sale and dispensing of contact lenses with respect to physicians; revise provisions,4,Passed,2023,2023-05-02,"Program and documentation, Assessments",2,Healthcare,"['Mark Newton', 'James Beverly', 'Lee Hawkins', 'Ron Stephens', 'Sharon Cooper', 'Matt Brass']",https://legiscan.com/GA/bill/HB203/2023,0,0,1,1,Moderate Risk,0,0,0,0,0,2,0,0,2
GA,Georgia,SB36,Pimping and Pandering; penalty provisions; increase,2,Engrossed,2023,2023-02-07,,0,Criminal,"['Randy Robertson', 'John Albers', 'Kay Kirkpatrick', 'Shelly Echols', 'Bo Hatchett', 'Lee Anderson', 'Billy Hickman', 'Marty Harbin', 'Brandon Beach', 'Frank Ginn', 'Greg Dolezal', 'Max Burns', 'Jason Anavitarte', 'Clint Dixon', 'Matt Brass', 'Ricky Williams', 'Blake Tillery', 'Shawn Still', 'Chuck Payne', 'Joseph Gullett']",https://legiscan.com/GA/bill/SB36/2023,0,0,0,0,Pending - Low Exposure,0,0,0,0,0,2,0,0,2
GA,Georgia,HB147,Georgia Technology Authority; annual inventory of artificial intelligence usage by state agencies; provide,2,Engrossed,2025,2025-02-20,"Program and documentation, Assessments, General notice, Nondiscrimination",4,Government,"['Brad Thomas', 'Todd Jones', 'Clint Crowe', 'Joseph Gullett', 'Rob Clifton', 'Don Parsons', 'John Albers']",https://legiscan.com/GA/bill/HB147/2025,1,1,1,3,Pending - High Exposure,0,0,0,0,0,2,0,0,2
GA,Georgia,HB171,Crimes and offenses; obscenity; repeal and replace Code Section 16-12-80,2,Engrossed,2025,2025-02-26,"Program and documentation, General notice",2,Criminal,"['Brad Thomas', 'Todd Jones', 'Sandy Donatucci', 'Leesa Hagan', 'John Carson', 'Carter Barrett', 'Shawn Still']",https://legiscan.com/GA/bill/HB171/2025,0,1,0,1,Pending - Some Exposure,0,0,0,0,0,2,0,0,2
GA,Georgia,SB37,"""AI Accountability Act""; enact",1,Introduced,2025,2025-01-27,"Program and documentation, Assessments, Training, Responsible individual, General notice, Explanation/incident reporting",6,AI Governance,"['John Albers', 'Shawn Still', 'Jason Esteves', 'Max Burns', 'Chuck Payne', 'Randy Robertson', 'Larry Walker']",https://legiscan.com/GA/bill/SB37/2025,0,1,1,2,Pending - High Exposure,0,0,0,0,0,2,0,0,2
GA,Georgia,SB9,"""Ensuring Accountability for Illegal AI Activities Act""; enact",2,Engrossed,2025,2025-03-04,"Program and documentation, General notice",2,AI Governance,"['John Albers', 'Shawn Still', 'Jason Esteves', 'Sheikh Rahman', 'Bill Cowsert', 'Chuck Payne', 'Emanuel Jones', 'Jason Anavitarte', 'Randy Robertson', 'Brad Thomas']",https://legiscan.com/GA/bill/SB9/2025,0,1,0,1,Pending - Some Exposure,0,0,0,0,0,2,0,0,2
GA,Georgia,SR431,Senate Impact of Social Media and Artificial Intelligence on Children and Platform Privacy Protection Study Committee; create,4,Passed,2025,2025-04-02,Program and documentation,1,Privacy; Children,"['Sally Harrell', 'Jason Anavitarte']",https://legiscan.com/GA/bill/SR431/2025,0,0,0,0,Low Risk,1,0,0,1,0,2,0,0,2
GA,Georgia,HB715,Fair and Future Ready Housing Act; enact,1,Introduced,2025,2025-03-03,"Responsible individual, General notice, Nondiscrimination",3,Housing,"['Bryce Berry', ""Dar'shun Kendrick"", 'Jasmine Clark', 'Stacey Evans', 'Scott Holcomb']",https://legiscan.com/GA/bill/HB715/2025,1,1,0,2,Pending - High Exposure,0,0,0,0,0,2,0,0,2
GA,Georgia,SB104,State Government; use or installation of any artificial intelligence system on state equipment when the company that developed or deployed such artificial intelligence system is associated with the People's Republic of China; prohibit,1,Introduced,2025,2025-02-05,Program and documentation,1,Government,"['Jason Anavitarte', 'John Albers', 'Steve Gooch', 'Larry Walker', 'Randy Robertson', 'Matt Brass', 'Bill Cowsert', 'Brian Strickland', 'John Kennedy', 'Lee Anderson', 'Clint Dixon', 'Billy Hickman']",https://legiscan.com/GA/bill/SB104/2025,0,0,0,0,Pending - Low Exposure,0,0,0,0,0,2,0,0,2
GA,Georgia,SB167,Commerce and Trade; private entities that employ certain AI systems to guard against discrimination caused by such systems; provide,1,Introduced,2025,2025-02-12,"Program and documentation, Assessments, Responsible individual, General notice, Explanation/incident reporting, Developer documentation, Opt out/appeal, Nondiscrimination",8,Employment,"['Nikki Merritt', 'Harold Jones', 'RaShaun Kemp', 'Nabilah Islam Parkes', 'Michael Rhett', 'Donzella James', 'Elena Parent', 'Kenya Wicks', 'Sally Harrell', 'Randal Mangham']",https://legiscan.com/GA/bill/SB167/2025,1,1,1,3,Pending - High Exposure,0,0,0,0,0,2,0,0,2
GA,Georgia,SR391,Senate Study Committee on Artificial Intelligence and Digital Currency; create,4,Passed,2025,2025-04-02,"Program and documentation, Responsible individual",2,AI Policy/Task Forces,"['John Albers', 'Shawn Still', 'Jason Anavitarte', 'Randy Robertson', 'Ed Setzler', 'Clint Dixon']",https://legiscan.com/GA/bill/SR391/2025,0,0,0,0,Low Risk,0,0,0,0,0,2,0,0,2
GA,Georgia,HB478,Commerce and trade; require that AI generated content include a disclaimer indicating such content was generated using artificial intelligence,1,Introduced,2025,2025-02-18,Labeling/notification,1,Insurance,"[""Dar'shun Kendrick""]",https://legiscan.com/GA/bill/HB478/2025,0,0,0,0,Pending - Low Exposure,0,0,0,0,0,2,0,0,2
GA,Georgia,HR299,"Carr, Evan Marie; commend",4,Passed,2025,2025-02-18,Program and documentation,1,General/Other,"[""Dar'shun Kendrick""]",https://legiscan.com/GA/bill/HR299/2025,0,0,0,0,Low Risk,0,0,0,0,0,2,0,0,2
GA,Georgia,HR294,"Davis, Sherrod; commend",4,Passed,2025,2025-02-18,,0,General/Other,"[""Dar'shun Kendrick""]",https://legiscan.com/GA/bill/HR294/2025,0,0,0,0,Low Risk,0,0,0,0,0,2,0,0,2
GA,Georgia,HR815,House Study Committee on Exploring the Potential for Humanoids and Robotics in Georgia Workforce Development; create,1,Introduced,2025,2025-03-27,"Program and documentation, Responsible individual",2,Employment,"['Todd Jones', ""Dar'shun Kendrick"", 'Scott Holcomb', 'Brent Cox', 'John Corbett', 'Brad Thomas']",https://legiscan.com/GA/bill/HR815/2025,0,0,0,0,Pending - Low Exposure,0,0,0,0,0,2,0,0,2
GA,Georgia,HR296,"Babajide, Patience; commend",4,Passed,2025,2025-02-18,,0,General/Other,"[""Dar'shun Kendrick""]",https://legiscan.com/GA/bill/HR296/2025,0,0,0,0,Low Risk,0,0,0,0,0,2,0,0,2
GA,Georgia,HR298,"Bell, Kristin; commend",4,Passed,2025,2025-02-18,,0,General/Other,"[""Dar'shun Kendrick""]",https://legiscan.com/GA/bill/HR298/2025,0,0,0,0,Low Risk,0,0,0,0,0,2,0,0,2
GA,Georgia,HR297,"Roberts, Laneisha; commend",4,Passed,2025,2025-02-18,,0,General/Other,"[""Dar'shun Kendrick""]",https://legiscan.com/GA/bill/HR297/2025,0,0,0,0,Low Risk,0,0,0,0,0,2,0,0,2
GA,Georgia,HR293,"Samedi, Stacey; commend",4,Passed,2025,2025-02-18,,0,General/Other,"[""Dar'shun Kendrick""]",https://legiscan.com/GA/bill/HR293/2025,0,0,0,0,Low Risk,0,0,0,0,0,2,0,0,2
GA,Georgia,HR300,"Smith, Denise N.; commend",4,Passed,2025,2025-02-18,,0,General/Other,"[""Dar'shun Kendrick""]",https://legiscan.com/GA/bill/HR300/2025,0,0,0,0,Low Risk,0,0,0,0,0,2,0,0,2
GA,Georgia,HR295,"Lyttle, Alicia; commend",4,Passed,2025,2025-02-18,Training,1,General/Other,"[""Dar'shun Kendrick""]",https://legiscan.com/GA/bill/HR295/2025,0,0,0,0,Low Risk,0,0,0,0,0,2,0,0,2
GA,Georgia,HR292,"Blanco, Dr. Whitney N.; commend",4,Passed,2025,2025-02-18,Program and documentation,1,General/Other,"[""Dar'shun Kendrick""]",https://legiscan.com/GA/bill/HR292/2025,0,0,0,0,Low Risk,0,0,0,0,0,2,0,0,2
GA,Georgia,SB318,Contracts; certain agreements involving parallel pricing coordination as unenforceable contracts in general restraint of trade with respect to residential rental properties; prohibit,1,Introduced,2025,2025-03-03,Program and documentation,1,Housing,"['Nikki Merritt', 'Nabilah Islam Parkes', 'Derek Mallow', 'Harold Jones', 'Sally Harrell', 'Kenya Wicks', 'Sonya Halpern', 'Elena Parent', 'Kim Jackson', 'RaShaun Kemp']",https://legiscan.com/GA/bill/SB318/2025,0,0,0,0,Pending - Low Exposure,0,0,0,0,0,2,0,0,2
GA,Georgia,HB679,End Rental Price-Fixing Act; enact,1,Introduced,2025,2025-02-27,Program and documentation,1,Housing,"['Gabriel Sanchez', 'Spencer Frye', 'Terry Cummings', 'Eric Bell', 'Rhonda Taylor', 'Marvin Lim']",https://legiscan.com/GA/bill/HB679/2025,0,0,0,0,Pending - Low Exposure,0,0,0,0,0,2,0,0,2
GA,Georgia,HB487,Quality Basic Education Act; computer science course shall be a high school graduation requirement beginning in 2031; provide,1,Introduced,2025,2025-02-18,"Program and documentation, Training",2,Education,"['Bethany Ballard', 'Matt Dubnik', 'Brad Thomas', 'Todd Jones', 'Scott Hilton']",https://legiscan.com/GA/bill/HB487/2025,0,0,0,0,Pending - Low Exposure,0,0,1,1,0,2,0,0,2
GA,Georgia,SB249,"""Quality Basic Education Act,""; beginning in the 2031-2032 school year, a computer science course shall be a high school graduation requirement; provide",1,Introduced,2025,2025-02-24,"Program and documentation, Training",2,Education,"['Clint Dixon', 'Jason Anavitarte', 'Max Burns', 'Marty Harbin', 'Billy Hickman', 'Shawn Still']",https://legiscan.com/GA/bill/SB249/2025,0,0,0,0,Pending - Low Exposure,0,0,1,1,0,2,0,0,2
GA,Georgia,SB164,Trade Practices; surveillance based price discrimination and surveillance based wage discrimination; prohibit,1,Introduced,2025,2025-02-12,"Program and documentation, Assessments, General notice, Nondiscrimination",4,Employment,"['Nikki Merritt', 'Harold Jones', 'Kim Jackson', 'Derek Mallow', 'RaShaun Kemp', 'Nabilah Islam Parkes', 'Michael Rhett', 'Donzella James', 'Elena Parent', 'Kenya Wicks', 'Sally Harrell', 'Nan Orrock', 'Randal Mangham']",https://legiscan.com/GA/bill/SB164/2025,1,1,1,3,Pending - High Exposure,0,0,0,0,0,2,0,0,2
GA,Georgia,HB566,NO FAKES Act of 2025; enact,1,Introduced,2025,2025-02-21,"Program and documentation, General notice",2,General/Other,"['Soo Hong', 'Todd Jones', 'Kasey Carpenter', 'Spencer Frye', 'Stan Gunter', 'Eric Bell']",https://legiscan.com/GA/bill/HB566/2025,0,1,0,1,Pending - Some Exposure,0,0,0,0,0,2,0,0,2
GA,Georgia,HB327,Official Code of Georgia Annotated; amend various titles,4,Passed,2025,2025-05-14,Program and documentation,1,General/Other,"['Rob Leverett', 'Chuck Efstration', 'Stan Gunter', 'Matt Reeves', 'Mary Oliver', 'Stacey Evans', 'John Kennedy']",https://legiscan.com/GA/bill/HB327/2025,0,0,0,0,Low Risk,0,0,0,0,0,2,0,0,2
GA,Georgia,SB179,Education; the academic and disciplinary records of each transferring student shall be provided within five days; require,2,Engrossed,2025,2025-03-06,"Program and documentation, Training, General notice, Opt out/appeal",4,Education,"['Clint Dixon', 'Steve Gooch', 'Bill Cowsert', 'John Kennedy', 'Frank Ginn', 'Russ Goodman', 'Billy Hickman', 'Randal Mangham', 'Chuck Hufstetler', 'Bethany Ballard']",https://legiscan.com/GA/bill/SB179/2025,0,1,0,1,Pending - Some Exposure,0,0,0,0,0,2,0,0,2
GA,Georgia,SB218,Prosecuting Attorneys Qualifications Commission; shall be assigned for administrative purposes only to the Administrative Office of the Courts; provide,2,Engrossed,2025,2025-03-06,"Program and documentation, Opt out/appeal",2,AI Policy/Task Forces,"['Randy Robertson', 'Brian Strickland', 'Steve Gooch', 'Larry Walker', 'Timothy Bearden', 'John Kennedy', 'Joseph Gullett']",https://legiscan.com/GA/bill/SB218/2025,0,0,0,0,Pending - Low Exposure,0,0,0,0,0,2,0,0,2
HI,Hawaii,SCR179,Urging Congress To Begin A Discussion Considering The Benefits And Risks Of Artificial Intelligence Technologies.,4,Passed,2023,2023-04-28,"Program and documentation, Assessments, Nondiscrimination",3,General/Other,['Chris Lee'],https://legiscan.com/HI/bill/SCR179/2023,1,0,1,2,High Risk,0,0,0,0,0,6,2,0,4
HI,Hawaii,SR123,Urging Congress To Begin A Discussion Considering The Benefits And Risks Of Artificial Intelligence Technologies.,4,Passed,2023,2023-04-05,"Program and documentation, Assessments, Nondiscrimination",3,General/Other,['Chris Lee'],https://legiscan.com/HI/bill/SR123/2023,1,0,1,2,High Risk,0,0,0,0,0,6,2,0,4
HI,Hawaii,SCR126,"Requesting The Department Of Business, Economic Development, And Tourism And The Department Of Labor And Industrial Relations To Co-convene A Working Group To Develop A Comprehensive Plan For Workforce Development With A Focus On The Priority Economic Clusters Established By The Department Of Business, Economic Development, And Tourism, To Meet The Needs Of The State's New Economy.",2,Engrossed,2023,2023-04-05,Program and documentation,1,Employment,['Sharon Moriwaki'],https://legiscan.com/HI/bill/SCR126/2023,0,0,0,0,Pending - Low Exposure,0,0,0,0,0,6,2,0,4
HI,Hawaii,HB901,Relating To The Protection Of Aquatic Mammals.,1,Introduced,2023,2023-01-25,,0,General/Other,"['Terez Amato', 'Ernesto Ganaden', 'Jeanne Kapela', 'Amy Perruso']",https://legiscan.com/HI/bill/HB901/2023,0,0,0,0,Pending - Low Exposure,0,0,0,0,0,6,2,0,4
HI,Hawaii,SB2572,Relating To Artificial Intelligence.,1,Introduced,2024,2024-01-19,"Program and documentation, Assessments, Responsible individual, General notice",4,General/Other,['Mike Gabbard'],https://legiscan.com/HI/bill/SB2572/2024,0,1,1,2,Pending - High Exposure,0,0,0,0,0,6,2,0,4
HI,Hawaii,HB2176,Relating To Artificial Intelligence.,1,Introduced,2024,2024-01-24,"Program and documentation, Assessments, Responsible individual, General notice",4,General/Other,"['Amy Perruso', 'Jeanne Kapela', 'Lisa Marten']",https://legiscan.com/HI/bill/HB2176/2024,0,1,1,2,Pending - High Exposure,0,0,0,0,0,6,2,0,4
HI,Hawaii,HB2152,Relating To Artificial Intelligence.,1,Introduced,2024,2024-01-22,"Program and documentation, Assessments, Training, Responsible individual, General notice, Labeling/notification, Nondiscrimination",7,General/Other,"['Kanani Souza', 'Elle Cochran']",https://legiscan.com/HI/bill/HB2152/2024,1,1,1,3,Pending - High Exposure,0,0,0,0,0,6,2,0,4
HI,Hawaii,HB1734,Relating To Artificial Intelligence.,1,Introduced,2024,2024-01-19,Labeling/notification,1,General/Other,"['Gene Ward', 'David Alcos', 'Diamond Garcia', 'Elijah Pierick', 'Lauren Matsumoto']",https://legiscan.com/HI/bill/HB1734/2024,0,0,0,0,Pending - Low Exposure,0,0,0,0,0,6,2,0,4
HI,Hawaii,SB2284,Relating To A Wildfire Forecast System For Hawaii.,4,Passed,2024,2024-07-08,Program and documentation,1,General/Other,"['Donovan Cruz', 'Henry Aquino', 'Troy Hashimoto', 'Dru Kanuha', 'Michelle Kidani', 'Glenn Wakai']",https://legiscan.com/HI/bill/SB2284/2024,0,0,0,0,Low Risk,0,0,0,0,0,6,2,0,4
HI,Hawaii,SR81,"Encouraging The United States Congress To Pass The Nurture Originals, Foster Art, And Keep Entertainment Safe Act Of 2023 (no Fakes Act) And The No Artificial Intelligence Fake Replicas And Unauthorized Duplications Act Of 2024 (no Ai Fraud Act).",1,Introduced,2024,2024-03-08,"Program and documentation, Nondiscrimination",2,General/Other,"['Lynn Decoite', 'Henry Aquino', 'Stanley Chang', 'Mike Gabbard', 'Michelle Kidani', 'Angus McKelvey', 'Sharon Moriwaki', 'Tim Richards', 'Maile Shimabukuro', 'Joy San Buenaventura']",https://legiscan.com/HI/bill/SR81/2024,1,0,0,1,Pending - Some Exposure,0,0,0,0,0,6,2,0,4
HI,Hawaii,SCR95,"Encouraging The United States Congress To Pass The Nurture Originals, Foster Art, And Keep Entertainment Safe Act Of 2023 (no Fakes Act) And The No Artificial Intelligence Fake Replicas And Unauthorized Duplications Act Of 2024 (no Ai Fraud Act).",1,Introduced,2024,2024-03-08,"Program and documentation, Nondiscrimination",2,General/Other,"['Lynn Decoite', 'Henry Aquino', 'Stanley Chang', 'Mike Gabbard', 'Michelle Kidani', 'Angus McKelvey', 'Sharon Moriwaki', 'Tim Richards', 'Maile Shimabukuro', 'Joy San Buenaventura']",https://legiscan.com/HI/bill/SCR95/2024,1,0,0,1,Pending - Some Exposure,0,0,0,0,0,6,2,0,4
HI,Hawaii,HB2245,Relating To Technology.,1,Introduced,2024,2024-01-24,Program and documentation,1,General/Other,"['Sean Quinlan', 'Terez Amato', 'Elle Cochran', 'Luke Evslin', 'Ernesto Ganaden', 'Cedric Gates', 'Darius Kila', 'Lisa Marten', 'Mark Nakashima', 'Scott Nishimoto', 'Justin Woodson', 'Della au Belatti', 'Jenna Takenouchi', 'Adrian Tam']",https://legiscan.com/HI/bill/HB2245/2024,0,0,0,0,Pending - Low Exposure,0,0,0,0,0,6,2,0,4
HI,Hawaii,SB2879,Relating To Technology.,1,Introduced,2024,2024-01-19,Program and documentation,1,General/Other,"['Glenn Wakai', 'Henry Aquino', 'Stanley Chang', 'Troy Hashimoto', 'Michelle Kidani', 'Angus McKelvey', 'Sharon Moriwaki']",https://legiscan.com/HI/bill/SB2879/2024,0,0,0,0,Pending - Low Exposure,0,0,0,0,0,6,2,0,4
HI,Hawaii,HCR65,Urging The Leadership Of The Department Of Law Enforcement To Periodically Undergo Training On Crimes Relating To Artificial Intelligence Technology.,1,Introduced,2024,2024-03-05,Training,1,Criminal,['Diamond Garcia'],https://legiscan.com/HI/bill/HCR65/2024,0,0,0,0,Pending - Low Exposure,0,0,0,0,0,6,2,0,4
HI,Hawaii,HR48,Urging The Leadership Of The Department Of Law Enforcement To Periodically Undergo Training On Crimes Relating To Artificial Intelligence Technology.,1,Introduced,2024,2024-03-05,Training,1,Criminal,['Diamond Garcia'],https://legiscan.com/HI/bill/HR48/2024,0,0,0,0,Pending - Low Exposure,0,0,0,0,0,6,2,0,4
HI,Hawaii,HB1924,Relating To A Wildfire Forecast System For Hawaii.,1,Introduced,2024,2024-01-22,Program and documentation,1,General/Other,"['Linda Ichiyama', 'Mahina Poepoe']",https://legiscan.com/HI/bill/HB1924/2024,0,0,0,0,Pending - Low Exposure,0,0,0,0,0,6,2,0,4
HI,Hawaii,SB2687,Relating To Elections.,4,Passed,2024,2024-07-05,"Program and documentation, Labeling/notification",2,Elections,"['Karl Rhoads', 'Angus McKelvey']",https://legiscan.com/HI/bill/SB2687/2024,0,0,0,0,Low Risk,0,0,0,0,0,6,2,0,4
HI,Hawaii,SB2396,Relating To Elections.,1,Introduced,2024,2024-01-19,"Program and documentation, Labeling/notification, Opt out/appeal",3,Elections,"['Karl Rhoads', 'Angus McKelvey']",https://legiscan.com/HI/bill/SB2396/2024,0,0,0,0,Pending - Low Exposure,0,0,0,0,0,6,2,0,4
HI,Hawaii,SB2860,Relating To Correctional Institutions.,1,Introduced,2024,2024-01-19,"Program and documentation, Assessments, Explanation/incident reporting",3,General/Other,['Angus McKelvey'],https://legiscan.com/HI/bill/SB2860/2024,0,0,1,1,Pending - Some Exposure,0,0,0,0,0,6,2,0,4
HI,Hawaii,HB1607,Relating To Algorithmic Discrimination.,1,Introduced,2024,2024-01-17,"Program and documentation, Assessments, General notice, Explanation/incident reporting, Third-party review, Nondiscrimination",6,AI Governance,"['David Tarnas', 'Terez Amato', 'Della au Belatti', 'Elle Cochran', 'Ernesto Ganaden', 'Jeanne Kapela', 'Lisa Marten', 'Rose Martinez', 'Mark Nakashima', 'Amy Perruso', 'Mahina Poepoe', 'Gregg Takayama', 'Adrian Tam']",https://legiscan.com/HI/bill/HB1607/2024,1,1,1,3,Pending - High Exposure,0,0,0,0,0,6,2,0,4
HI,Hawaii,HB1949,Relating To The Generation Of Wildfire Susceptibility Maps For Hawaii.,2,Engrossed,2024,2024-03-05,Program and documentation,1,General/Other,"['Linda Ichiyama', 'Mahina Poepoe']",https://legiscan.com/HI/bill/HB1949/2024,0,0,0,0,Pending - Low Exposure,0,0,0,0,0,6,2,0,4
HI,Hawaii,SB2524,Relating To Algorithmic Discrimination.,1,Introduced,2024,2024-01-19,"Program and documentation, Assessments, General notice, Explanation/incident reporting, Third-party review, Nondiscrimination",6,AI Governance,['Karl Rhoads'],https://legiscan.com/HI/bill/SB2524/2024,1,1,1,3,Pending - High Exposure,0,0,0,0,0,6,2,0,4
HI,Hawaii,HB1766,Relating To Elections.,2,Engrossed,2024,2024-03-05,"Program and documentation, Labeling/notification, Opt out/appeal",3,Elections,"['Trish La Chica', 'Terez Amato', 'Daniel Holt', 'Natalia Hussey-Burdick', 'Jeanne Kapela', 'Nicole Lowen', 'Lisa Marten', 'Rose Martinez', 'Amy Perruso', 'Gregg Takayama', 'Adrian Tam', 'Chris Todd', 'Gene Ward', 'Elle Cochran', 'Cedric Gates', 'Sean Quinlan']",https://legiscan.com/HI/bill/HB1766/2024,0,0,0,0,Pending - Low Exposure,0,0,0,0,0,6,2,0,4
HI,Hawaii,SR132,Requesting The Hawaii Professional Chapter Of The Society Of Professional Journalists To Recommend A Process That Individuals Can Utilize To Evaluate And Identify Whether Or Not News Sources Adhere To Ethical And Objective Standards.,4,Passed,2024,2024-04-04,Program and documentation,1,General/Other,"['Chris Lee', 'Kurt Fevella', 'Mike Gabbard', 'Troy Hashimoto', 'Michelle Kidani', 'Sharon Moriwaki', 'Joy San Buenaventura', 'Maile Shimabukuro']",https://legiscan.com/HI/bill/SR132/2024,0,0,0,0,Low Risk,0,0,0,0,0,6,2,0,4
HI,Hawaii,SCR155,Requesting The Hawaii Professional Chapter Of The Society Of Professional Journalists To Recommend A Process That Individuals Can Utilize To Evaluate And Identify Whether Or Not News Sources Adhere To Ethical And Objective Standards.,2,Engrossed,2024,2024-04-04,Program and documentation,1,General/Other,"['Chris Lee', 'Kurt Fevella', 'Mike Gabbard', 'Troy Hashimoto', 'Michelle Kidani', 'Sharon Moriwaki', 'Joy San Buenaventura', 'Maile Shimabukuro']",https://legiscan.com/HI/bill/SCR155/2024,0,0,0,0,Pending - Low Exposure,0,0,0,0,0,6,2,0,4
HI,Hawaii,SB2285,Relating To The State Health Planning And Development Agency.,2,Engrossed,2024,2024-03-05,Program and documentation,1,Healthcare,"['Donovan Cruz', 'Henry Aquino', 'Troy Hashimoto', 'Dru Kanuha', 'Michelle Kidani', 'Sharon Moriwaki', 'Joy San Buenaventura', 'Glenn Wakai']",https://legiscan.com/HI/bill/SB2285/2024,0,0,0,0,Pending - Low Exposure,0,0,0,0,0,6,2,0,4
HI,Hawaii,SB2502,Relating To The Generation Of Wildfire Susceptibility Maps For Hawaii.,2,Engrossed,2024,2024-03-05,Program and documentation,1,General/Other,"['Donovan Cruz', 'Henry Aquino', 'Troy Hashimoto', 'Michelle Kidani', 'Glenn Wakai']",https://legiscan.com/HI/bill/SB2502/2024,0,0,0,0,Pending - Low Exposure,0,0,0,0,0,6,2,0,4
HI,Hawaii,HB901,Relating To The Protection Of Aquatic Mammals.,1,Introduced,2023,2023-01-25,,0,General/Other,"['Terez Amato', 'Ernesto Ganaden', 'Jeanne Kapela', 'Amy Perruso']",https://legiscan.com/HI/bill/HB901/2024,0,0,0,0,Pending - Low Exposure,0,0,0,0,0,6,2,0,4
HI,Hawaii,SB3256,Relating To Government Records.,1,Introduced,2024,2024-01-24,"Program and documentation, General notice",2,Government,"['Donna Kim', 'Stanley Chang', 'Lynn Decoite', 'Troy Hashimoto', 'Michelle Kidani', 'Glenn Wakai']",https://legiscan.com/HI/bill/SB3256/2024,0,1,0,1,Pending - Some Exposure,0,0,0,0,0,6,2,0,4
HI,Hawaii,SB2462,Relating To The State Health Planning And Development Agency.,1,Introduced,2024,2024-01-19,Program and documentation,1,Healthcare,"['Joy San Buenaventura', 'Stanley Chang', 'Angus McKelvey', 'Tim Richards', 'Jarrett Keohokalole']",https://legiscan.com/HI/bill/SB2462/2024,0,0,0,0,Pending - Low Exposure,0,0,0,0,0,6,2,0,4
HI,Hawaii,SB2918,Relating To The State Health Planning And Development Agency.,1,Introduced,2024,2024-01-19,"Program and documentation, Responsible individual",2,Healthcare,"['Jarrett Keohokalole', 'Stanley Chang', 'Angus McKelvey', 'Michelle Kidani']",https://legiscan.com/HI/bill/SB2918/2024,0,0,0,0,Pending - Low Exposure,0,0,0,0,0,6,2,0,4
HI,Hawaii,HCR71,Requesting The Department Of Health To Convene A Stakeholder Working Group To Make Recommendations To Enhance Meaningful Access To Health Care In The State Through The Provision Of Language Assistance Services.,4,Passed,2024,2024-04-22,"Program and documentation, Assessments",2,Healthcare,"['Greggor Ilagan', 'Della au Belatti', 'Cory Chun', 'Elle Cochran', 'Luke Evslin', 'Ernesto Ganaden', 'Andrew Garrett', 'Mark Hashem', 'Linda Ichiyama', 'Kirstin Kahaloa', 'Darius Kila', 'Trish La Chica', 'Rachele Fernandez Lamosao', 'Rose Martinez', 'Tyson Miyake', 'May Mizuno', 'Jackson Sayama', 'Gregg Takayama', 'Adrian Tam', 'Justin Woodson']",https://legiscan.com/HI/bill/HCR71/2024,0,0,1,1,Moderate Risk,0,0,0,0,0,6,2,0,4
HI,Hawaii,HB1681,Relating To Motor Carriers.,1,Introduced,2024,2024-01-18,,0,General/Other,['Mark Nakashima'],https://legiscan.com/HI/bill/HB1681/2024,0,0,0,0,Pending - Low Exposure,0,0,0,0,0,6,2,0,4
HI,Hawaii,SB2097,Relating To Motor Carriers.,1,Introduced,2024,2024-01-17,,0,General/Other,"['Glenn Wakai', 'Kurt Fevella', 'Michelle Kidani']",https://legiscan.com/HI/bill/SB2097/2024,0,0,0,0,Pending - Low Exposure,0,0,0,0,0,6,2,0,4
HI,Hawaii,HB546,Relating To Artificial Intelligence.,2,Engrossed,2025,2025-02-28,"Program and documentation, Responsible individual",2,General/Other,"['Andrew Garrett', 'Jeanne Kapela', 'Darius Kila', 'Ikaika Olds', 'Jackson Sayama']",https://legiscan.com/HI/bill/HB546/2025,0,0,0,0,Pending - Low Exposure,0,0,0,0,0,6,2,0,4
HI,Hawaii,SB1622,Relating To Artificial Intelligence.,2,Engrossed,2025,2025-03-04,"Program and documentation, Responsible individual",2,General/Other,"['Donna Kim', 'Stanley Chang', 'Lorraine Inouye', 'Angus McKelvey', 'Tim Richards', 'Joy San Buenaventura', 'Glenn Wakai']",https://legiscan.com/HI/bill/SB1622/2025,0,0,0,0,Pending - Low Exposure,0,0,0,0,0,6,2,0,4
HI,Hawaii,HB1384,Relating To Artificial Intelligence.,1,Introduced,2025,2025-01-23,"Program and documentation, Responsible individual",2,General/Other,"['Andrew Garrett', 'Terez Amato', 'Della au Belatti', 'Cory Chun', 'Jeanne Kapela', 'Sue Keohokapu-Lee Loy', 'Darius Kila', 'Rachele Fernandez Lamosao', 'Tyson Miyake', 'Daynette Morikawa', 'Amy Perruso', 'Mahina Poepoe', 'Sean Quinlan', 'Kanani Souza', 'Gregg Takayama', 'Gene Ward']",https://legiscan.com/HI/bill/HB1384/2025,0,0,0,0,Pending - Low Exposure,0,0,0,0,0,6,2,0,4
HI,Hawaii,SB487,Relating To A Statewide Data And Artificial Intelligence Governance And Decision Intelligence Center.,1,Introduced,2025,2025-01-17,"Program and documentation, Responsible individual, General notice",3,General/Other,['Stanley Chang'],https://legiscan.com/HI/bill/SB487/2025,0,1,0,1,Pending - Some Exposure,0,0,0,0,0,6,2,0,4
HI,Hawaii,HB726,Relating To A Statewide Data And Artificial Intelligence Governance And Decision Intelligence Center.,1,Introduced,2025,2025-01-21,"Program and documentation, Responsible individual, General notice",3,General/Other,"['Ikaika Hussey', 'Terez Amato', 'Della au Belatti', 'Tina Grandinetti', 'Jeanne Kapela', 'Amy Perruso']",https://legiscan.com/HI/bill/HB726/2025,0,1,0,1,Pending - Some Exposure,0,0,0,0,0,6,2,0,4
HI,Hawaii,HB639,Relating To Artificial Intelligence.,1,Introduced,2025,2025-01-21,"General notice, Labeling/notification",2,General/Other,"['Trish La Chica', 'Tina Grandinetti', 'Kim Iwamoto', 'Nicole Lowen', 'Lisa Marten', 'Amy Perruso', 'Elijah Pierick', 'Chris Todd', 'Gene Ward']",https://legiscan.com/HI/bill/HB639/2025,0,1,0,1,Pending - Some Exposure,0,0,0,0,0,6,2,0,4
HI,Hawaii,SB640,Relating To Artificial Intelligence.,1,Introduced,2025,2025-01-17,"General notice, Labeling/notification",2,General/Other,"['Jarrett Keohokalole', 'Stanley Chang', 'Kurt Fevella', 'Carol Fukunaga', 'Troy Hashimoto', 'Sharon Moriwaki', 'Joy San Buenaventura', 'Glenn Wakai']",https://legiscan.com/HI/bill/SB640/2025,0,1,0,1,Pending - Some Exposure,0,0,0,0,0,6,2,0,4
HI,Hawaii,HB487,Relating To Government Efficiency.,1,Introduced,2025,2025-01-21,"Program and documentation, Explanation/incident reporting",2,Government,['Chris Muraoka'],https://legiscan.com/HI/bill/HB487/2025,0,0,0,0,Pending - Low Exposure,0,0,0,0,0,6,2,0,4
HI,Hawaii,HB824,Relating To Government Efficiency.,1,Introduced,2025,2025-01-23,"Program and documentation, Explanation/incident reporting",2,Government,['Chris Muraoka'],https://legiscan.com/HI/bill/HB824/2025,0,0,0,0,Pending - Low Exposure,0,0,0,0,0,6,2,0,4
HI,Hawaii,HB718,Relating To Positions At The John A. Burns School Of Medicine.,4,Passed,2025,2025-05-27,Program and documentation,1,Education,"['Gregg Takayama', 'Terez Amato', 'Andrew Garrett', 'Mark Hashem', 'Amy Perruso', 'Adrian Tam']",https://legiscan.com/HI/bill/HB718/2025,0,0,0,0,Low Risk,0,0,0,0,0,6,2,0,4
HI,Hawaii,SB59,Relating To Algorithmic Discrimination.,1,Introduced,2025,2025-01-15,"Program and documentation, Assessments, General notice, Explanation/incident reporting, Third-party review, Nondiscrimination",6,AI Governance,"['Karl Rhoads', 'Stanley Chang', 'Chris Lee']",https://legiscan.com/HI/bill/SB59/2025,1,1,1,3,Pending - High Exposure,0,0,0,0,0,6,2,0,4
HI,Hawaii,HB465,Relating To Dynamic Pricing.,1,Introduced,2025,2025-01-21,"Program and documentation, Nondiscrimination",2,General/Other,"['Tina Grandinetti', 'Della au Belatti', 'Kim Iwamoto', 'Amy Perruso', 'Mahina Poepoe', 'Chris Todd']",https://legiscan.com/HI/bill/HB465/2025,1,0,0,1,Pending - Some Exposure,0,0,0,0,0,6,2,0,4
HI,Hawaii,SB785,Relating To Dynamic Pricing.,1,Introduced,2025,2025-01-17,"Program and documentation, Nondiscrimination",2,General/Other,"['Karl Rhoads', 'Stanley Chang']",https://legiscan.com/HI/bill/SB785/2025,1,0,0,1,Pending - Some Exposure,0,0,0,0,0,6,2,0,4
HI,Hawaii,HR67,Requesting The Department Of Education And University Of Hawaii To Assess The Criteria Required To Establish An Educational Pipeline And Curriculum To Ensure That Students Acquire The Necessary Skills In Advanced Manufacturing And Cybersecurity.,4,Passed,2025,2025-03-27,Assessments,1,Education,['Greggor Ilagan'],https://legiscan.com/HI/bill/HR67/2025,0,0,1,1,Moderate Risk,0,0,0,0,0,6,2,0,4
HI,Hawaii,HCR75,Requesting The Department Of Education And University Of Hawaii To Assess The Criteria Required To Establish An Educational Pipeline And Curriculum To Ensure That Students Acquire The Necessary Skills In Advanced Manufacturing And Cybersecurity.,2,Engrossed,2025,2025-03-27,Assessments,1,Education,['Greggor Ilagan'],https://legiscan.com/HI/bill/HCR75/2025,0,0,1,1,Pending - Some Exposure,0,0,0,0,0,6,2,0,4
HI,Hawaii,HB716,Relating To Health.,2,Engrossed,2025,2025-02-28,"Program and documentation, Training",2,Healthcare,"['Gregg Takayama', 'Terez Amato', 'Tina Grandinetti', 'Daniel Holt', 'Kim Iwamoto', 'Lisa Kitagawa', 'Rachele Fernandez Lamosao', 'Lisa Marten', 'Ikaika Olds', 'Amy Perruso', 'Mahina Poepoe', 'Jenna Takenouchi', 'David Tarnas']",https://legiscan.com/HI/bill/HB716/2025,0,0,0,0,Pending - Low Exposure,0,0,0,0,0,6,2,0,4
HI,Hawaii,SB1217,Relating To Positions At The John A. Burns School Of Medicine.,1,Introduced,2025,2025-01-23,Program and documentation,1,Education,['Sharon Moriwaki'],https://legiscan.com/HI/bill/SB1217/2025,0,0,0,0,Pending - Low Exposure,0,0,0,0,0,6,2,0,4
HI,Hawaii,SB742,Relating To Data Sharing.,4,Passed,2025,2025-06-03,"Program and documentation, Responsible individual",2,General/Other,['Donovan Cruz'],https://legiscan.com/HI/bill/SB742/2025,0,0,0,0,Low Risk,0,0,0,0,0,6,2,0,4
HI,Hawaii,HB1176,Relating To The Hawaii Technology Development Corporation.,1,Introduced,2025,2025-01-23,"Program and documentation, General notice",2,General/Other,"['Scot Matayoshi', 'Cory Chun']",https://legiscan.com/HI/bill/HB1176/2025,0,1,0,1,Pending - Some Exposure,0,0,0,0,0,6,2,0,4
HI,Hawaii,HB484,Relating To Transitional Homes.,1,Introduced,2025,2025-01-21,"Program and documentation, Assessments, General notice",3,General/Other,['Chris Muraoka'],https://legiscan.com/HI/bill/HB484/2025,0,1,1,2,Pending - High Exposure,0,0,0,0,0,6,2,0,4
HI,Hawaii,SB1176,Relating To State Computer Language.,1,Introduced,2025,2025-01-17,Program and documentation,1,General/Other,['Angus McKelvey'],https://legiscan.com/HI/bill/SB1176/2025,0,0,0,0,Pending - Low Exposure,0,0,1,1,0,6,2,0,4
HI,Hawaii,SB1288,Relating To Transitional Homes.,1,Introduced,2025,2025-01-23,"Program and documentation, Assessments, General notice",3,General/Other,"['Samantha DeCorte', 'Stanley Chang', 'Donna Kim']",https://legiscan.com/HI/bill/SB1288/2025,0,1,1,2,Pending - High Exposure,0,0,0,0,0,6,2,0,4
HI,Hawaii,SB959,Relating To Health.,1,Introduced,2025,2025-01-17,"Program and documentation, Training",2,Healthcare,"['Joy San Buenaventura', 'Stanley Chang', 'Troy Hashimoto', 'Dru Kanuha', 'Angus McKelvey', 'Karl Rhoads']",https://legiscan.com/HI/bill/SB959/2025,0,0,0,0,Pending - Low Exposure,0,0,0,0,0,6,2,0,4
HI,Hawaii,SCR35,Requesting The Hawaii Technology Development Corporation To Initiate The Planning Of A Health Care Technology Hub In Kakaako To Accelerate The Adoption Of Health Care Technology And Promote The Development And Growth Of Hawaii's Highly Skilled Health Care Workforce.,1,Introduced,2025,2025-03-04,Program and documentation,1,Healthcare; Employment,['Sharon Moriwaki'],https://legiscan.com/HI/bill/SCR35/2025,0,0,0,0,Pending - Low Exposure,0,0,0,0,0,6,2,0,4
HI,Hawaii,SCR78,Requesting The Hawaii Community Development Authority To Initiate The Planning Of A Health Tech Hub In Kakaako To Accelerate The Adoption Of Health Care Technology And Promote The Development And Growth Of Hawaii's Highly Skilled Health Care Workforce.,1,Introduced,2025,2025-03-07,Program and documentation,1,Healthcare; Employment,['Sharon Moriwaki'],https://legiscan.com/HI/bill/SCR78/2025,0,0,0,0,Pending - Low Exposure,0,0,0,0,0,6,2,0,4
HI,Hawaii,SR61,Requesting The Hawaii Community Development Authority To Initiate The Planning Of A Health Tech Hub In Kakaako To Accelerate The Adoption Of Health Care Technology And Promote The Development And Growth Of Hawaii's Highly Skilled Health Care Workforce.,1,Introduced,2025,2025-03-07,Program and documentation,1,Healthcare; Employment,['Sharon Moriwaki'],https://legiscan.com/HI/bill/SR61/2025,0,0,0,0,Pending - Low Exposure,0,0,0,0,0,6,2,0,4
HI,Hawaii,HR112,Requesting The Hawaii Community Development Authority To Initiate The Planning Of A Health Tech Hub In Kakaako To Accelerate The Adoption Of Health Care Technology And Promote The Development And Growth Of Hawaii's Highly Skilled Health Care Workforce.,1,Introduced,2025,2025-03-07,Program and documentation,1,Healthcare; Employment,['Greggor Ilagan'],https://legiscan.com/HI/bill/HR112/2025,0,0,0,0,Pending - Low Exposure,0,0,0,0,0,6,2,0,4
HI,Hawaii,HCR116,Requesting The Hawaii Community Development Authority To Initiate The Planning Of A Health Tech Hub In Kakaako To Accelerate The Adoption Of Health Care Technology And Promote The Development And Growth Of Hawaii's Highly Skilled Health Care Workforce.,1,Introduced,2025,2025-03-07,Program and documentation,1,Healthcare; Employment,['Greggor Ilagan'],https://legiscan.com/HI/bill/HCR116/2025,0,0,0,0,Pending - Low Exposure,0,0,0,0,0,6,2,0,4
HI,Hawaii,HR151,"Requesting The Hawaii Technology Development Corporation To Increase Its Focus On Advanced Manufacturing And Cybersecurity To Build A Stronger, Diversified Economy, Create High-wage Job Opportunities, And Position Hawaii As A Leader In Innovation And National Security In The Pacific.",4,Passed,2025,2025-03-27,Program and documentation,1,Employment,['Greggor Ilagan'],https://legiscan.com/HI/bill/HR151/2025,0,0,0,0,Low Risk,0,0,0,0,0,6,2,0,4
HI,Hawaii,SR24,"Requesting The Hawaii Technology Development Corporation To Increase Its Focus On Advanced Manufacturing And Cybersecurity To Allow Local Manufacturers To Expand Production, Lower Costs, And Create New Products.",4,Passed,2025,2025-04-02,Program and documentation,1,Cybersecurity,['Lynn Decoite'],https://legiscan.com/HI/bill/SR24/2025,0,0,0,0,Low Risk,0,0,0,0,0,6,2,0,4
HI,Hawaii,SCR40,"Requesting The Hawaii Technology Development Corporation To Increase Its Focus On Advanced Manufacturing And Cybersecurity To Allow Local Manufacturers To Expand Production, Lower Costs, And Create New Products.",4,Passed,2025,2025-04-16,Program and documentation,1,Cybersecurity,['Lynn Decoite'],https://legiscan.com/HI/bill/SCR40/2025,0,0,0,0,Low Risk,0,0,0,0,0,6,2,0,4
HI,Hawaii,HCR156,"Requesting The Hawaii Technology Development Corporation To Increase Its Focus On Advanced Manufacturing And Cybersecurity To Build A Stronger, Diversified Economy, Create High-wage Job Opportunities, And Position Hawaii As A Leader In Innovation And National Security In The Pacific.",4,Passed,2025,2025-04-16,Program and documentation,1,Employment,['Greggor Ilagan'],https://legiscan.com/HI/bill/HCR156/2025,0,0,0,0,Low Risk,0,0,0,0,0,6,2,0,4
HI,Hawaii,HB665,Relating To Data Sharing.,1,Introduced,2025,2025-01-21,"Program and documentation, Responsible individual",2,General/Other,"['Darius Kila', 'Cory Chun', 'Luke Evslin', 'Andrew Garrett', 'Tina Grandinetti', 'Rachele Fernandez Lamosao', 'Lisa Marten', 'Sean Quinlan', 'Gregg Takayama', 'Chris Todd', 'Gene Ward']",https://legiscan.com/HI/bill/HB665/2025,0,0,0,0,Pending - Low Exposure,0,0,0,0,0,6,2,0,4
HI,Hawaii,HB62,Relating To Healthcare Facility Nurse Staffing.,1,Introduced,2025,2025-01-16,"Program and documentation, Responsible individual, General notice, Third-party review, Opt out/appeal",5,Healthcare,"['Kanani Souza', 'Amy Perruso', 'Mahina Poepoe']",https://legiscan.com/HI/bill/HB62/2025,0,1,0,1,Pending - Some Exposure,0,0,0,0,0,6,2,0,4
HI,Hawaii,SB1219,Relating To Transportation.,1,Introduced,2025,2025-01-23,Program and documentation,1,Vehicles,"['Glenn Wakai', 'Stanley Chang', 'Mike Gabbard', 'Joy San Buenaventura']",https://legiscan.com/HI/bill/SB1219/2025,0,0,0,0,Pending - Low Exposure,0,0,0,0,0,6,2,0,4
HI,Hawaii,SR26,Strongly Supporting And Recommending The Implementation Of The Revised 2025 Hawaii Patient Bill Of Rights.,1,Introduced,2025,2025-03-06,"Program and documentation, Assessments, General notice, Explanation/incident reporting, Opt out/appeal",5,Healthcare,['Carol Fukunaga'],https://legiscan.com/HI/bill/SR26/2025,0,1,1,2,Pending - High Exposure,0,0,0,0,0,6,2,0,4
HI,Hawaii,SR28,Strongly Supporting And Recommending The Implementation Of The Revised 2025 Hawaii Patient Bill Of Rights.,1,Introduced,2025,2025-03-06,"Program and documentation, Assessments, General notice, Explanation/incident reporting, Third-party review, Opt out/appeal",6,Healthcare,"['Mike Gabbard', 'Stanley Chang', 'Kurt Fevella', 'Michelle Kidani', 'Joy San Buenaventura']",https://legiscan.com/HI/bill/SR28/2025,0,1,1,2,Pending - High Exposure,0,0,0,0,0,6,2,0,4
HI,Hawaii,HR194,Strongly Supporting And Recommending The Implementation Of The Revised 2025 Hawaii Patient Bill Of Rights.,1,Introduced,2025,2025-03-07,"Program and documentation, Assessments, General notice, Explanation/incident reporting, Third-party review, Opt out/appeal",6,Healthcare,"['Terez Amato', 'Kim Iwamoto', 'Amy Perruso', 'Kanani Souza']",https://legiscan.com/HI/bill/HR194/2025,0,1,1,2,Pending - High Exposure,0,0,0,0,0,6,2,0,4
HI,Hawaii,SCR43,Strongly Supporting And Recommending The Implementation Of The Revised 2025 Hawaii Patient Bill Of Rights.,1,Introduced,2025,2025-03-06,"Program and documentation, Assessments, General notice, Explanation/incident reporting, Third-party review, Opt out/appeal",6,Healthcare,['Carol Fukunaga'],https://legiscan.com/HI/bill/SCR43/2025,0,1,1,2,Pending - High Exposure,0,0,0,0,0,6,2,0,4
HI,Hawaii,HCR202,Strongly Supporting And Recommending The Implementation Of The Revised 2025 Hawaii Patient Bill Of Rights.,1,Introduced,2025,2025-03-07,"Program and documentation, Assessments, General notice, Explanation/incident reporting, Third-party review, Opt out/appeal",6,Healthcare,"['Terez Amato', 'Kim Iwamoto', 'Amy Perruso', 'Kanani Souza']",https://legiscan.com/HI/bill/HCR202/2025,0,1,1,2,Pending - High Exposure,0,0,0,0,0,6,2,0,4
HI,Hawaii,SCR45,Strongly Supporting And Recommending The Implementation Of The Revised 2025 Hawaii Patient Bill Of Rights.,1,Introduced,2025,2025-03-06,"Program and documentation, Assessments, General notice, Explanation/incident reporting, Third-party review, Opt out/appeal",6,Healthcare,"['Mike Gabbard', 'Stanley Chang', 'Kurt Fevella', 'Michelle Kidani', 'Joy San Buenaventura']",https://legiscan.com/HI/bill/SCR45/2025,0,1,1,2,Pending - High Exposure,0,0,0,0,0,6,2,0,4
ID,Idaho,H0568,Adds to existing law to establish the Artificial Intelligence Advisory Council.,2,Engrossed,2024,2024-03-01,"Program and documentation, Assessments, Responsible individual, General notice, Third-party review, Nondiscrimination",6,AI Policy/Task Forces,"['Environment, Energy and Technology Committee']",https://legiscan.com/ID/bill/H0568/2024,1,1,1,3,Pending - High Exposure,0,0,0,0,0,1,1,0,0
ID,Idaho,H0391,Adds to existing law to provide for the crime of disclosing explicit synthetic media.,1,Introduced,2024,2024-01-12,Program and documentation,1,Deepfakes; Criminal,"['Judiciary, Rules and Administration Committee', 'Kevin Cook', 'John Gannon']",https://legiscan.com/ID/bill/H0391/2024,0,0,0,0,Pending - Low Exposure,0,0,0,0,0,1,1,0,0
ID,Idaho,H0575,Adds to existing law to provide for the crime of disclosing explicit synthetic media.,4,Passed,2024,2024-03-20,"Program and documentation, Nondiscrimination",2,Deepfakes; Criminal,"['State Affairs Committee', 'Kevin Cook', 'Bruce Skaug']",https://legiscan.com/ID/bill/H0575/2024,1,0,0,1,Moderate Risk,0,0,0,0,0,1,1,0,0
ID,Idaho,H0421,Amends existing law to define terms and to revise definitions regarding “sex” and “gender.”,4,Passed,2024,2024-04-10,,0,Adult Content,['State Affairs Committee'],https://legiscan.com/ID/bill/H0421/2024,0,0,0,0,Low Risk,0,0,0,0,0,1,1,0,0
ID,Idaho,S1349,"Amends, repeals, and adds to existing law to establish the Uniform Guardianship, Conservatorship, and Other Protective Arrangements Act.",1,Introduced,2024,2024-02-12,"Program and documentation, General notice, Registration, Opt out/appeal",4,General/Other,['Judiciary and Rules Committee'],https://legiscan.com/ID/bill/S1349/2024,0,1,0,1,Pending - Some Exposure,0,0,0,0,0,1,1,0,0
ID,Idaho,S1067,Adds to existing law to establish limitations on regulation of artificial intelligence.,1,Introduced,2025,2025-02-07,Program and documentation,1,General/Other,['Commerce and Human Resources Committee'],https://legiscan.com/ID/bill/S1067/2025,0,0,0,0,Pending - Low Exposure,0,0,0,0,0,1,1,0,0
ID,Idaho,H0127,Adds to existing law to establish provisions regarding disclosure of artificial intelligence communications.,1,Introduced,2025,2025-02-04,"General notice, Labeling/notification, Opt out/appeal",3,AI Governance,"['Judiciary, Rules and Administration Committee']",https://legiscan.com/ID/bill/H0127/2025,0,1,0,1,Pending - Some Exposure,0,0,0,0,0,1,1,0,0
ID,Idaho,H0364,Adds to existing law to establish the Department of Governmental Efficiency Task Force.,2,Engrossed,2025,2025-03-10,"Program and documentation, Responsible individual",2,Government,"['State Affairs Committee', 'Jordan Redman']",https://legiscan.com/ID/bill/H0364/2025,0,0,0,0,Pending - Low Exposure,0,0,0,0,0,1,1,0,0
ID,Idaho,S1182,"Amends, repeals, and adds to existing law to establish the Uniform Guardianship, Conservatorship, and Other Protective Arrangements Act.",1,Introduced,2025,2025-03-20,"Program and documentation, General notice, Registration, Opt out/appeal",4,General/Other,['Judiciary and Rules Committee'],https://legiscan.com/ID/bill/S1182/2025,0,1,0,1,Pending - Some Exposure,0,0,0,0,0,1,1,0,0
IL,Illinois,HB4836,STATE AGENCIES-AI SYSTEMS,6,Failed,2025,2025-01-07,"Program and documentation, Assessments, Responsible individual",3,Government,['Abdelnasser Rashid'],https://legiscan.com/IL/bill/HB4836/2023,0,0,1,1,Pending - Some Exposure,0,0,0,0,0,10,2,6,2
IL,Illinois,HB3563,DOIT-AI TASK FORCE,4,Passed,2023,2023-08-04,"Program and documentation, Assessments",2,AI Policy/Task Forces,"['Abdelnasser Rashid', 'Justin Slaughter', 'Jaime Andrade', 'Jawaharial Williams', 'Edgar Gonzalez', 'Kevin Olickal', 'Rita Mayfield', 'Hoan Huynh', 'Natalie Manley', 'Lamont Robinson', 'Stephanie Kifowit', 'Emanuel Welch', 'Robert Peters', 'Willie Preston', 'Steve Stadelman', 'Laura Ellman']",https://legiscan.com/IL/bill/HB3563/2023,0,0,1,1,Moderate Risk,0,0,0,0,0,10,2,6,2
IL,Illinois,HB4762,DIGITAL LIKENESS PROTECTION,4,Passed,2024,2024-08-09,"Program and documentation, General notice, Opt out/appeal",3,Digital Content/IP,"['Jennifer Gong-Gershowitz', 'Emanuel Welch', 'Hoan Huynh', 'Travis Weaver', 'Thaddeus Jones', 'Maurice West', 'Stephanie Kifowit', 'Sue Scherer', 'Jenn Ladisch Douglass', 'Michelle Mussman', 'Mary Edly-Allen', 'Adriane Johnson', 'Michael Hastings', 'Cristina Castro', 'Rachel Ventura', 'Javier Cervantes', 'Emil Jones', 'Meg Loughran Cappel', 'Laura Murphy']",https://legiscan.com/IL/bill/HB4762/2023,0,1,0,1,Moderate Risk,0,0,0,0,0,10,2,6,2
IL,Illinois,HB5321,CONSUMER FRAUD-AI LABELING,6,Failed,2025,2025-01-07,"Program and documentation, Labeling/notification",2,Consumer Protection,['Abdelnasser Rashid'],https://legiscan.com/IL/bill/HB5321/2023,0,0,0,0,Pending - Low Exposure,0,0,0,0,0,10,2,6,2
IL,Illinois,HB4875,PUBLICITY ACT-USE OF AI,4,Passed,2024,2024-08-09,Program and documentation,1,Digital Content/IP,"['Jennifer Gong-Gershowitz', 'Daniel Didech', 'Jawaharial Williams', 'Sharon Chung', 'Jehan Gordon-Booth', 'Terra Costa Howard', 'Jenn Ladisch Douglass', 'Kambium Buckner', 'Harry Benton', 'Marcus Evans', 'Cyril Nichols', 'Abdelnasser Rashid', 'Anne Stava-Murray', 'Dagmara Avelar', 'Hoan Huynh', 'Emanuel Welch', 'Diane Blair-Sherlock', 'Nabeela Syed', 'Katie Stuart', 'Robert Rita', 'Stephanie Kifowit', 'Travis Weaver', 'Sue Scherer', 'Kevin Olickal', 'Suzanne Ness', 'Yolanda Morris', 'Camille Lilly', 'Kimberly Du Buclet', 'Janet Yang Rohr', 'Mary Edly-Allen', 'Adriane Johnson', 'Steve Stadelman', 'Doris Turner', 'Laura Fine', 'Christopher Belt', 'Julie Morrison', 'Mike Simmons', 'Laura Murphy', 'Suzanne Glowiak Hilton', 'Meg Loughran Cappel', 'Michael Halpin', 'Laura Ellman', 'Seth Lewis', 'Lakesia Collins']",https://legiscan.com/IL/bill/HB4875/2023,0,0,0,0,Low Risk,0,0,0,0,0,10,2,6,2
IL,Illinois,HB5099,AI USE IN GOVT CONTRACTS,6,Failed,2025,2025-01-07,"Program and documentation, General notice",2,General/Other,['Abdelnasser Rashid'],https://legiscan.com/IL/bill/HB5099/2023,0,1,0,1,Pending - Some Exposure,0,0,0,0,0,10,2,6,2
IL,Illinois,HB5228,AI USE IN GOVT CONTRACTS,6,Failed,2025,2025-01-07,"Program and documentation, General notice",2,General/Other,['Abdelnasser Rashid'],https://legiscan.com/IL/bill/HB5228/2023,0,1,0,1,Pending - Some Exposure,0,0,0,0,0,10,2,6,2
IL,Illinois,HB4624,ELEC CD-DECEPTION OR FORGERY,6,Failed,2025,2025-01-07,"Program and documentation, General notice, Nondiscrimination",3,General/Other,['Jennifer Gong-Gershowitz'],https://legiscan.com/IL/bill/HB4624/2023,1,1,0,2,Pending - High Exposure,0,0,0,0,0,10,2,6,2
IL,Illinois,SB2983,ELEC CD-DECEPTION OR FORGERY,6,Failed,2025,2025-01-07,Program and documentation,1,General/Other,['Mary Edly-Allen'],https://legiscan.com/IL/bill/SB2983/2023,0,0,0,0,Pending - Low Exposure,0,0,0,0,0,10,2,6,2
IL,Illinois,HB5649,DFPR-AI-MENTAL HEALTH SERVICE,6,Failed,2025,2025-01-07,"Program and documentation, General notice",2,Healthcare,['Abdelnasser Rashid'],https://legiscan.com/IL/bill/HB5649/2023,0,1,0,1,Pending - Some Exposure,0,0,0,0,0,10,2,6,2
IL,Illinois,SB3325,PUBLICITY ACT-USE OF AI,6,Failed,2025,2025-01-07,Program and documentation,1,Digital Content/IP,"['Mary Edly-Allen', 'Adriane Johnson', 'Lakesia Collins', 'Sara Feigenholtz', 'Steve Stadelman', 'Javier Cervantes', 'Julie Morrison', 'Karina Villa', 'Doris Turner', 'Ann Gillespie', 'Robert Peters', 'Celina Villanueva', 'Mike Simmons', 'Patrick Joyce', 'Meg Loughran Cappel', 'Suzanne Glowiak Hilton', 'Michael Halpin', 'Christopher Belt', 'Laura Murphy', 'Laura Fine', 'Robert Martwick', 'Dan McConchie', 'Rachel Ventura', 'Dale Fowler', 'Seth Lewis', 'Laura Ellman', 'Omar Aquino']",https://legiscan.com/IL/bill/SB3325/2023,0,0,0,0,Pending - Low Exposure,0,0,0,0,0,10,2,6,2
IL,Illinois,SB2762,ELEC CD-AI ADVERT DISCLOSURE,6,Failed,2025,2025-01-07,Labeling/notification,1,AI Governance,['Steve Stadelman'],https://legiscan.com/IL/bill/SB2762/2023,0,0,0,0,Pending - Low Exposure,0,0,0,0,0,10,2,6,2
IL,Illinois,HB5322,ALGORITHMIC IMPACT ASSESSMENTS,6,Failed,2025,2025-01-07,"Program and documentation, Assessments, General notice, Developer documentation, Nondiscrimination",5,AI Governance,['Abdelnasser Rashid'],https://legiscan.com/IL/bill/HB5322/2023,1,1,1,3,Pending - High Exposure,0,0,0,0,0,10,2,6,2
IL,Illinois,HB4705,ARTIFICIAL INTELLIGENCE REPORT,6,Failed,2025,2025-01-07,"Program and documentation, Responsible individual, General notice",3,General/Other,['Abdelnasser Rashid'],https://legiscan.com/IL/bill/HB4705/2023,0,1,0,1,Pending - Some Exposure,0,0,0,0,0,10,2,6,2
IL,Illinois,HB5639,DOIT-AI TASK FORCE,6,Failed,2025,2025-01-07,"Program and documentation, Assessments, Nondiscrimination",3,AI Policy/Task Forces,['Abdelnasser Rashid'],https://legiscan.com/IL/bill/HB5639/2023,1,0,1,2,Pending - High Exposure,0,0,0,0,0,10,2,6,2
IL,Illinois,HB5848,SCH CD-BULLYING-DEEPFAKE,6,Failed,2025,2025-01-07,"Program and documentation, General notice, Nondiscrimination",3,Deepfakes,"['Janet Yang Rohr', 'Jennifer Gong-Gershowitz', 'Gregg Johnson', 'Barbara Hernandez', 'Robert Rita', 'Joyce Mason', 'Maura Hirschauer', 'Laura Faver Dias', 'Anne Stava-Murray', 'Dave Vella', 'Kimberly Du Buclet']",https://legiscan.com/IL/bill/HB5848/2023,1,1,0,2,Pending - High Exposure,0,0,0,0,0,10,2,6,2
IL,Illinois,HB5918,AI USE IN HEALTH INSURANCE ACT,6,Failed,2025,2025-01-07,"Program and documentation, Assessments, Responsible individual, General notice, Opt out/appeal, Nondiscrimination",6,Healthcare,['Bob Morgan'],https://legiscan.com/IL/bill/HB5918/2023,1,1,1,3,Pending - High Exposure,0,0,0,0,0,10,2,6,2
IL,Illinois,HB3773,LIMIT PREDICTIVE ANALYTICS USE,4,Passed,2024,2024-08-09,"Program and documentation, Nondiscrimination",2,General/Other,"['Jaime Andrade', 'Abdelnasser Rashid', 'Lilian Jimenez', 'Jay Hoffman', 'Dave Vella', 'Natalie Manley', 'Will Guzzardi', 'Dagmara Avelar', 'Barbara Hernandez', 'Emanuel Welch', 'Javier Cervantes']",https://legiscan.com/IL/bill/HB3773/2023,1,0,0,1,Moderate Risk,0,0,0,0,0,10,2,6,2
IL,Illinois,HB5399,BD HIGHER ED-AI IN EDUC REPORT,6,Failed,2025,2025-01-07,Program and documentation,1,General/Other,['Abdelnasser Rashid'],https://legiscan.com/IL/bill/HB5399/2023,0,0,0,0,Pending - Low Exposure,0,0,0,0,0,10,2,6,2
IL,Illinois,HB4869,CONSUMER FRAUD-AI DISCLOSURE,6,Failed,2025,2025-01-07,"General notice, Labeling/notification",2,Consumer Protection,"['Hoan Huynh', 'Norma Hernandez', 'Kevin Olickal']",https://legiscan.com/IL/bill/HB4869/2023,0,1,0,1,Pending - Some Exposure,0,0,0,0,0,10,2,6,2
IL,Illinois,SB3248,PROTECTS VOICE & IMAGES,6,Failed,2025,2025-01-07,"Program and documentation, Opt out/appeal",2,Digital Content/IP,['Dave Syverson'],https://legiscan.com/IL/bill/SB3248/2023,0,0,0,0,Pending - Low Exposure,0,0,0,0,0,10,2,6,2
IL,Illinois,HB0299,EDUCATION-TECH,6,Failed,2025,2025-01-07,,0,Education,"['Janet Yang Rohr', 'Jennifer Gong-Gershowitz', 'Gregg Johnson', 'Barbara Hernandez', 'Robert Rita', 'Joyce Mason', 'Maura Hirschauer', 'Laura Faver Dias', 'Anne Stava-Murray', 'Dave Vella', 'Kimberly Du Buclet', 'Suzanne Ness', 'Kelly Cassidy', 'Matt Hanson', 'Don Harmon']",https://legiscan.com/IL/bill/HB0299/2023,0,0,0,0,Pending - Low Exposure,0,0,0,0,0,10,2,6,2
IL,Illinois,HB3285,AI VOICE OR LIKENESS CONSENT,6,Failed,2025,2025-01-07,"Labeling/notification, Opt out/appeal",2,Digital Content/IP,['Stephanie Kifowit'],https://legiscan.com/IL/bill/HB3285/2023,0,0,0,0,Pending - Low Exposure,0,0,0,0,0,10,2,6,2
IL,Illinois,SB2786,DIGITAL FORGERIES ACT,6,Failed,2025,2025-01-07,"Program and documentation, Labeling/notification, Opt out/appeal",3,General/Other,['Mary Edly-Allen'],https://legiscan.com/IL/bill/SB2786/2023,0,0,0,0,Pending - Low Exposure,0,0,0,0,0,10,2,6,2
IL,Illinois,HB4763,DIGITAL FORGERIES ACT,6,Failed,2025,2025-01-07,"Program and documentation, Labeling/notification, Opt out/appeal",3,General/Other,['Jennifer Gong-Gershowitz'],https://legiscan.com/IL/bill/HB4763/2023,0,0,0,0,Pending - Low Exposure,0,0,0,0,0,10,2,6,2
IL,Illinois,HB0364,EMPLOYMENT-TECH,6,Failed,2025,2025-01-07,Program and documentation,1,Employment,['Emanuel Welch'],https://legiscan.com/IL/bill/HB0364/2023,0,0,0,0,Pending - Low Exposure,0,0,0,0,0,10,2,6,2
IL,Illinois,SB0504,EMPLOYMENT-TECH,6,Failed,2025,2025-01-07,Program and documentation,1,Employment,"['Omar Aquino', 'Javier Cervantes', 'Mattie Hunter', 'Ram Villivalam', 'Kimberly Lightford', 'Napoleon Harris']",https://legiscan.com/IL/bill/SB0504/2023,0,0,0,0,Pending - Low Exposure,0,0,0,0,0,10,2,6,2
IL,Illinois,SB3705,DIGITAL LIKENESS PROTECTION,6,Failed,2025,2025-01-07,"Program and documentation, General notice, Opt out/appeal",3,Digital Content/IP,['Mary Edly-Allen'],https://legiscan.com/IL/bill/SB3705/2023,0,1,0,1,Pending - Some Exposure,0,0,0,0,0,10,2,6,2
IL,Illinois,SB2847,CRIM CD-ARTIFICIAL INTELLIGENC,6,Failed,2025,2025-01-07,Program and documentation,1,General/Other,['Meg Loughran Cappel'],https://legiscan.com/IL/bill/SB2847/2023,0,0,0,0,Pending - Low Exposure,0,0,0,0,0,10,2,6,2
IL,Illinois,HB4837,CRIM CD-CHILD PORNOGRAPHY,6,Failed,2025,2025-01-07,Program and documentation,1,Children,['Abdelnasser Rashid'],https://legiscan.com/IL/bill/HB4837/2023,0,0,0,0,Pending - Low Exposure,1,0,0,1,0,10,2,6,2
IL,Illinois,HB3943,SOCIAL MEDIA MODERATION,6,Failed,2025,2025-01-07,"Program and documentation, General notice, Explanation/incident reporting, Opt out/appeal",4,Social Media,['Jenn Ladisch Douglass'],https://legiscan.com/IL/bill/HB3943/2023,0,1,0,1,Pending - Some Exposure,0,0,0,0,0,10,2,6,2
IL,Illinois,HB5116,AUTOMATED DECISION TOOLS,6,Failed,2025,2025-01-07,"Program and documentation, Assessments, Responsible individual, General notice, Opt out/appeal",5,AI Governance,['Daniel Didech'],https://legiscan.com/IL/bill/HB5116/2023,0,1,1,2,Pending - High Exposure,0,0,0,0,0,10,2,6,2
IL,Illinois,SB2668,PROHIBITED PROP OWNERSHIP,6,Failed,2025,2025-01-07,"Program and documentation, Responsible individual",2,General/Other,"['Sally Turner', 'Thomas Bennett', 'John Curran', 'Jil Tracy', 'Dan McConchie', 'Donald DeWitte', 'Win Stoller', 'Andrew Chesney', 'Terri Bryant', 'Neil Anderson', 'Dave Syverson']",https://legiscan.com/IL/bill/SB2668/2023,0,0,0,0,Pending - Low Exposure,0,0,0,0,0,10,2,6,2
IL,Illinois,HB4076,MEDICAID-REDETERMINATIONS,6,Failed,2025,2025-01-07,Program and documentation,1,Healthcare,['Camille Lilly'],https://legiscan.com/IL/bill/HB4076/2023,0,0,0,0,Pending - Low Exposure,0,0,0,0,0,10,2,6,2
IL,Illinois,HB4625,SCH CD-DIGITAL LITERACY SKILLS,6,Failed,2025,2025-01-07,"Program and documentation, Training",2,General/Other,['Janet Yang Rohr'],https://legiscan.com/IL/bill/HB4625/2023,0,0,0,0,Pending - Low Exposure,0,0,0,0,0,10,2,6,2
IL,Illinois,HB3338,SAFE PATIENT LIMITS,6,Failed,2025,2025-01-07,"Program and documentation, Training, Opt out/appeal, Nondiscrimination",4,Healthcare,"['Theresa Mah', 'Fred Crespo', 'Mary Flowers', 'Barbara Hernandez', 'Elizabeth Hernandez', 'Will Guzzardi', 'Nabeela Syed', 'Michael Kelly', 'Yolanda Morris', 'Debbie Meyers-Martin', 'Lilian Jimenez']",https://legiscan.com/IL/bill/HB3338/2023,1,0,0,1,Pending - Some Exposure,0,0,0,0,0,10,2,6,2
IL,Illinois,SB2314,SAFE PATIENT LIMITS ACT,6,Failed,2025,2025-01-07,"Program and documentation, Training, Opt out/appeal, Nondiscrimination",4,Healthcare,"['Celina Villanueva', 'Javier Cervantes', 'Ram Villivalam', 'Rachel Ventura', 'Kimberly Lightford', 'Robert Peters', 'Laura Murphy', 'Mattie Hunter']",https://legiscan.com/IL/bill/SB2314/2023,1,0,0,1,Pending - Some Exposure,0,0,0,0,0,10,2,6,2
IL,Illinois,HB3385,DATA PRIVACY AND PROTECTION,6,Failed,2025,2025-01-07,"Program and documentation, Assessments, Training, Responsible individual, General notice, Opt out/appeal, Nondiscrimination",7,Privacy,['Abdelnasser Rashid'],https://legiscan.com/IL/bill/HB3385/2023,1,1,1,3,Pending - High Exposure,0,0,0,0,0,10,2,6,2
IL,Illinois,SB2795,SAFE PATIENT LIMITS ACT,6,Failed,2025,2025-01-07,"Program and documentation, Training, Nondiscrimination",3,Healthcare,['Michael Halpin'],https://legiscan.com/IL/bill/SB2795/2023,1,0,0,1,Pending - Some Exposure,0,0,0,0,0,10,2,6,2
IL,Illinois,HB5511,PROCUREMENT-BID PREFERENCE,4,Passed,2024,2024-08-09,Program and documentation,1,Government,"['Jay Hoffman', 'Katie Stuart', 'Cristina Castro', 'Napoleon Harris']",https://legiscan.com/IL/bill/HB5511/2023,0,0,0,0,Low Risk,0,1,0,1,0,10,2,6,2
IL,Illinois,HB4844,FIRST 2024 GENERAL REVISORY,4,Passed,2024,2024-07-01,"Program and documentation, General notice, Registration, Opt out/appeal",4,General/Other,"['Robyn Gabel', 'William Cunningham']",https://legiscan.com/IL/bill/HB4844/2023,0,1,0,1,Moderate Risk,0,0,0,0,0,10,2,6,2
IL,Illinois,HB4302,REPEAL REPRODUCTIVE HEALTH ACT,6,Failed,2025,2025-01-07,"Program and documentation, General notice, Registration, Opt out/appeal",4,Healthcare,['Paul Jacobs'],https://legiscan.com/IL/bill/HB4302/2023,0,1,0,1,Pending - Some Exposure,0,0,0,0,0,10,2,6,2
IL,Illinois,HB2606,REPEAL REPRODUCTIVE HEALTH ACT,6,Failed,2025,2025-01-07,"Program and documentation, General notice, Registration, Opt out/appeal",4,Healthcare,"['Adam Niemerg', 'Chris Miller']",https://legiscan.com/IL/bill/HB2606/2023,0,1,0,1,Pending - Some Exposure,0,0,0,0,0,10,2,6,2
IL,Illinois,HB2289,FIRST 2023 GENERAL REVISORY,4,Passed,2023,2023-06-30,"Program and documentation, General notice, Registration, Opt out/appeal",4,General/Other,"['Robyn Gabel', 'Ryan Spain', 'William Cunningham']",https://legiscan.com/IL/bill/HB2289/2023,0,1,0,1,Moderate Risk,0,0,0,0,0,10,2,6,2
IL,Illinois,SB2437,FIRST 2023 GENERAL REVISORY,6,Failed,2025,2025-01-07,"Program and documentation, General notice, Registration, Opt out/appeal",4,General/Other,['William Cunningham'],https://legiscan.com/IL/bill/SB2437/2023,0,1,0,1,Pending - Some Exposure,0,0,0,0,0,10,2,6,2
IL,Illinois,HB3817,FY24 BUDGET IMPLEMENTATION,4,Passed,2023,2023-06-07,,0,Government,"['Jehan Gordon-Booth', 'Sharon Chung', 'Sonya Harper', 'Barbara Hernandez', 'Lance Yednock', 'Sue Scherer', 'Lawrence Walsh', 'Emanuel Welch', 'Curtis Tarver', 'Fred Crespo', 'Diane Blair-Sherlock', 'Mary Canty', 'Joyce Mason', 'Janet Yang Rohr', 'Norma Hernandez', 'Elgie Sims', 'Mary Edly-Allen', 'Laura Ellman', 'Napoleon Harris']",https://legiscan.com/IL/bill/HB3817/2023,0,0,0,0,Low Risk,0,0,0,0,0,10,2,6,2
IL,Illinois,HB2503,SCH CD-ARTIFICIAL INTELLIGENCE,1,Introduced,2025,2025-02-03,"Program and documentation, Assessments, Training, Responsible individual, General notice",5,General/Other,"['Laura Faver Dias', 'Camille Lilly', 'Will Guzzardi']",https://legiscan.com/IL/bill/HB2503/2025,0,1,1,2,Pending - High Exposure,0,0,0,0,0,10,2,6,2
IL,Illinois,HB1806,THERAPY RESOURCES OVERSIGHT,4,Passed,2025,2025-08-01,Program and documentation,1,AI Governance,"['Bob Morgan', 'Michael Crawford', 'Gregg Johnson', 'Aaron Ortiz', 'Katie Stuart', 'Nabeela Syed', 'Janet Yang Rohr', 'Anne Stava-Murray', 'Lisa Davis', 'Camille Lilly', 'Hoan Huynh', 'Ram Villivalam', 'Mary Edly-Allen', 'Robert Martwick', 'Celina Villanueva', 'Karina Villa', 'Robert Peters', 'Mark Walker', 'Mike Simmons']",https://legiscan.com/IL/bill/HB1806/2025,0,0,0,0,Low Risk,0,0,0,0,0,10,2,6,2
IL,Illinois,SB1556,SCH CD-ARTIFICIAL INTELLIGENCE,1,Introduced,2025,2025-02-04,"Program and documentation, Assessments, Training, Responsible individual, General notice, Explanation/incident reporting",6,General/Other,['Meg Loughran Cappel'],https://legiscan.com/IL/bill/SB1556/2025,0,1,1,2,Pending - High Exposure,0,0,0,0,0,10,2,6,2
IL,Illinois,HB3646,DOIT-AI TASK FORCE,2,Engrossed,2025,2025-04-11,"Program and documentation, Assessments, General notice, Nondiscrimination",4,AI Policy/Task Forces,"['Norma Hernandez', 'Abdelnasser Rashid', 'Hoan Huynh', 'Robert Peters']",https://legiscan.com/IL/bill/HB3646/2025,1,1,1,3,Pending - High Exposure,0,0,0,0,0,10,2,6,2
IL,Illinois,SB1929,PROVENANCE DATA REQUIREMENTS,1,Introduced,2025,2025-02-06,"Program and documentation, Labeling/notification, Third-party review",3,AI Governance,['Mary Edly-Allen'],https://legiscan.com/IL/bill/SB1929/2025,0,0,0,0,Pending - Low Exposure,0,0,0,0,0,10,2,6,2
IL,Illinois,SB2117,USE OF AI BY STATE GOVERNMENT,1,Introduced,2025,2025-02-07,"Program and documentation, Assessments",2,Government,"['Sally Turner', 'Terri Bryant']",https://legiscan.com/IL/bill/SB2117/2025,0,0,1,1,Pending - Some Exposure,0,0,0,0,0,10,2,6,2
IL,Illinois,HB0035,AI USE IN HEALTH INSURANCE ACT,2,Engrossed,2025,2025-04-09,"Program and documentation, Responsible individual, General notice, Opt out/appeal",4,Healthcare,"['Bob Morgan', 'Lilian Jimenez', 'Janet Yang Rohr', 'Nicolle Grasse', 'Jennifer Gong-Gershowitz', 'Curtis Tarver', 'Hoan Huynh', 'Laura Fine', 'Graciela Guzman']",https://legiscan.com/IL/bill/HB0035/2025,0,1,0,1,Pending - Some Exposure,0,0,0,0,0,10,2,6,2
IL,Illinois,SB1792,FRAUD-ARTIFICIAL INTELLIGENCE,1,Introduced,2025,2025-02-06,Labeling/notification,1,General/Other,['Laura Ellman'],https://legiscan.com/IL/bill/SB1792/2025,0,0,0,0,Pending - Low Exposure,0,0,0,0,0,10,2,6,2
IL,Illinois,SB1920,SCH CD-ASL IMPLEMENTATION,4,Passed,2025,2025-08-15,"Program and documentation, General notice",2,General/Other,"['Doris Turner', 'Lakesia Collins', 'Mike Simmons', 'Robert Martwick', 'Laura Faver Dias', 'Sue Scherer', 'Nicolle Grasse', 'Tracy Katz Muhl', 'Michael Crawford', 'Mary Canty']",https://legiscan.com/IL/bill/SB1920/2025,0,1,0,1,Moderate Risk,0,0,0,0,0,10,2,6,2
IL,Illinois,HB2655,BD HIGHER ED-AI ED REPORT,1,Introduced,2025,2025-02-04,Program and documentation,1,General/Other,"['Abdelnasser Rashid', 'Diane Blair-Sherlock', 'Michael Crawford', 'Kevin Olickal']",https://legiscan.com/IL/bill/HB2655/2025,0,0,0,0,Pending - Low Exposure,0,0,0,0,0,10,2,6,2
IL,Illinois,SB2259,HEALTH CARE GENERATIVE AI USE,1,Introduced,2025,2025-02-07,"Program and documentation, Labeling/notification",2,Healthcare,['Laura Fine'],https://legiscan.com/IL/bill/SB2259/2025,0,0,0,0,Pending - Low Exposure,0,0,0,0,0,10,2,6,2
IL,Illinois,HB1859,COM COL-COURSE INSTRUCTOR-AI,4,Passed,2025,2025-08-15,Program and documentation,1,General/Other,"['Abdelnasser Rashid', 'Michael Crawford', 'Hoan Huynh', 'Diane Blair-Sherlock', 'Kevin Olickal', 'Rick Ryan', 'Norma Hernandez', 'Lindsey LaPointe', 'Mike Porfirio', 'Karina Villa']",https://legiscan.com/IL/bill/HB1859/2025,0,0,0,0,Low Risk,0,0,0,0,0,10,2,6,2
IL,Illinois,SB0150,ELEC CD-AI ADVERT DISCLOSURE,1,Introduced,2025,2025-01-17,Labeling/notification,1,AI Governance,"['Steve Stadelman', 'Sally Turner', 'Mary Edly-Allen']",https://legiscan.com/IL/bill/SB0150/2025,0,0,0,0,Pending - Low Exposure,0,0,0,0,0,10,2,6,2
IL,Illinois,SB1425,AI USE IN HEALTH INSURANCE ACT,1,Introduced,2025,2025-01-31,"Program and documentation, Assessments, Responsible individual, General notice, Opt out/appeal, Nondiscrimination",6,Healthcare,['Laura Fine'],https://legiscan.com/IL/bill/SB1425/2025,1,1,1,3,Pending - High Exposure,0,0,0,0,0,10,2,6,2
IL,Illinois,HB3506,ARTIFICIAL INTELLIGENCE SAFETY,1,Introduced,2025,2025-02-07,"Program and documentation, Assessments, General notice, Third-party review",4,General/Other,['Daniel Didech'],https://legiscan.com/IL/bill/HB3506/2025,0,1,1,2,Pending - High Exposure,0,0,0,0,0,10,2,6,2
IL,Illinois,SB1366,STATE GOVT AI ACT,1,Introduced,2025,2025-01-29,"Program and documentation, Assessments",2,AI Governance,"['Sally Turner', 'Terri Bryant']",https://legiscan.com/IL/bill/SB1366/2025,0,0,1,1,Pending - Some Exposure,0,0,0,0,0,10,2,6,2
IL,Illinois,HB3021,CONSUMER FRAUD-AI DECEPTION,1,Introduced,2025,2025-02-06,Labeling/notification,1,Consumer Protection,"['Abdelnasser Rashid', 'Kambium Buckner', 'Theresa Mah', 'Camille Lilly']",https://legiscan.com/IL/bill/HB3021/2025,0,0,0,0,Pending - Low Exposure,0,0,0,0,0,10,2,6,2
IL,Illinois,SB2203,AUTOMATED DECISION TOOLS,1,Introduced,2025,2025-02-07,"Program and documentation, Assessments, Responsible individual, General notice, Opt out/appeal, Nondiscrimination",6,AI Governance,['Graciela Guzman'],https://legiscan.com/IL/bill/SB2203/2025,1,1,1,3,Pending - High Exposure,0,0,0,0,0,10,2,6,2
IL,Illinois,HB3851,SCH CD-CYBER-BULLYING,4,Passed,2025,2025-08-15,"Program and documentation, Nondiscrimination",2,Cybersecurity,"['Janet Yang Rohr', 'Jennifer Gong-Gershowitz', 'Abdelnasser Rashid', 'Jeff Keicher', 'Harry Benton', 'Anthony DeLuca', 'Paul Jacobs', 'Norine Hammond', 'Camille Lilly', 'Nicolle Grasse', 'Martha Deuter', 'Matt Hanson', 'Yolanda Morris', 'Sharon Chung', 'Amy Briel', 'Meg Loughran Cappel', 'Mary Edly-Allen', 'Laura Ellman', 'Suzanne Glowiak Hilton', 'Erica Harriss', 'Sally Turner', 'Jason Plummer', 'Li Arellano', 'Christopher Belt', 'Mike Simmons', 'Steve Stadelman']",https://legiscan.com/IL/bill/HB3851/2025,1,0,0,1,Moderate Risk,0,0,0,0,0,10,2,6,2
IL,Illinois,HB1937,APA-SURVEY,1,Introduced,2025,2025-01-29,"Program and documentation, Responsible individual",2,General/Other,['Jed Davis'],https://legiscan.com/IL/bill/HB1937/2025,0,0,0,0,Pending - Low Exposure,0,0,0,0,0,10,2,6,2
IL,Illinois,HB3567,AI-MEANINGFUL HUMAN REVIEW,1,Introduced,2025,2025-02-07,"Program and documentation, Assessments, Responsible individual, General notice, Explanation/incident reporting, Opt out/appeal, Nondiscrimination",7,General/Other,"['Amy Briel', 'Abdelnasser Rashid', 'Norma Hernandez', 'Hoan Huynh', 'Gregg Johnson', 'Rick Ryan', 'Michael Crawford', 'Lisa Davis', 'Harry Benton', 'Kevin Olickal', 'Kelly Cassidy', 'Will Guzzardi', 'Yolanda Morris', 'Aaron Ortiz', 'Nicolle Grasse', 'Martha Deuter', 'Maurice West', 'Matt Hanson', 'Laura Faver Dias', 'Camille Lilly', 'Kimberly Du Buclet', 'Katie Stuart', 'Fred Crespo', 'Mary Canty', 'Dagmara Avelar']",https://legiscan.com/IL/bill/HB3567/2025,1,1,1,3,Pending - High Exposure,0,0,0,0,0,10,2,6,2
IL,Illinois,HB3720,AI-MEANINGFUL HUMAN REVIEW,1,Introduced,2025,2025-02-07,"Program and documentation, Assessments, Responsible individual, General notice, Opt out/appeal",5,General/Other,['Abdelnasser Rashid'],https://legiscan.com/IL/bill/HB3720/2025,0,1,1,2,Pending - High Exposure,0,0,0,0,0,10,2,6,2
IL,Illinois,HR0142,MEMORIAL-MAX J. CHISWICK,4,Passed,2025,2025-02-19,Program and documentation,1,General/Other,['Daniel Didech'],https://legiscan.com/IL/bill/HR0142/2025,0,0,0,0,Low Risk,0,0,0,0,0,10,2,6,2
IL,Illinois,SB2419,HUMAN RIGHTS-EMPLOYMENT,1,Introduced,2025,2025-02-07,"Program and documentation, General notice, Nondiscrimination",3,Employment,['Laura Fine'],https://legiscan.com/IL/bill/SB2419/2025,1,1,0,2,Pending - High Exposure,0,0,0,0,0,10,2,6,2
IL,Illinois,SB0456,EMPLOYMENT-TECH,1,Introduced,2025,2025-01-24,,0,Employment,['Don Harmon'],https://legiscan.com/IL/bill/SB0456/2025,0,0,0,0,Pending - Low Exposure,0,0,0,0,0,10,2,6,2
IL,Illinois,SB0971,EMPLOYMENT-TECH,1,Introduced,2025,2025-01-24,Program and documentation,1,Employment,['John Curran'],https://legiscan.com/IL/bill/SB0971/2025,0,0,0,0,Pending - Low Exposure,0,0,0,0,0,10,2,6,2
IL,Illinois,HB0496,EMPLOYMENT-TECH,1,Introduced,2025,2025-01-09,Program and documentation,1,Employment,['Emanuel Welch'],https://legiscan.com/IL/bill/HB0496/2025,0,0,0,0,Pending - Low Exposure,0,0,0,0,0,10,2,6,2
IL,Illinois,SB2398,SPORTS WAGERING-AI RESTRICTION,1,Introduced,2025,2025-02-07,Opt out/appeal,1,Employment,"['William Cunningham', 'Willie Preston', 'David Koehler']",https://legiscan.com/IL/bill/SB2398/2025,0,0,0,0,Pending - Low Exposure,0,0,0,0,0,10,2,6,2
IL,Illinois,SB1554,CRIM CD-ARTIFICIAL INTELLIGENC,1,Introduced,2025,2025-02-04,Program and documentation,1,General/Other,['Meg Loughran Cappel'],https://legiscan.com/IL/bill/SB1554/2025,0,0,0,0,Pending - Low Exposure,0,0,0,0,0,10,2,6,2
IL,Illinois,SB1507,VEH CD-SAFETY ZONES,4,Passed,2025,2025-08-15,"Program and documentation, Assessments, General notice, Labeling/notification, Opt out/appeal",5,General/Other,"['Sara Feigenholtz', 'Robert Peters', 'Margaret Croke', 'Angelica Guerrero-Cuellar', 'Ann Williams', 'Jaime Andrade']",https://legiscan.com/IL/bill/SB1507/2025,0,1,1,2,High Risk,0,0,0,0,0,10,2,6,2
IL,Illinois,SB1677,SCH CD-TEACHER EVALUATION PLAN,1,Introduced,2025,2025-02-05,Program and documentation,1,Education,"['Christopher Belt', 'Adriane Johnson']",https://legiscan.com/IL/bill/SB1677/2025,0,0,0,0,Pending - Low Exposure,0,0,0,0,0,10,2,6,2
IL,Illinois,HB3529,AI PRINCIPLES,1,Introduced,2025,2025-02-07,"Program and documentation, Assessments, General notice, Explanation/incident reporting, Opt out/appeal",5,General/Other,['Janet Yang Rohr'],https://legiscan.com/IL/bill/HB3529/2025,0,1,1,2,Pending - High Exposure,0,0,0,0,0,10,2,6,2
IL,Illinois,HB3503,CURRICULUM OVERVIEW&ALIGNMENT,2,Engrossed,2025,2025-04-09,"Program and documentation, Assessments, General notice",3,Education,"['Curtis Tarver', 'Camille Lilly', 'Lakesia Collins']",https://legiscan.com/IL/bill/HB3503/2025,0,1,1,2,Pending - High Exposure,0,0,0,0,0,10,2,6,2
IL,Illinois,HB1594,EMPLOYMENT&ACCOMODATION-WEIGHT,1,Introduced,2025,2025-01-22,"Program and documentation, General notice, Nondiscrimination",3,Employment,['Laura Faver Dias'],https://legiscan.com/IL/bill/HB1594/2025,1,1,0,2,Pending - High Exposure,0,0,0,0,0,10,2,6,2
IL,Illinois,SB1364,PROHIBITED PROP OWNERSHIP,1,Introduced,2025,2025-01-29,Program and documentation,1,General/Other,"['Sally Turner', 'Neil Anderson', 'Chapin Rose', 'Terri Bryant', 'Li Arellano', 'Andrew Chesney', 'Chris Balkema']",https://legiscan.com/IL/bill/SB1364/2025,0,0,0,0,Pending - Low Exposure,0,0,0,0,0,10,2,6,2
IL,Illinois,HB0031,OMA-AUTOMATED REQUEST,1,Introduced,2025,2025-01-09,"Program and documentation, General notice, Opt out/appeal",3,General/Other,['Daniel Didech'],https://legiscan.com/IL/bill/HB0031/2025,0,1,0,1,Pending - Some Exposure,0,0,0,0,0,10,2,6,2
IL,Illinois,SB2619,DEPT OF GOVERNMENT EFFICIENCY,1,Introduced,2025,2025-02-26,"Program and documentation, Assessments, Explanation/incident reporting",3,Government,['Andrew Chesney'],https://legiscan.com/IL/bill/SB2619/2025,0,0,1,1,Pending - Some Exposure,0,0,0,0,0,10,2,6,2
IL,Illinois,HB3334,HUBZONE CENTER FOR EXCELLENCE,1,Introduced,2025,2025-02-07,"Program and documentation, Responsible individual, Explanation/incident reporting",3,AI Policy/Task Forces,['Thaddeus Jones'],https://legiscan.com/IL/bill/HB3334/2025,0,0,0,0,Pending - Low Exposure,0,0,0,0,0,10,2,6,2
IL,Illinois,SB2255,SURVEILLANCE DISCRIMINATION,1,Introduced,2025,2025-02-07,"Program and documentation, General notice, Nondiscrimination",3,General/Other,['Robert Peters'],https://legiscan.com/IL/bill/SB2255/2025,1,1,0,2,Pending - High Exposure,0,0,0,0,0,10,2,6,2
IL,Illinois,HB4071,MODULAR HOMES ACT,1,Introduced,2025,2025-05-30,"Program and documentation, Registration",2,General/Other,['Robert Rita'],https://legiscan.com/IL/bill/HB4071/2025,0,0,0,0,Pending - Low Exposure,0,0,0,0,0,10,2,6,2
IL,Illinois,HR0541,COMMENDS-WGU SCHOOL OF TECH,4,Passed,2025,2025-10-29,Program and documentation,1,Education,['Michael Crawford'],https://legiscan.com/IL/bill/HR0541/2025,0,0,0,0,Low Risk,0,0,0,0,0,10,2,6,2
IL,Illinois,HR0553,COMMENDS-CGCC CHICAGO,1,Introduced,2025,2025-11-12,Program and documentation,1,General/Other,['Hoan Huynh'],https://legiscan.com/IL/bill/HR0553/2025,0,0,0,0,Pending - Low Exposure,0,0,0,0,0,10,2,6,2
IL,Illinois,HB3838,TICKET SALES-DYNAMIC PRICING,1,Introduced,2025,2025-02-07,"Program and documentation, General notice, Registration",3,General/Other,['Hoan Huynh'],https://legiscan.com/IL/bill/HB3838/2025,0,1,0,1,Pending - Some Exposure,0,0,0,0,0,10,2,6,2
IL,Illinois,SB2022,SAFE PATIENT LIMITS ACT,1,Introduced,2025,2025-02-06,"Program and documentation, Training, Opt out/appeal, Nondiscrimination",4,Healthcare,"['Celina Villanueva', 'Graciela Guzman', 'Rachel Ventura', 'Javier Cervantes', 'Robert Peters', 'Mary Edly-Allen', 'Napoleon Harris']",https://legiscan.com/IL/bill/SB2022/2025,1,0,0,1,Pending - Some Exposure,0,0,0,0,0,10,2,6,2
IL,Illinois,HB3041,DATA PRIVACY AND PROTECTION,1,Introduced,2025,2025-02-06,"Program and documentation, Assessments, Training, Responsible individual, General notice, Opt out/appeal, Nondiscrimination",7,Privacy,['Abdelnasser Rashid'],https://legiscan.com/IL/bill/HB3041/2025,1,1,1,3,Pending - High Exposure,0,0,0,0,0,10,2,6,2
IL,Illinois,SB2394,FIRST 2025 GENERAL REVISORY,4,Passed,2025,2025-08-15,"Program and documentation, General notice, Registration, Opt out/appeal",4,General/Other,"['William Cunningham', 'Ann Williams']",https://legiscan.com/IL/bill/SB2394/2025,0,1,0,1,Moderate Risk,0,0,0,0,0,10,2,6,2
IL,Illinois,HB3243,REPEAL REPRODUCTIVE HEALTH ACT,1,Introduced,2025,2025-02-06,"Program and documentation, General notice, Registration, Opt out/appeal",4,Healthcare,['Adam Niemerg'],https://legiscan.com/IL/bill/HB3243/2025,0,1,0,1,Pending - Some Exposure,0,0,0,0,0,10,2,6,2
IL,Illinois,SB2510,$APPROPRIATIONS-VARIOUS,5,Vetoed,2025,2025-06-16,,0,Government,"['Elgie Sims', 'Mattie Hunter', 'Napoleon Harris', 'Emanuel Welch', 'Robyn Gabel', 'Kambium Buckner', 'Will Guzzardi', 'Eva Dina Delgado']",https://legiscan.com/IL/bill/SB2510/2025,0,0,0,0,Pending - Low Exposure,0,0,0,0,0,10,2,6,2
IN,Indiana,HB1013,Indiana department of health.,4,Passed,2023,2023-04-20,"Program and documentation, General notice, Registration, Opt out/appeal",4,Healthcare,"['Craig Snow', 'Karen Engleman', 'Edward DeLaney', 'Pat Boy', 'Aaron Freeman', 'Jack Sandlin']",https://legiscan.com/IN/bill/HB1013/2023,0,1,0,1,Moderate Risk,0,0,0,0,0,7,1,5,1
IN,Indiana,SB0150,Artificial intelligence and cybersecurity.,4,Passed,2024,2024-03-13,"Program and documentation, Assessments, Responsible individual, General notice, Third-party review, Nondiscrimination",6,Cybersecurity,"['Elizabeth Brown', 'Brian Buchanan', 'Ed Charbonneau', 'Greg Goode', 'Stacey Donato', 'Eric Koch', 'Blake Doriot', 'Scott Baldwin', 'Lonnie Randolph', 'John Crane', 'Matthew Lehman', 'Chris Jeter', 'Christopher Judy', 'Matt Pierce']",https://legiscan.com/IN/bill/SB0150/2024,1,1,1,3,High Risk,0,0,0,0,0,7,1,5,1
IN,Indiana,HB1047,Sexual offenses.,4,Passed,2024,2024-03-12,,0,Criminal,"['Sharon Negele', 'Chris Jeter', 'Lori Goss-Reaves', 'Cyndi Carrasco', 'Susan Glick', 'Rodney Pol', 'David Vinzant']",https://legiscan.com/IN/bill/HB1047/2024,0,0,0,0,Low Risk,0,0,0,0,0,7,1,5,1
IN,Indiana,HB1283,Use of altered media in elections.,1,Introduced,2024,2024-01-09,"Program and documentation, Labeling/notification, Opt out/appeal",3,Elections,"['Blake Johnson', 'Kyle Miller']",https://legiscan.com/IN/bill/HB1283/2024,0,0,0,0,Pending - Low Exposure,0,0,0,0,0,7,1,5,1
IN,Indiana,SB0007,Use of fabricated media in elections.,1,Introduced,2024,2024-01-08,"Program and documentation, Labeling/notification, Opt out/appeal",3,Elections,"['Spencer Deery', 'Scott Baldwin', 'J.D. Ford']",https://legiscan.com/IN/bill/SB0007/2024,0,0,0,0,Pending - Low Exposure,0,0,0,0,0,7,1,5,1
IN,Indiana,HB1296,Artificial intelligence inventory and policies.,1,Introduced,2025,2025-01-13,"Program and documentation, Assessments, General notice, Nondiscrimination",4,General/Other,"['Sue Errington', 'Cherrish Pryor', 'Tonya Pfaff']",https://legiscan.com/IN/bill/HB1296/2025,1,1,1,3,Pending - High Exposure,0,0,0,0,0,7,1,5,1
IN,Indiana,HB1620,Disclosure of artificial intelligence use in health care.,1,Introduced,2025,2025-01-21,General notice,1,Healthcare,['Joanna King'],https://legiscan.com/IN/bill/HB1620/2025,0,1,0,1,Pending - Some Exposure,0,0,0,0,0,7,1,5,1
IN,Indiana,SB0005,State fiscal and contracting matters.,4,Passed,2025,2025-05-06,"Program and documentation, General notice",2,General/Other,"['Scott Baldwin', 'Chris Garten', 'Ryan Mishler', 'Daryl Schmitt', 'Blake Doriot', 'Andy Zay', 'Spencer Deery', 'Lonnie Randolph', 'Travis Holdman', 'Eric Bassler', 'Aaron Freeman', 'Brett Clark', 'Susan Glick', 'Scott Alexander', 'Brian Buchanan', 'Justin Busch', 'Jean Leising', 'Stacey Donato', 'James Buck', 'Greg Walker', 'Gary Byrne', 'Mike Bohacek', 'Randy Maxwell', 'Eric Koch', 'Mike Gaskill', 'Ronnie Alting', 'David Niezgodski', 'Jeff Raatz', 'Cyndi Carrasco', 'Dan Dernulc', 'Tyler Johnson', 'James Tomes', 'Kyle Walker', 'Greg Goode', 'Michael Young', 'Matthew Lehman', 'Craig Snow', 'Danny Lopez']",https://legiscan.com/IN/bill/SB0005/2025,0,1,0,1,Moderate Risk,0,0,0,0,0,7,1,5,1
IN,Indiana,HB1601,Quantum research tax incentives.,4,Passed,2025,2025-05-01,Program and documentation,1,General/Other,"['Edmond Soliday', 'Jim Pressel', 'Carolyn Jackson', 'Dave Hall', 'Travis Holdman', 'Eric Koch', 'Brian Buchanan', 'Lonnie Randolph', 'Greg Goode', 'Justin Busch']",https://legiscan.com/IN/bill/HB1601/2025,0,0,0,0,Low Risk,0,0,0,0,0,7,1,5,1
IN,Indiana,SB0480,Prior authorization.,4,Passed,2025,2025-05-01,"Program and documentation, General notice, Opt out/appeal",3,Healthcare,"['Tyler Johnson', 'Ed Charbonneau', 'Elizabeth Brown', 'Linda Rogers', 'Michael Crider', 'Vaneta Becker', 'Jean Leising', 'Andrea Hunley', 'J.D. Ford', 'Scott Alexander', 'Eric Bassler', 'Mike Bohacek', 'Brian Buchanan', 'Gary Byrne', 'Dan Dernulc', 'Stacey Donato', 'Eric Koch', 'Randy Maxwell', 'Lonnie Randolph', 'James Buck', 'Justin Busch', 'Blake Doriot', 'Kyle Walker', 'Shelli Yoder', 'Rodney Pol', 'Andy Zay', 'Brett Clark', 'Fady Qaddoura', 'Ronnie Alting', 'Spencer Deery', 'Susan Glick', 'Travis Holdman', 'La Keisha Jackson', 'Rick Niemeyer', 'David Niezgodski', 'Jeff Raatz', 'Mark Spencer', 'Greg Taylor', 'Greg Walker', 'James Tomes', 'Cyndi Carrasco', 'Daryl Schmitt', 'Michael Young', 'Bradford Barrett', 'Martin Carbaugh', 'Julie McGuire', 'Joanna King']",https://legiscan.com/IN/bill/SB0480/2025,0,1,0,1,Moderate Risk,0,0,0,0,0,7,1,5,1
IN,Indiana,SB0377,Funding for regional economic development.,1,Introduced,2025,2025-01-13,"Program and documentation, General notice",2,General/Other,"['Greg Goode', 'Jeff Raatz', 'Lonnie Randolph']",https://legiscan.com/IN/bill/SB0377/2025,0,1,0,1,Pending - Some Exposure,0,0,0,0,0,7,1,5,1
IN,Indiana,HB1050,Technical corrections.,4,Passed,2025,2025-03-25,"Program and documentation, General notice, Registration, Opt out/appeal",4,General/Other,"['Karen Engleman', 'Pat Boy', 'Edward DeLaney', 'Kyle Pierce', 'Aaron Freeman']",https://legiscan.com/IN/bill/HB1050/2025,0,1,0,1,Moderate Risk,0,0,0,0,0,7,1,5,1
IA,Iowa,HF2549,"A bill for an act relating to the conduct of elections, including the use of artificial intelligence and deceptive statements, and providing penalties. (Formerly HSB 599.)",2,Engrossed,2024,2024-03-06,Labeling/notification,1,Elections,['Economic Growth And Technology'],https://legiscan.com/IA/bill/HF2549/2023,0,0,0,0,Pending - Low Exposure,0,0,0,0,0,0,0,0,0
IA,Iowa,HSB599,"A bill for an act relating to the conduct of elections, including the use of artificial intelligence and deceptive statements, and providing penalties.(See HF 2549.)",1,Introduced,2024,2024-01-23,"Program and documentation, Labeling/notification",2,Elections,['Economic Growth And Technology'],https://legiscan.com/IA/bill/HSB599/2023,0,0,0,0,Pending - Low Exposure,0,0,0,0,0,0,0,0,0
IA,Iowa,HF2349,A bill for an act providing for review and ongoing rescission of administrative rules.,1,Introduced,2024,2024-02-07,"Program and documentation, Assessments, General notice",3,General/Other,['John Wills'],https://legiscan.com/IA/bill/HF2349/2023,0,1,1,2,Pending - High Exposure,0,0,0,0,0,0,0,0,0
IA,Iowa,SF91,A bill for an act relating to powers and duties applicable to state of disaster emergencies and public health disasters.,1,Introduced,2023,2023-01-18,"Program and documentation, General notice, Opt out/appeal",3,Healthcare,['Sandy Salmon'],https://legiscan.com/IA/bill/SF91/2023,0,1,0,1,Pending - Some Exposure,0,0,0,0,0,0,0,0,0
IA,Iowa,HF303,A bill for an act relating to powers and duties applicable to state of disaster emergencies and public health disasters.,1,Introduced,2023,2023-02-15,"Program and documentation, General notice, Opt out/appeal, Nondiscrimination",4,Healthcare,['Brad Sherman'],https://legiscan.com/IA/bill/HF303/2023,1,1,0,2,Pending - High Exposure,0,0,0,0,0,0,0,0,0
IA,Iowa,SF2030,A bill for an act relating to powers and duties applicable to state of disaster emergencies and public health disasters.,1,Introduced,2024,2024-01-09,"Program and documentation, General notice, Opt out/appeal",3,Healthcare,['Sandy Salmon'],https://legiscan.com/IA/bill/SF2030/2023,0,1,0,1,Pending - Some Exposure,0,0,0,0,0,0,0,0,0
IA,Iowa,HF2090,A bill for an act relating to powers and duties applicable to state of disaster emergencies and public health disasters.,1,Introduced,2024,2024-01-22,"Program and documentation, General notice, Opt out/appeal, Nondiscrimination",4,Healthcare,['Zachary Dieken'],https://legiscan.com/IA/bill/HF2090/2023,1,1,0,2,Pending - High Exposure,0,0,0,0,0,0,0,0,0
IA,Iowa,SF2318,"A bill for an act relating to the publication of synthetic media concerning an election, and providing penalties.",1,Introduced,2024,2024-02-13,"Program and documentation, Labeling/notification, Opt out/appeal",3,Deepfakes; Elections,['Liz Bennett'],https://legiscan.com/IA/bill/SF2318/2023,0,0,0,0,Pending - Low Exposure,0,0,0,0,0,0,0,0,0
IA,Iowa,HF2499,"A bill for an act relating to the publication of synthetic media concerning an election, and providing penalties.",1,Introduced,2024,2024-02-14,"Labeling/notification, Opt out/appeal",2,Deepfakes; Elections,"['Lindsay James', 'Mary Madison', 'Art Staed', 'Amy Nielsen', 'Timi Brown-powers', 'Tracy Ehlert', 'Elizabeth Wilson', 'Monica Kurth', 'Ruth Ann Gaines', 'Bob Kressig', 'John Forbes', 'Sean Bagniewski', 'Ken Croken', 'Ross Wilburn', 'Beth Wessel-Kroeschell', 'Jennifer Konfrst']",https://legiscan.com/IA/bill/HF2499/2023,0,0,0,0,Pending - Low Exposure,0,0,0,0,0,0,0,0,0
IA,Iowa,SSB3201,"A bill for an act relating to and making appropriations to the education system, including the funding and operation of the department for the blind, department of education, and state board of regents, and including effective date provisions.(See SF 2435.)",1,Introduced,2024,2024-04-03,Program and documentation,1,Education,['Appropriations'],https://legiscan.com/IA/bill/SSB3201/2023,0,0,0,0,Pending - Low Exposure,0,0,0,0,0,0,0,0,0
IA,Iowa,SF2435,"A bill for an act relating to and making appropriations to the education system, including the funding and operation of the department for the blind, department of education, and state board of regents; modifying provisions related to compulsory education, open enrollment, the state board of regents presidential search committee, the Iowa tuition grants program, and the Iowa dyslexia board; establishing restrictions related to diversity, equity, and inclusion efforts of institutions of higher education governed by the state board of regents; providing penalties; and including effective date and applicability provisions. (Formerly SSB 3201.) Effective date: 05/09/2024, 07/01/2024, 07/01/2025. Applicability date: 07/01/2024.",4,Passed,2024,2024-05-09,Program and documentation,1,Education,['Appropriations'],https://legiscan.com/IA/bill/SF2435/2023,0,0,0,0,Low Risk,0,0,0,0,0,0,0,0,0
IA,Iowa,HF731,"A bill for an act relating to and making appropriations to the education system, including the funding and operation of the department for the blind, the department of education, and the state board of regents; requiring the state board of regents to conduct a study and prepare a report related to diversity, equity, and inclusion programs and efforts; providing for responsibilities of the workforce development board; establishing the Iowa workforce grant and incentive program; requiring the department of education to convene a task force on at-risk students and dropout prevention programs; modifying provisions related to the future ready Iowa skilled workforce grant program, the all Iowa opportunity scholarship program, the education savings account program, the gap tuition assistance program, the Iowa educational services for the blind and visually impaired program, career and technical education programs, the fine arts beginning teacher mentoring program, the equipment replacement and program-sharing property tax levy, and the posting of education-related job openings; and including effective date, applicability, and retroactive applicability provisions.(Formerly HSB 254.)",1,Introduced,2023,2023-05-03,"Program and documentation, Assessments",2,Education; Employment,['Appropriations'],https://legiscan.com/IA/bill/HF731/2023,0,0,1,1,Pending - Some Exposure,0,0,0,0,0,0,0,0,0
IA,Iowa,HSB254,"A bill for an act relating to and making appropriations to the education system, including the funding and operation of the department for the blind, the department of education, and the state board of regents; requiring the state board of regents to conduct a study and prepare a report related to diversity, equity, and inclusion programs and efforts; providing for responsibilities of the workforce development board; establishing the Iowa workforce grant and incentive program; requiring the department of education to convene a task force on at-risk students and dropout prevention programs; modifying provisions related to the future ready Iowa skilled workforce grant program, the all Iowa opportunity scholarship program, the education savings account program, the gap tuition assistance program, the Iowa educational services for the blind and visually impaired program, career and technical education programs, the fine arts beginning teacher mentoring program, the equipment replacement and program-sharing property tax levy, and the posting of education-related job openings; and including effective date, applicability, and retroactive applicability provisions.(See HF 731.)",1,Introduced,2023,2023-05-02,"Program and documentation, Assessments",2,Education; Employment,['Appropriations'],https://legiscan.com/IA/bill/HSB254/2023,0,0,1,1,Pending - Some Exposure,0,0,0,0,0,0,0,0,0
IA,Iowa,SF560,"A bill for an act relating to and making appropriations to the education system, including the funding and operation of the department for the blind, the department of education, and the state board of regents; requiring the state board of regents to conduct a study and prepare a report related to diversity, equity, and inclusion programs and efforts; providing for responsibilities of the workforce development board; establishing the Iowa workforce grant and incentive program; requiring the department of education to convene a task force to study issues related to programs for at-risk students and dropout prevention programs; modifying provisions related to the future ready Iowa skilled workforce grant program, the all Iowa opportunity scholarship program, the education savings account program, the gap tuition assistance program, the Iowa educational services for the blind and visually impaired program, career and technical education programs, the fine arts beginning teacher mentoring program, the equipment replacement and program-sharing property tax levy, and the posting of education-related job openings; and including effective date, applicability, and retroactive applicability provisions. (Formerly SSB 1212.) Effective date: 06/01/2023, 07/01/2023. Applicability date: 01/24/2023, 07/01/2023.",4,Passed,2023,2023-06-01,Program and documentation,1,Education; Employment,['Appropriations'],https://legiscan.com/IA/bill/SF560/2023,0,0,0,0,Low Risk,0,0,0,0,0,0,0,0,0
IA,Iowa,HF2704,"A bill for an act relating to and making appropriations to the education system, including the funding and operation of the department for the blind, department of education, and state board of regents; modifying provisions related to compulsory education, open enrollment, the state board of regents presidential search committee, the Iowa tuition grants program, and the Iowa dyslexia board; establishing restrictions related to diversity, equity, and inclusion efforts of institutions of higher education governed by the state board of regents; providing penalties; and including effective date and applicability provisions.",1,Introduced,2024,2024-04-18,Program and documentation,1,Education,['Appropriations'],https://legiscan.com/IA/bill/HF2704/2023,0,0,0,0,Pending - Low Exposure,0,0,0,0,0,0,0,0,0
IA,Iowa,HSB294,"A bill for an act relating to artificial intelligence, including the use of artificial intelligence to create materials related to elections and protections in interactions with artificial intelligence systems, and making penalties applicable.",1,Introduced,2025,2025-03-04,"Program and documentation, Assessments, General notice, Explanation/incident reporting, Nondiscrimination",5,Elections,['Economic Growth And Technology'],https://legiscan.com/IA/bill/HSB294/2025,1,1,1,3,Pending - High Exposure,0,0,0,0,0,0,0,0,0
IA,Iowa,HF406,"A bill for an act relating to restrictions on the use of artificial intelligence, and creating a civil cause of action.",1,Introduced,2025,2025-02-13,"Program and documentation, General notice, Labeling/notification, Opt out/appeal",4,General/Other,['Aime Wichtendahl'],https://legiscan.com/IA/bill/HF406/2025,0,1,0,1,Pending - Some Exposure,0,0,0,0,0,0,0,0,0
IA,Iowa,SF562,"A bill for an act relating to utilization review organizations, prior authorizations and exemptions, medical billing, and independent review organizations.",1,Introduced,2025,2025-03-06,"Program and documentation, Assessments, General notice, Third-party review, Nondiscrimination",5,Healthcare,"['Sarah Trone Garriott', 'Molly Donahue', 'Janet Petersen', 'Mike Zimmer', 'Zach Wahls']",https://legiscan.com/IA/bill/SF562/2025,1,1,1,3,Pending - High Exposure,0,0,0,0,0,0,0,0,0
IA,Iowa,HF252,"A bill for an act incorporating preparation in computer science, artificial intelligence, and computational thinking into the preparation required in approved practitioner preparation programs, and including applicability provisions.",1,Introduced,2025,2025-02-06,"Program and documentation, Training",2,General/Other,['Chad Ingels'],https://legiscan.com/IA/bill/HF252/2025,0,0,0,0,Pending - Low Exposure,0,0,1,1,0,0,0,0,0
IA,Iowa,HF535,"A bill for an act requiring the legislative council to enter into an agreement with a qualified person to conduct a review of Iowa's public education system, and including effective date provisions.",1,Introduced,2025,2025-02-20,"Assessments, General notice",2,Education,['Jason Gearhart'],https://legiscan.com/IA/bill/HF535/2025,0,1,1,2,Pending - High Exposure,0,0,0,0,0,0,0,0,0
IA,Iowa,SF118,A bill for an act relating to powers and duties applicable to state of disaster emergencies and public health disasters.,1,Introduced,2025,2025-01-23,"Program and documentation, General notice, Opt out/appeal",3,Healthcare,"['Sandy Salmon', 'Doug Campbell', 'Jeff Taylor', 'Cherielynn Westrich', 'Jesse Green', 'Kevin Alons', 'Dennis Guth', 'Lynn Evans', 'Dave Rowley', 'Mark Lofgren']",https://legiscan.com/IA/bill/SF118/2025,0,1,0,1,Pending - Some Exposure,0,0,0,0,0,0,0,0,0
IA,Iowa,HF279,A bill for an act relating to powers and duties applicable to state of disaster emergencies and public health disasters.,1,Introduced,2025,2025-02-10,"Program and documentation, General notice, Opt out/appeal, Nondiscrimination",4,Healthcare,"['Zachary Dieken', 'Jason Gearhart', 'Cindy Golding', 'Sam Wengryn', 'Thomas Jeneary', 'Jeff Shipley', 'Charley Thomson', 'Skyler Wheeler', 'Martin Graber', 'Steven Holt']",https://legiscan.com/IA/bill/HF279/2025,1,1,0,2,Pending - High Exposure,0,0,0,0,0,0,0,0,0
IA,Iowa,SF647,"A bill for an act relating to and making appropriations to the education system, including the funding and operation of the department for the blind, department of education, and state board of regents, and including contingent effective date provisions. (Formerly SSB 1231.) Effective date: 07/01/2025.",4,Passed,2025,2025-06-11,Program and documentation,1,Education,['Appropriations'],https://legiscan.com/IA/bill/SF647/2025,0,0,0,0,Low Risk,0,0,0,0,0,0,0,0,0
IA,Iowa,SSB1231,"A bill for an act relating to and making appropriations to the education system, including the funding and operation of the department for the blind, department of education, and state board of regents, and including contingent effective date provisions.(See SF 647.)",1,Introduced,2025,2025-04-28,Program and documentation,1,Education,['Appropriations'],https://legiscan.com/IA/bill/SSB1231/2025,0,0,0,0,Pending - Low Exposure,0,0,0,0,0,0,0,0,0
IA,Iowa,HSB337,"A bill for an act relating to and making appropriations to the education system, including the funding and operation of the department for the blind, department of education, and state board of regents, and including contingent effective date provisions.(See HF 1045.)",1,Introduced,2025,2025-04-29,"Program and documentation, General notice",2,Education,['Appropriations'],https://legiscan.com/IA/bill/HSB337/2025,0,1,0,1,Pending - Some Exposure,0,0,0,0,0,0,0,0,0
IA,Iowa,SSB1222,"A bill for an act relating to and making appropriations to the education system, including the funding and operation of the department for the blind, department of education, and state board of regents.",1,Introduced,2025,2025-04-08,Program and documentation,1,Education,['Appropriations'],https://legiscan.com/IA/bill/SSB1222/2025,0,0,0,0,Pending - Low Exposure,0,0,0,0,0,0,0,0,0
IA,Iowa,HF1045,"A bill for an act relating to and making appropriations to the education system, including the funding and operation of the department for the blind, department of education, and state board of regents, and including contingent effective date provisions.(Formerly HSB 337.)",1,Introduced,2025,2025-05-09,Program and documentation,1,Education,['Appropriations'],https://legiscan.com/IA/bill/HF1045/2025,0,0,0,0,Pending - Low Exposure,0,0,0,0,0,0,0,0,0
KS,Kansas,HB2559,Relating to the crime of corrupt political advertising; regulating the use; of generative artificial intelligence; requiring disclosure that an image or speech has been manipulated ; making it a crime to create false representations of candidates in campaign media or of state officials; providing that liability shall rest solely with the advertiser and not with any broadcaster or media platform.,1,Introduced,2024,2024-01-22,"Program and documentation, Labeling/notification",2,Elections; Criminal,"['Pat Proctor', 'Vic Miller']",https://legiscan.com/KS/bill/HB2559/2023,0,0,0,0,Pending - Low Exposure,0,0,0,0,0,1,0,1,0
KS,Kansas,SB375,Prohibiting the use of generative artificial intelligence to create false representations of candidates in election campaign media or of state officials.,6,Failed,2024,2024-04-30,"Program and documentation, Labeling/notification",2,Elections,['Federal and State Affairs'],https://legiscan.com/KS/bill/SB375/2023,0,0,0,0,Pending - Low Exposure,0,0,0,0,0,1,0,1,0
KS,Kansas,SB525,Creating the protection against deep fakes act to provide a cause of action for damages arising from the use of generative artificial intelligence to create an image or likeness of another person without such person's consent for use in obscene material.,6,Failed,2024,2024-04-30,Opt out/appeal,1,Children,['Federal and State Affairs'],https://legiscan.com/KS/bill/SB525/2023,0,0,0,0,Pending - Low Exposure,1,0,0,1,0,1,0,1,0
KS,Kansas,HB2576,Requiring the publication of signed statements of fair campaign practices and providing a cause of action for violations of such statements.,6,Failed,2024,2024-04-30,"Program and documentation, General notice",2,Elections,['Mari-Lynn Poskin'],https://legiscan.com/KS/bill/HB2576/2023,0,1,0,1,Pending - Some Exposure,0,0,0,0,0,1,0,1,0
KS,Kansas,SB135,"Creating the medical cannabis regulation act to regulate the cultivation, processing, distribution, sale and use of medical cannabis.",6,Failed,2024,2024-04-30,"Program and documentation, Responsible individual, General notice, Registration, Nondiscrimination",5,Healthcare,['Federal and State Affairs'],https://legiscan.com/KS/bill/SB135/2023,1,1,0,2,Pending - High Exposure,0,0,0,0,0,1,0,1,0
KS,Kansas,SB155,"Substitute for SB 155 by Committee on Ways and Means - Making and concerning appropriations for fiscal years 2023, 2024, 2025 and 2026 for various state agencies.",6,Failed,2024,2024-04-30,"Program and documentation, General notice, Registration, Opt out/appeal",4,Government,['Ways and Means'],https://legiscan.com/KS/bill/SB155/2023,0,1,0,1,Pending - Some Exposure,0,0,0,0,0,1,0,1,0
KS,Kansas,SB42,House Substitute for SB 42 by Committee on Appropriations - Exempting rural emergency hospitals from the hospital provider assessment and establishing residency and other requirements for membership on a hospital board.,4,Passed,2023,2023-04-24,,0,Healthcare,['Appropriations'],https://legiscan.com/KS/bill/SB42/2023,0,0,0,0,Low Risk,0,0,0,0,0,1,0,1,0
KS,Kansas,HB2184,"Making and concerning appropriations for fiscal years 2023, 2024, 2025, 2026, 2027 and 2028 for various state agencies.",4,Passed,2023,2023-04-24,Program and documentation,1,Government,['General Government Budget'],https://legiscan.com/KS/bill/HB2184/2023,0,0,0,0,Low Risk,0,0,0,0,0,1,0,1,0
KS,Kansas,HB2273,Substitute for HB 2273 by Committee on Appropriations - Making and concerning certain supplemental appropriations for fiscal years 2024 and 2025 and appropriations for fiscal years 2025 and 2026 for various state agencies.,6,Failed,2024,2024-04-30,"Program and documentation, General notice, Registration, Opt out/appeal",4,Government,['Appropriations'],https://legiscan.com/KS/bill/HB2273/2023,0,1,0,1,Pending - Some Exposure,0,0,0,0,0,1,0,1,0
KS,Kansas,HB2802,Making and concerning certain supplemental appropriations for fiscal years 2024 and 2025 and appropriations for fiscal years 2025 and 2026 for various state agencies.,6,Failed,2024,2024-04-30,"Program and documentation, General notice, Registration, Opt out/appeal",4,Government,['Appropriations'],https://legiscan.com/KS/bill/HB2802/2023,0,1,0,1,Pending - Some Exposure,0,0,0,0,0,1,0,1,0
KS,Kansas,SB514,"Substitute for SB 514 by Committee on Ways and Means - Making and concerning supplemental appropriations for fiscal years 2024 and 2025 and appropriations for fiscal years 2025, 2026, 2027 and 2028 for various state agencies.",6,Failed,2024,2024-04-30,"Program and documentation, General notice, Registration, Opt out/appeal",4,Government,['Ways and Means'],https://legiscan.com/KS/bill/SB514/2023,0,1,0,1,Pending - Some Exposure,0,0,0,0,0,1,0,1,0
KS,Kansas,SB28,"Making and concerning supplemental appropriations for fiscal years 2024 and 2025 and appropriations for fiscal years 2025, 2026, 2027 and 2028 for various state agencies.",4,Passed,2024,2024-04-25,,0,Government,['Financial Institutions and Insurance'],https://legiscan.com/KS/bill/SB28/2023,0,0,0,0,Low Risk,0,0,0,0,0,1,0,1,0
KS,Kansas,HB2313,Senate Substitute for HB 2313 by Committee on Federal and State Affairs - Prohibiting the use of the artificial intelligence platform DeepSeek and other artificial intelligence platforms controlled by a country of concern on state-owned devices and on any state network and the use of genetic sequencers or operational software used for genetic analysis that is produced in a foreign adversary.,4,Passed,2025,2025-04-10,Program and documentation,1,AI Policy/Task Forces,['Federal and State Affairs'],https://legiscan.com/KS/bill/HB2313/2025,0,0,0,0,Low Risk,0,0,0,0,0,1,0,1,0
KS,Kansas,HB2183,"Modifying elements in the crimes of sexual exploitation of a child, unlawful transmission of a visual depiction of a child and breach of privacy to prohibit certain acts related to visual depictions in which the person depicted is indistinguishable from a real child, morphed from a real child's image or generated without any actual child involvement, provide an exception for cable services in the crime of breach of privacy and prohibit dissemination of certain items that appear to depict or purport to depict an identifiable person.",2,Engrossed,2025,2025-02-25,Program and documentation,1,Privacy; Criminal; Children,['Judiciary'],https://legiscan.com/KS/bill/HB2183/2025,0,0,0,0,Pending - Low Exposure,1,0,0,1,0,1,0,1,0
KS,Kansas,SB186,"Modifying elements in the crimes of sexual exploitation of a child, unlawful transmission of a visual depiction of a child and breach of privacy, prohibiting certain acts related to visual depictions in which the person depicted is indistinguishable from a real child, morphed from a real child's image or generated without any actual child involvement, prohibiting dissemination of certain items that appear to depict or purport to depict an identifiable person, requiring affidavits or sworn testimony in support of probable cause to be made available to law enforcement, requiring the statement of facts sufficient to show probable cause justifying a search warrant to be made by a law enforcement officer, requiring that certain prior convictions be considered when bond is being set for certain sex offenses and specifying minimum requirements and conditions for such bond; relating to appearance bonds, requiring warrants for failure to appear to be given to sureties, allowing bond forfeiture to be set aside in certain circumstances and requiring remission in certain circumstances and prohibiting a compensated surety from making a loan for certain portions of the minimum appearance bond premium required.",4,Passed,2025,2025-04-11,,0,Privacy; Criminal; Children,['Judiciary'],https://legiscan.com/KS/bill/SB186/2025,0,0,0,0,Low Risk,1,0,0,1,0,1,0,1,0
KS,Kansas,SB98,"Providing a sales tax exemption for the construction or remodeling of a qualified data center in Kansas and the purchase of data center equipment, eligible data center costs and certain labor costs to qualified firms that commit to a minimum investment of at least $250,000,000 and meet new Kansas jobs and other requirements.",4,Passed,2025,2025-04-11,,0,Employment,['Tim Shallenburger'],https://legiscan.com/KS/bill/SB98/2025,0,0,0,0,Low Risk,0,0,1,1,0,1,0,1,0
KS,Kansas,HB2007,Senate Substitute for Substitute for HB 2007 by Committee on Ways and Means - Reconciling multiple amendments to certain statutes.,4,Passed,2025,2025-04-11,"Program and documentation, General notice, Registration, Opt out/appeal",4,AI Policy/Task Forces,['Ways and Means'],https://legiscan.com/KS/bill/HB2007/2025,0,1,0,1,Moderate Risk,0,0,0,0,0,1,0,1,0
KS,Kansas,SB125,"Making and concerning supplemental appropriations for fiscal year 2025 and appropriations for fiscal years 2026 and 2027 for various state agencies, authorizing certain capital improvement projects and fees, authorizing certain transfers authorizing the payment of certain claims against the state.",4,Passed,2025,2025-04-10,,0,Insurance,['Joint Committee on Special Claims Against the State'],https://legiscan.com/KS/bill/SB125/2025,0,0,0,0,Low Risk,0,0,0,0,0,1,0,1,0
KS,Kansas,SB68,Making and concerning certain supplemental appropriations for fiscal year 2025 and appropriations for fiscal years 2026 and 2027 for various state agencies.,1,Introduced,2025,2025-01-23,"Program and documentation, General notice, Registration, Opt out/appeal",4,Government,['Ways and Means'],https://legiscan.com/KS/bill/SB68/2025,0,1,0,1,Pending - Some Exposure,0,0,0,0,0,1,0,1,0
KS,Kansas,HB2082,Making and concerning certain supplemental appropriations for fiscal year 2025 and appropriations for fiscal years 2026 and 2027 for various state agencies.,1,Introduced,2025,2025-01-23,"Program and documentation, General notice, Registration, Opt out/appeal",4,Government,['Appropriations'],https://legiscan.com/KS/bill/HB2082/2025,0,1,0,1,Pending - Some Exposure,0,0,0,0,0,1,0,1,0
KY,Kentucky,HB357,AN ACT to revise and correct the Kentucky Revised Statutes.,2,Engrossed,2023,2023-03-08,"Program and documentation, General notice, Registration, Opt out/appeal",4,General/Other,['David Hale'],https://legiscan.com/KY/bill/HB357/2023,0,1,0,1,Pending - Some Exposure,0,0,0,0,0,5,1,2,2
KY,Kentucky,HCR38,A CONCURRENT RESOLUTION relating to the establishment of the Artificial Intelligence Task Force to study the impact of artificial intelligence on operation and procurement policies of Kentucky government agencies and consumer protection needed in private and public sectors.,2,Engrossed,2024,2024-01-23,"Program and documentation, Assessments",2,Government,"['Josh Bray', 'Joshua Branscum', 'Kim King']",https://legiscan.com/KY/bill/HCR38/2024,0,0,1,1,Pending - Some Exposure,0,1,0,1,0,5,1,2,2
KY,Kentucky,SB52,AN ACT relating to technology in education and declaring an emergency.,1,Introduced,2024,2024-01-02,"Program and documentation, Assessments, Training, Responsible individual",4,Education,"['Reginald Thomas', 'Amanda Mays Bledsoe', 'David Yates']",https://legiscan.com/KY/bill/SB52/2024,0,0,1,1,Pending - Some Exposure,0,0,0,0,0,5,1,2,2
KY,Kentucky,SB317,"AN ACT relating to commercial rights to the use of names, voices, and likenesses.",2,Engrossed,2024,2024-03-13,"Program and documentation, Opt out/appeal",2,Digital Content/IP,"['Whitney Westerfield', 'Reginald Thomas']",https://legiscan.com/KY/bill/SB317/2024,0,0,0,0,Pending - Low Exposure,0,0,0,0,0,5,1,2,2
KY,Kentucky,SB217,AN ACT relating to geoengineering.,1,Introduced,2024,2024-02-16,"Program and documentation, General notice",2,General/Other,['Adrienne Southworth'],https://legiscan.com/KY/bill/SB217/2024,0,1,0,1,Pending - Some Exposure,0,0,0,0,0,5,1,2,2
KY,Kentucky,HB506,AN ACT relating to geoengineering.,1,Introduced,2024,2024-02-09,"Program and documentation, General notice",2,General/Other,"['Steve Rawlings', 'Josh Calloway', 'Jim Gooch', 'John Hodgson', 'Candy Massaroni', 'Marianne Proctor']",https://legiscan.com/KY/bill/HB506/2024,0,1,0,1,Pending - Some Exposure,0,0,0,0,0,5,1,2,2
KY,Kentucky,HB734,AN ACT relating to the promotion of family well-being and making an appropriation therefor.,1,Introduced,2024,2024-02-26,"Program and documentation, Opt out/appeal",2,Government,['Killian Timoney'],https://legiscan.com/KY/bill/HB734/2024,0,0,0,0,Pending - Low Exposure,0,0,0,0,0,5,1,2,2
KY,Kentucky,SB34,AN ACT relating to the promotion of family well-being and making an appropriation therefor.,1,Introduced,2024,2024-01-02,"Program and documentation, Responsible individual, Opt out/appeal",3,Government,['Whitney Westerfield'],https://legiscan.com/KY/bill/SB34/2024,0,0,0,0,Pending - Low Exposure,0,0,0,0,0,5,1,2,2
KY,Kentucky,HB791,AN ACT relating to the Cabinet for Health and Family Services.,1,Introduced,2024,2024-02-26,"Program and documentation, Assessments, General notice",3,Healthcare,['Samara Heavrin'],https://legiscan.com/KY/bill/HB791/2024,0,1,1,2,Pending - High Exposure,0,0,0,0,0,5,1,2,2
KY,Kentucky,SB74,AN ACT relating to public health.,4,Passed,2024,2024-04-18,"Program and documentation, Assessments, Training, General notice, Explanation/incident reporting",5,Healthcare,"['Shelley Frommeyer', 'Denise Harper Angel', 'Gerald Neal', 'Lindsey Tichenor', 'David Yates']",https://legiscan.com/KY/bill/SB74/2024,0,1,1,2,High Risk,0,0,0,0,0,5,1,2,2
KY,Kentucky,SB4,AN ACT relating to protection of information and declaring an emergency.,4,Passed,2025,2025-03-24,"Program and documentation, Assessments, Training, Responsible individual, General notice, Explanation/incident reporting, Registration, Third-party review, Opt out/appeal, Nondiscrimination",10,General/Other,"['Amanda Mays Bledsoe', 'Brandon Storm']",https://legiscan.com/KY/bill/SB4/2025,1,1,1,3,High Risk,0,0,0,0,0,5,1,2,2
KY,Kentucky,HB672,AN ACT relating to protection of information and declaring an emergency.,1,Introduced,2025,2025-02-18,"Program and documentation, Assessments, Training, Responsible individual, General notice, Explanation/incident reporting, Registration, Third-party review, Opt out/appeal, Nondiscrimination",10,General/Other,['Josh Bray'],https://legiscan.com/KY/bill/HB672/2025,1,1,1,3,Pending - High Exposure,0,0,0,0,0,5,1,2,2
KY,Kentucky,SCR142,A CONCURRENT RESOLUTION directing the establishment of the Commonwealth Artificial Intelligence Consortium Task Force.,1,Introduced,2025,2025-03-06,"Program and documentation, Responsible individual",2,AI Policy/Task Forces,['Amanda Mays Bledsoe'],https://legiscan.com/KY/bill/SCR142/2025,0,0,0,0,Pending - Low Exposure,0,0,0,0,0,5,1,2,2
KY,Kentucky,HB498,AN ACT relating to use of artificial intelligence by courts.,1,Introduced,2025,2025-02-13,"Program and documentation, Assessments, Explanation/incident reporting",3,Legal/Judicial,"['Steven Doan', 'Stephanie Dietz', 'T.J. Roberts']",https://legiscan.com/KY/bill/HB498/2025,0,0,1,1,Pending - Some Exposure,0,0,0,0,0,5,1,2,2
KY,Kentucky,SB62,AN ACT relating to geoengineering.,1,Introduced,2025,2025-01-08,Program and documentation,1,General/Other,"['Steve Rawlings', 'Gary Boswell', 'Shelley Frommeyer', 'Aaron Reed', 'Lindsey Tichenor']",https://legiscan.com/KY/bill/SB62/2025,0,0,0,0,Pending - Low Exposure,0,0,0,0,0,5,1,2,2
KY,Kentucky,HB22,AN ACT relating to geoengineering.,1,Introduced,2025,2025-01-07,Program and documentation,1,General/Other,"['John Hodgson', 'Emily Callaway', 'Josh Calloway', 'Jennifer Henson Decker', 'Marianne Proctor', 'T.J. Roberts', 'Nancy Tate', 'Walker Thomas', 'Timmy Truett', 'Wade Williams']",https://legiscan.com/KY/bill/HB22/2025,0,0,0,0,Pending - Low Exposure,0,0,0,0,0,5,1,2,2
KY,Kentucky,SR81,"A RESOLUTION recognizing February 16 to 22, 2025, as Engineers Week 2025.",4,Passed,2025,2025-02-19,,0,General/Other,['Gex Williams'],https://legiscan.com/KY/bill/SR81/2025,0,0,0,0,Low Risk,0,0,0,0,0,5,1,2,2
KY,Kentucky,SB244,AN ACT relating to the operations of the Department of Law.,4,Passed,2025,2025-03-24,"Program and documentation, Responsible individual",2,General/Other,"['Jason Howell', 'Donald Douglas']",https://legiscan.com/KY/bill/SB244/2025,0,0,0,0,Low Risk,0,0,0,0,0,5,1,2,2
LA,Louisiana,SCR49,"Requests the Joint Committee on Technology and Cybersecurity to study the impact of artificial intelligence in operations, procurement, and policy.",4,Passed,2023,2023-05-26,"Program and documentation, Assessments",2,Government,['Barry Milligan'],https://legiscan.com/LA/bill/SCR49/2023,0,0,1,1,Moderate Risk,0,1,0,1,0,9,1,4,4
LA,Louisiana,SB175,Criminalizes deepfakes involving minors and defines the rights to digital image and likeness. (8/1/23) (EN SEE FISC NOTE GF EX See Note),4,Passed,2023,2023-06-28,"Program and documentation, Nondiscrimination",2,Deepfakes; Criminal; Children,"['Jeremy Stine', 'Alonzo Knox']",https://legiscan.com/LA/bill/SB175/2023,1,0,0,1,Moderate Risk,1,0,0,1,0,9,1,4,4
LA,Louisiana,HB1,Provides for the ordinary operating expenses of state government for Fiscal Year 2023-2024,4,Passed,2023,2023-06-29,Program and documentation,1,Government,['Jerome Zeringue'],https://legiscan.com/LA/bill/HB1/2023,0,0,0,0,Low Risk,0,0,0,0,0,9,1,4,4
LA,Louisiana,HCR66,Provides for a joint legislative committee to study regulations regarding artificial intelligence,4,Passed,2024,2024-05-30,"Program and documentation, Assessments",2,AI Policy/Task Forces,['Michael Melerine'],https://legiscan.com/LA/bill/HCR66/2024,0,0,1,1,Moderate Risk,0,0,0,0,0,9,1,4,4
LA,Louisiana,SB6,Creates the crime of unlawful dissemination or sale of images of another created by artificial intelligence. (8/1/24) (EN SEE FISC NOTE LF EX),4,Passed,2024,2024-05-22,"Labeling/notification, Opt out/appeal",2,Criminal,['Patrick Connick'],https://legiscan.com/LA/bill/SB6/2024,0,0,0,0,Low Risk,0,0,0,0,0,9,1,4,4
LA,Louisiana,HB916,Establishes procedures for the use of artificial intelligence by healthcare entities,1,Introduced,2024,2024-04-02,"Program and documentation, Responsible individual",2,Healthcare,['Kellee Dickerson'],https://legiscan.com/LA/bill/HB916/2024,0,0,0,0,Pending - Low Exposure,0,0,0,0,0,9,1,4,4
LA,Louisiana,SB97,Regulates the use of deep fakes and artificial intelligence technology in political advertising. (gov sig),5,Vetoed,2024,2024-06-20,"Program and documentation, Labeling/notification",2,Elections,"['Royce Duplessis', 'Tehmi Chassion']",https://legiscan.com/LA/bill/SB97/2024,0,0,0,0,Pending - Low Exposure,0,0,0,0,0,9,1,4,4
LA,Louisiana,SR85,To commend and recognize CGI Lafayette Center for Excellence on the occasion of its 10th anniversary.,4,Passed,2024,2024-05-13,Training,1,General/Other,"['Jean-Paul Coussan', 'Gerald Boudreaux']",https://legiscan.com/LA/bill/SR85/2024,0,0,0,0,Low Risk,0,0,0,0,0,9,1,4,4
LA,Louisiana,SB118,Provides for registration of foundation models. (8/1/24),1,Introduced,2024,2024-02-28,"Program and documentation, Registration",2,AI Governance,['Patrick Connick'],https://legiscan.com/LA/bill/SB118/2024,0,0,0,0,Pending - Low Exposure,0,0,0,0,0,9,1,4,4
LA,Louisiana,HB1,Provides for the ordinary operating expenses of state government for Fiscal Year 2024-2025,4,Passed,2024,2024-06-19,"Program and documentation, General notice, Registration, Opt out/appeal",4,Government,['Jack McFarland'],https://legiscan.com/LA/bill/HB1/2024,0,1,0,1,Moderate Risk,0,0,0,0,0,9,1,4,4
LA,Louisiana,HR317,"Creates a subcommittee of the House of Representatives to study artificial intelligence, blockchain, and cryptocurrency",4,Passed,2025,2025-06-11,"Program and documentation, General notice",2,AI Policy/Task Forces,['Mark Wright'],https://legiscan.com/LA/bill/HR317/2025,0,1,0,1,Moderate Risk,0,0,0,0,0,9,1,4,4
LA,Louisiana,HB114,Provides for the use of artificial intelligence by healthcare providers (OR INCREASE GF EX See Note),1,Introduced,2025,2025-03-25,Program and documentation,1,Healthcare,['Jessica Domangue'],https://legiscan.com/LA/bill/HB114/2025,0,0,0,0,Pending - Low Exposure,0,0,0,0,0,9,1,4,4
LA,Louisiana,HR320,"Requests the state Department of Education, the State Board of Elementary and Secondary Education, the Board of Regents, and postsecondary education management boards to promote artificial intelligence education for students and to encourage professional development relative to artificial intelligence for faculty and staff",4,Passed,2025,2025-06-11,Training,1,Education,['Josh Carlson'],https://legiscan.com/LA/bill/HR320/2025,0,0,0,0,Low Risk,0,0,0,0,0,9,1,4,4
LA,Louisiana,HR272,Provides for a study of court reporter per-page transcription rates in Louisiana and a study of digital court reporting as an alternative to traditional reporting,4,Passed,2025,2025-06-10,Assessments,1,Legal/Judicial,['Nicholas Muscarello'],https://legiscan.com/LA/bill/HR272/2025,0,0,1,1,Moderate Risk,0,0,0,0,0,9,1,4,4
LA,Louisiana,HB608,Creates the Louisiana Atmospheric Protection Act (EG NO IMPACT See Note),1,Introduced,2025,2025-04-04,Program and documentation,1,General/Other,"['Kimberly Coates', 'Valarie Hodges']",https://legiscan.com/LA/bill/HB608/2025,0,0,0,0,Pending - Low Exposure,0,0,0,0,0,9,1,4,4
LA,Louisiana,HR249,Creates a task force to study and recommend policies to promote Small Nuclear Reactors in Louisiana,4,Passed,2025,2025-06-10,"Program and documentation, Responsible individual",2,AI Policy/Task Forces,"['Michael Echols', 'Alonzo Knox']",https://legiscan.com/LA/bill/HR249/2025,0,0,0,0,Low Risk,0,0,0,0,0,9,1,4,4
LA,Louisiana,HR313,Memorializes the United States Congress to take action relative to the use of artificial intelligence in health care,4,Passed,2025,2025-06-10,"Program and documentation, Assessments, General notice, Explanation/incident reporting",4,Healthcare,"['Jeremy LaCombe', 'Tehmi Chassion', 'Alonzo Knox']",https://legiscan.com/LA/bill/HR313/2025,0,1,1,2,High Risk,0,0,0,0,0,9,1,4,4
LA,Louisiana,HB178,Provides for the continuous revision of the Code of Civil Procedure,4,Passed,2025,2025-06-11,"Program and documentation, Explanation/incident reporting",2,General/Other,['Mike Johnson'],https://legiscan.com/LA/bill/HB178/2025,0,0,0,0,Low Risk,0,0,0,0,0,9,1,4,4
LA,Louisiana,HB1,Provides for the ordinary operating expenses of state government for Fiscal Year 2025-2026,4,Passed,2025,2025-06-20,"Program and documentation, General notice, Registration, Opt out/appeal",4,Government,['Jack McFarland'],https://legiscan.com/LA/bill/HB1/2025,0,1,0,1,Moderate Risk,0,0,0,0,0,9,1,4,4
ME,Maine,LD1639,An Act to Address Unsafe Staffing of Nurses and Improve Patient Care,2,Engrossed,2024,2024-03-27,"Program and documentation, Assessments, General notice, Nondiscrimination",4,Healthcare,"['Stacy Brenner', 'Valli Geiger', 'Anne Graham', 'Craig Hickman', 'Troy Jackson', 'Colleen Madigan', 'Amy Roeder', 'Holly Stover', 'Rachel Talbot Ross', 'Michael Tipping']",https://legiscan.com/ME/bill/LD1639/2023,1,1,1,3,Pending - High Exposure,0,0,0,0,0,1,0,1,0
ME,Maine,LD1977,An Act to Enact the Maine Data Privacy and Protection Act,6,Failed,2024,2024-04-17,"Program and documentation, Assessments, Training, Responsible individual, General notice, Explanation/incident reporting, Registration, Third-party review, Opt out/appeal, Nondiscrimination",10,Privacy,"[""Margaret O'Neil"", 'David Boyer', 'Michael Brennan', 'Craig Hickman', 'Morgan Rielly']",https://legiscan.com/ME/bill/LD1977/2023,1,1,1,3,Pending - High Exposure,0,0,0,0,0,1,0,1,0
ME,Maine,LD955,An Act to Ensure Human Oversight in Medical Insurance Payment Decisions,6,Failed,2025,2025-05-20,"Program and documentation, Assessments, Explanation/incident reporting, Opt out/appeal",4,Healthcare,"['Joseph Martin', 'Richard Bennett', 'Scott Cyrway', 'Ryan Fecteau', 'Matthew Harrington', 'Joshua Morris', 'Michael Soboleski', 'Michael Tipping', 'Samuel Zager']",https://legiscan.com/ME/bill/LD955/2025,0,0,1,1,Pending - Some Exposure,0,0,0,0,0,1,0,1,0
ME,Maine,LD1727,An Act to Ensure Transparency in Consumer Transactions Involving Artificial Intelligence,4,Passed,2025,2025-06-10,"General notice, Labeling/notification",2,AI Governance,"['Amy Kuhn', 'Anne Carney', 'Adam Lee', 'Jennifer Poirier', 'Eleanor Sato', 'Daniel Sayre']",https://legiscan.com/ME/bill/LD1727/2025,0,1,0,1,Moderate Risk,0,0,0,0,0,1,0,1,0
ME,Maine,LD872,"An Act to Ensure Determinations Made by the State Are Free from Unethical, Unsafe or Illegal Interference by Artificial Intelligence",6,Failed,2025,2025-06-09,,0,Legal/Judicial,['Gary Friedmann'],https://legiscan.com/ME/bill/LD872/2025,0,0,0,0,Pending - Low Exposure,0,0,0,0,0,1,0,1,0
ME,Maine,LD230,An Act to Protect Minors from Harmful Depictions Generated by Artificial Intelligence,6,Failed,2025,2025-05-28,"Program and documentation, Opt out/appeal",2,Children,['Richard Campbell'],https://legiscan.com/ME/bill/LD230/2025,0,0,0,0,Pending - Low Exposure,1,0,0,1,0,1,0,1,0
ME,Maine,LD1301,An Act to Prohibit the Use of Artificial Intelligence in the Denial of Health Insurance Claims,1,Introduced,2025,2025-03-25,"Program and documentation, Assessments, General notice, Nondiscrimination",4,Healthcare,"['Michael Tipping', 'Poppy Arford', 'Donna Bailey', 'Sally Cluchey', 'Matthea Larsen Daughtry', 'Janice Dodge', 'Lori Gramlich', 'Joseph Martin', 'Cameron Reny', 'Samuel Zager']",https://legiscan.com/ME/bill/LD1301/2025,1,1,1,3,Pending - High Exposure,0,0,0,0,0,1,0,1,0
ME,Maine,LD1552,An Act to Prohibit Landlords from Setting Rents Through the Use of Artificial Intelligence,6,Failed,2025,2025-06-03,"Program and documentation, Nondiscrimination",2,Housing,"['Michael Tipping', 'Glenn Curry', 'Traci Gere', 'Cheryl Golek', 'Marc Malon', 'Yusuf Yusuf']",https://legiscan.com/ME/bill/LD1552/2025,1,0,0,1,Pending - Some Exposure,0,0,0,0,0,1,0,1,0
ME,Maine,LD643,"Resolve, to Study the Effects of Artificial Intelligence, Cellular Telephones and Social Media on Public Education",6,Failed,2025,2025-05-13,"Program and documentation, Assessments",2,Education,"['Michael Brennan', 'Kristen Cloutier', 'Janice Dodge', 'Lori Gramlich', 'Grayson Lookner', 'Kelly Murphy', 'Teresa Pierce', 'Joseph Rafferty', 'Suzanne Salisbury', 'Holly Sargent']",https://legiscan.com/ME/bill/LD643/2025,0,0,1,1,Pending - Some Exposure,0,0,0,0,0,1,0,1,0
ME,Maine,LD109,"Resolve, Directing the Maine Arts Commission to Study Federal and National Efforts to Protect Artists from Copyright Infringement by Artificial Intelligence Companies and Users and to Monitor Educational Use",4,Passed,2025,2025-06-25,Program and documentation,1,Education,"['Janice Dodge', 'Poppy Arford', 'Cheryl Golek', 'Amy Kuhn', 'Christina Mitchell', 'D. Ray', 'David Sinclair']",https://legiscan.com/ME/bill/LD109/2025,0,0,0,0,Low Risk,0,0,0,0,0,1,0,1,0
ME,Maine,LD1597,An Act to Prohibit the Use of Dynamic Pricing for Certain Consumer Goods,6,Failed,2025,2025-05-21,"Program and documentation, Labeling/notification",2,Consumer Protection,"['Marc Malon', 'Stephan Bunker', 'Sally Cluchey', 'Holly Eaton', 'Wayne Farrin', 'Parnell Terry', 'Kilton Webb']",https://legiscan.com/ME/bill/LD1597/2025,0,0,0,0,Pending - Low Exposure,0,0,0,0,0,1,0,1,0
ME,Maine,LD1690,An Act Regarding Artificial Intelligence in Campaign Advertising,6,Failed,2025,2025-05-27,"Program and documentation, Labeling/notification",2,Elections,"['Amy Kuhn', 'Kristen Cloutier', 'Marc Malon', 'Jennifer Poirier', 'Dylan Pugh', 'Daniel Sayre', 'Laura Supica']",https://legiscan.com/ME/bill/LD1690/2025,0,0,0,0,Pending - Low Exposure,0,0,0,0,0,1,0,1,0
ME,Maine,LD505,An Act to Update Processes and Fees in the Probate Court System,3,Enrolled,2025,2025-06-02,"Program and documentation, Explanation/incident reporting",2,Legal/Judicial,"['Anne Carney', 'Richard Bradstreet', 'Alicia Collins', 'Tavis Hasenfus', 'Amy Kuhn', 'Mark Lawrence', 'David Sinclair', 'Holly Stover']",https://legiscan.com/ME/bill/LD505/2025,0,0,0,0,Pending - Low Exposure,0,0,0,0,0,1,0,1,0
ME,Maine,LD353,"Resolve, to Establish the Commission to Recommend Methods for Preventing Deed Fraud in the State",4,Passed,2025,2025-06-25,Program and documentation,1,AI Policy/Task Forces,"['Henry Ingwersen', 'Stacy Brenner', 'Anne Carney', 'John Ducharme', 'Marc Malon', 'Teresa Pierce', 'Joseph Rafferty', 'Eleanor Sato']",https://legiscan.com/ME/bill/LD353/2025,0,0,0,0,Low Risk,0,0,0,0,0,1,0,1,0
ME,Maine,LD1865,"Resolve, to Create a Tax Incentive Pilot Project to Encourage Businesses to Adopt a 4-day Workweek",1,Introduced,2025,2025-05-01,"Program and documentation, Assessments, General notice, Opt out/appeal",4,General/Other,['Richard Bennett'],https://legiscan.com/ME/bill/LD1865/2025,0,1,1,2,Pending - High Exposure,0,0,0,0,0,1,0,1,0
ME,Maine,SP0800,"Joint Order, to Carry Over Certain Matters from the First Special Session of the 132nd Legislature",1,Introduced,2025,2025-06-25,,0,General/Other,['Teresa Pierce'],https://legiscan.com/ME/bill/SP0800/2025,0,0,0,0,Pending - Low Exposure,0,0,0,0,0,1,0,1,0
ME,Maine,LD1281,An Act to Address the Safety of Nurses and Improve Patient Care by Enacting the Maine Quality Care Act,1,Introduced,2025,2025-03-25,"Program and documentation, General notice, Nondiscrimination",3,Healthcare,"['Stacy Brenner', 'Matthew Beck', 'Matthea Larsen Daughtry', 'Gary Friedmann', 'Valli Geiger', 'Amy Roeder', 'Kilton Webb']",https://legiscan.com/ME/bill/LD1281/2025,1,1,0,2,Pending - High Exposure,0,0,0,0,0,1,0,1,0
MD,Maryland,HB1068,Commission on Responsible Artificial Intelligence in Maryland,1,Introduced,2023,2023-02-10,"Program and documentation, Assessments, Responsible individual",3,AI Policy/Task Forces,"['Anne Kaiser', 'Nick Allen', 'Sandy Bartlett', 'Jessica Feldmark', 'Ken Kerr', 'Nicholaus Kipke', 'Sara Love', 'Susan McComas', 'Kirill Reznik', 'Deni Taveras', 'Chao Wu']",https://legiscan.com/MD/bill/HB1068/2023,0,0,1,1,Pending - Some Exposure,0,0,0,0,0,23,4,10,9
MD,Maryland,HB1034,Public Safety - Artificial Intelligence Impact Advisory Board - Establishment,1,Introduced,2023,2023-02-10,"Program and documentation, Responsible individual, General notice",3,AI Policy/Task Forces,"['Caylin Young', 'Sandy Bartlett', 'Charlotte Crutchfield', 'Debra Davis', 'Scott Phillips']",https://legiscan.com/MD/bill/HB1034/2023,0,1,0,1,Pending - Some Exposure,0,0,0,0,0,23,4,10,9
MD,Maryland,HB996,Artificial Intelligence - Implementation Causing Injury or Death - Civil and Criminal Liability,1,Introduced,2023,2023-02-10,Program and documentation,1,Criminal,"['David Fraser-hidalgo', 'Kumar Barve', 'Kirill Reznik']",https://legiscan.com/MD/bill/HB996/2023,0,0,0,0,Pending - Low Exposure,0,0,0,0,0,23,4,10,9
MD,Maryland,HB1132,State Government - Technology and Science Advisory Commission - Established,1,Introduced,2023,2023-02-10,"Program and documentation, Assessments",2,Government,"['Terri Hill', 'Nick Charles', 'Lily Qi', 'Sheila Ruth', 'Chao Wu']",https://legiscan.com/MD/bill/HB1132/2023,0,0,1,1,Pending - Some Exposure,0,0,0,0,0,23,4,10,9
MD,Maryland,HB622,Economic Development - Industry 4.0 Technology Grant Program,4,Passed,2023,2023-05-08,"Program and documentation, Responsible individual, Explanation/incident reporting",3,General/Other,"['Lily Qi', 'Scott Phillips', 'Joshua Stonko', 'Wayne Hartman', 'Joe Vogel', 'Chao Wu']",https://legiscan.com/MD/bill/HB622/2023,0,0,0,0,Low Risk,0,0,0,0,0,23,4,10,9
MD,Maryland,SB549,Economic Development – Build Our Future Grant Pilot Program and Fund (Innovation Economy Infrastructure Act of 2023),4,Passed,2023,2023-05-08,Program and documentation,1,General/Other,"['Malcolm Augustine', 'Pamela Beidle', 'Joanne Benson', 'Mary Carozza', 'Jill Carter', 'Sarah Elfreth', 'Arthur Ellis', 'Brian Feldman', 'Dawn Gile', 'Katie Hester', 'Shelly Hettleman', 'Michael Jackson', 'Mary James', 'Nancy King', 'Katherine Klausmeier', 'Anthony Muse', 'Charles Sydnor', 'Jeff Waldstreicher', 'Ron Watson', 'Chris West', 'Jack Bailey', 'Paul Corderman', 'Guy Guzzone', 'J.B. Jennings', 'Cory McCray', 'Jim Rosapepe', 'Johnny Salling', 'Craig Zucker']",https://legiscan.com/MD/bill/SB549/2023,0,0,0,0,Low Risk,0,0,1,1,0,23,4,10,9
MD,Maryland,HB552,Economic Development - Build Our Future Grant Pilot Program and Fund (Innovation Economy Infrastructure Act of 2023),4,Passed,2023,2023-05-08,Program and documentation,1,General/Other,"['Jackie Addison', 'Nick Allen', 'Marlon Amprey', 'Carl Anderton', 'Dalya Attar', 'Heather Bagnall', 'Harry Bhandari', 'Adrian Boafo', 'Jason Buckel', 'Jon Cardin', 'Nick Charles', 'Frank Conaway', 'Brian Crosby', 'Charlotte Crutchfield', 'Bonnie Cullison', 'Debra Davis', 'Eric Ebersole', 'Mark Edelson', 'Elizabeth Embry', 'Diana Fennell', 'Linda Foley', 'David Fraser-hidalgo', 'Brooke Grossman', 'Michele Guyton', 'Kevin Harris', 'Anne Healey', 'Shaneka Henson', 'Marvin Holmes', 'Kevin Hornberger', 'Dana Jones', 'Aaron Kaufman', 'Ariana Kelly', 'Ken Kerr', 'Jeffrie Long', 'Lesley Lopez', 'Aletheia McCaskill', 'Susan McComas', 'Cheryl Pasteur', 'Edith Patterson', 'Scott Phillips', 'Lily Qi', 'Pamela Queen', 'Kirill Reznik', 'Samuel Rosenberg', 'Sheila Ruth', 'Sheree Sample-Hughes', 'Emily Shetty', 'Karen Simpson', 'Stephanie Smith', 'Jared Solomon', 'Dana Stein', 'Deni Taveras', 'Karen Toles', 'Veronica Turner', 'Kriselda Valderrama', 'Joe Vogel', 'Courtney Watson', 'Melissa Wells', 'Jheanelle Wilkins', 'Nicole Williams', 'William Wivell', 'Jamila Woods', 'Chao Wu', 'Caylin Young']",https://legiscan.com/MD/bill/HB552/2023,0,0,0,0,Low Risk,0,0,1,1,0,23,4,10,9
MD,Maryland,SB906,Economic Development - Industry 4.0 Technology Grant Program,2,Engrossed,2023,2023-04-07,"Program and documentation, Responsible individual",2,General/Other,['Jim Rosapepe'],https://legiscan.com/MD/bill/SB906/2023,0,0,0,0,Pending - Low Exposure,0,0,0,0,0,23,4,10,9
MD,Maryland,SB452,Film Production Activity Income Tax Credit - Alterations and Maryland Entertainment Council,4,Passed,2023,2023-05-08,Program and documentation,1,Financial,"['Melony Griffith', 'Paul Corderman', 'Sarah Elfreth', 'Guy Guzzone', 'Michael Jackson', 'Nancy King', 'Katherine Klausmeier', 'Anthony Muse', 'Johnny Salling', 'Mary Washington', 'Ron Watson', 'Jack Bailey', 'Joanne Benson', 'Katie Hester', 'Shelly Hettleman', 'Cory McCray', 'Jim Rosapepe', 'Craig Zucker']",https://legiscan.com/MD/bill/SB452/2023,0,0,0,0,Low Risk,0,0,0,0,0,23,4,10,9
MD,Maryland,HB270,Film Production Activity Income Tax Credit - Alterations and Maryland Entertainment Council,2,Engrossed,2023,2023-03-15,,0,Financial,['Melissa Wells'],https://legiscan.com/MD/bill/HB270/2023,0,0,0,0,Pending - Low Exposure,0,0,0,0,0,23,4,10,9
MD,Maryland,SB868,State and Local Cybersecurity - Revisions,1,Introduced,2023,2023-02-06,"Program and documentation, Assessments, Responsible individual, Explanation/incident reporting, Third-party review",5,Cybersecurity,['Katie Hester'],https://legiscan.com/MD/bill/SB868/2023,0,0,1,1,Pending - Some Exposure,0,0,0,0,0,23,4,10,9
MD,Maryland,HB1065,State and Local Cybersecurity - Revisions,1,Introduced,2023,2023-02-10,"Program and documentation, Assessments, Responsible individual, Explanation/incident reporting, Third-party review",5,Cybersecurity,"['Anne Kaiser', 'Sandy Bartlett', 'Jessica Feldmark', 'Ken Kerr', 'Nicholaus Kipke']",https://legiscan.com/MD/bill/HB1065/2023,0,0,1,1,Pending - Some Exposure,0,0,0,0,0,23,4,10,9
MD,Maryland,SB818,Information Technology - Artificial Intelligence - Policies and Procedures (Artificial Intelligence Governance Act of 2024),4,Passed,2024,2024-05-09,"Program and documentation, Assessments, Responsible individual, General notice, Explanation/incident reporting, Opt out/appeal, Nondiscrimination",7,Cybersecurity,"['Katie Hester', 'Dawn Gile', 'Malcolm Augustine', 'Sarah Elfreth', 'Arthur Ellis', 'Brian Feldman', 'William Ferguson', 'Michael Jackson', 'Clarence Lam', 'Jim Rosapepe', 'William Smith', 'Jeff Waldstreicher', 'Chris West', 'Craig Zucker', 'Benjamin Brooks', 'Karen Lewis Young', 'Bryan Simonaire', 'Mary Washington', 'Ron Watson']",https://legiscan.com/MD/bill/SB818/2024,1,1,1,3,High Risk,0,0,0,0,0,23,4,10,9
MD,Maryland,HB1271,Information Technology - Artificial Intelligence - Policies and Procedures (Artificial Intelligence Governance Act of 2024),2,Engrossed,2024,2024-04-04,"Program and documentation, Assessments, Responsible individual, General notice, Explanation/incident reporting, Opt out/appeal, Nondiscrimination",7,Cybersecurity,"['Jazz Lewis', 'Terri Hill', 'Anne Kaiser', 'Tiffany Alston', 'Heather Bagnall', 'Harry Bhandari', 'Brian Chisholm', 'Bonnie Cullison', 'Pam Guzzone', 'Tom Hutchinson', 'Steve Johnson', 'Ken Kerr', 'Nicholaus Kipke', 'Robbyn Lewis', 'Lesley Lopez', 'Ashanti Martinez', 'Matt Morgan', 'Joseline Pena-Melnyk', 'Teresa Reilly', 'Samuel Rosenberg', 'Kathy Szeliga', 'Deni Taveras', 'Jennifer White Holland', 'Jamila Woods']",https://legiscan.com/MD/bill/HB1271/2024,1,1,1,3,Pending - High Exposure,0,0,0,0,0,23,4,10,9
MD,Maryland,HB1297,Education - Artificial Intelligence - Study and Regulations,2,Engrossed,2024,2024-03-18,"Program and documentation, Assessments, Responsible individual, General notice, Nondiscrimination",5,Education,['Caylin Young'],https://legiscan.com/MD/bill/HB1297/2024,1,1,1,3,Pending - High Exposure,0,0,0,0,0,23,4,10,9
MD,Maryland,SB979,Education - Artificial Intelligence - Guidelines and Pilot Program,1,Introduced,2024,2024-02-02,"Program and documentation, Assessments, Responsible individual, Nondiscrimination",4,Education,['Katie Hester'],https://legiscan.com/MD/bill/SB979/2024,1,0,1,2,Pending - High Exposure,0,0,0,0,0,23,4,10,9
MD,Maryland,HB1294,Artificial Intelligence Tools - Income Tax Credit and Sales and Use Tax,1,Introduced,2024,2024-02-09,Program and documentation,1,Financial,['Caylin Young'],https://legiscan.com/MD/bill/HB1294/2024,0,0,0,0,Pending - Low Exposure,0,0,0,0,0,23,4,10,9
MD,Maryland,HB1174,State Government - Technology Advisory Commission - Established,2,Engrossed,2024,2024-03-18,"Program and documentation, Responsible individual, Explanation/incident reporting",3,Government,"['Terri Hill', 'Pam Guzzone', 'Seth Howard', 'Lily Qi', 'Chao Wu', 'Tiffany Alston', 'Heather Bagnall', 'Harry Bhandari', 'Brian Chisholm', 'Bonnie Cullison', 'Tom Hutchinson', 'Steve Johnson', 'Anne Kaiser', 'Ken Kerr', 'Nicholaus Kipke', 'Robbyn Lewis', 'Ashanti Martinez', 'Matt Morgan', 'Joseline Pena-Melnyk', 'Teresa Reilly', 'Samuel Rosenberg', 'Kathy Szeliga', 'Deni Taveras', 'Jennifer White Holland', 'Jamila Woods']",https://legiscan.com/MD/bill/HB1174/2024,0,0,0,0,Pending - Low Exposure,0,0,0,0,0,23,4,10,9
MD,Maryland,HJ4,Aligning With the Blueprint for an Artificial Intelligence Bill of Rights (Maryland Safe Artificial Intelligence Act),1,Introduced,2024,2024-02-07,"Program and documentation, General notice, Explanation/incident reporting, Nondiscrimination",4,AI Governance,"['Harry Bhandari', 'Nick Allen']",https://legiscan.com/MD/bill/HJ4/2024,1,1,0,2,Pending - High Exposure,0,0,0,0,0,23,4,10,9
MD,Maryland,SB1087,Maryland Artificial Intelligence Advisory and Oversight Commission,1,Introduced,2024,2024-02-02,"Program and documentation, Responsible individual, General notice, Nondiscrimination",4,AI Policy/Task Forces,['Cory McCray'],https://legiscan.com/MD/bill/SB1087/2024,1,1,0,2,Pending - High Exposure,0,0,0,0,0,23,4,10,9
MD,Maryland,SB955,State Government - Technology Advisory Commission - Established,1,Introduced,2024,2024-02-02,"Program and documentation, Responsible individual, Explanation/incident reporting",3,Government,['Charles Sydnor'],https://legiscan.com/MD/bill/SB955/2024,0,0,0,0,Pending - Low Exposure,0,0,0,0,0,23,4,10,9
MD,Maryland,HB883,Department of Information Technology - Evaluation of Emerging Technologies (Maryland Artificial Intelligence in Governmental Services Act),1,Introduced,2024,2024-02-02,Assessments,1,Government,['Harry Bhandari'],https://legiscan.com/MD/bill/HB883/2024,0,0,1,1,Pending - Some Exposure,0,0,0,0,0,23,4,10,9
MD,Maryland,SB473,Economic Development - Entrepreneurial Innovation Programs - Establishment (Pava LaPere Legacy of Innovation Act of 2024),4,Passed,2024,2024-05-16,"Program and documentation, Third-party review",2,General/Other,"['Malcolm Augustine', 'Pamela Beidle', 'Benjamin Brooks', 'Jill Carter', 'Nick Charles', 'Sarah Elfreth', 'William Ferguson', 'Dawn Gile', 'Stephen Hershey', 'Katie Hester', 'Shelly Hettleman', 'Clarence Lam', 'Mike McKay', 'Justin Ready', 'Jeff Waldstreicher', 'Chris West']",https://legiscan.com/MD/bill/SB473/2024,0,0,0,0,Low Risk,0,0,0,0,0,23,4,10,9
MD,Maryland,HB582,Economic Development - Entrepreneurial Innovation Programs - Establishment (Pava LaPere Legacy of Innovation Act of 2024),4,Passed,2024,2024-05-16,Program and documentation,1,General/Other,"['Nick Allen', 'Marlon Amprey', 'Carl Anderton', 'Heather Bagnall', 'Harry Bhandari', 'Adrian Boafo', 'Regina Boyce', 'Lorig Charkoudian', 'Frank Conaway', 'Mark Edelson', 'Elizabeth Embry', 'Diana Fennell', 'Linda Foley', 'Catherine Forbes', 'Michael Griffith', 'Brooke Grossman', 'Michele Guyton', 'Pam Guzzone', 'Kevin Harris', 'Terri Hill', 'Carl Jackson', 'Andre Johnson', 'Steve Johnson', 'Anne Kaiser', 'Aaron Kaufman', 'Robbyn Lewis', 'Lesley Lopez', 'Sara Love', 'Edith Patterson', 'Scott Phillips', 'Lily Qi', 'Denise Roberts', 'Malcolm Ruff', 'Sheila Ruth', 'Gary Simmons', 'Karen Simpson', 'Jared Solomon', 'Deni Taveras', 'Kym Taylor', 'Chris Tomlinson', 'Veronica Turner', 'Natalie Ziegler']",https://legiscan.com/MD/bill/HB582/2024,0,0,0,0,Low Risk,0,0,0,0,0,23,4,10,9
MD,Maryland,HB1487,Maryland Entertainment Council - Alterations,4,Passed,2024,2024-04-09,"Program and documentation, Assessments",2,AI Policy/Task Forces,['Ways and Means'],https://legiscan.com/MD/bill/HB1487/2024,0,0,1,1,Moderate Risk,0,0,0,0,0,23,4,10,9
MD,Maryland,HB1128,Labor and Employment – Workforce Development – Talent Innovation Program and Fund,4,Passed,2024,2024-05-09,"Program and documentation, Explanation/incident reporting",2,Employment,['Economic Matters'],https://legiscan.com/MD/bill/HB1128/2024,0,0,0,0,Low Risk,0,0,0,0,0,23,4,10,9
MD,Maryland,HB1337,Health Insurance - Appeals and Grievances Process - Reporting Requirements,4,Passed,2024,2024-05-16,"Program and documentation, Assessments, General notice",3,Healthcare,"['Jamila Woods', 'Tiffany Alston', 'Heather Bagnall', 'Harry Bhandari', 'Brian Chisholm', 'Bonnie Cullison', 'Pam Guzzone', 'Terri Hill', 'Tom Hutchinson', 'Steve Johnson', 'Anne Kaiser', 'Ken Kerr', 'Nicholaus Kipke', 'Robbyn Lewis', 'Lesley Lopez', 'Ashanti Martinez', 'Matt Morgan', 'Joseline Pena-Melnyk', 'Teresa Reilly', 'Samuel Rosenberg', 'Kathy Szeliga', 'Deni Taveras', 'Jennifer White Holland']",https://legiscan.com/MD/bill/HB1337/2024,0,1,1,2,High Risk,0,0,0,0,0,23,4,10,9
MD,Maryland,SB1068,Department of Information Technology - Evaluation and Development of a 3-1-1 Portal Using Artificial Intelligence,4,Passed,2024,2024-05-09,"Program and documentation, Assessments, Training, Responsible individual, General notice, Opt out/appeal",6,Cybersecurity,['Cheryl Kagan'],https://legiscan.com/MD/bill/SB1068/2024,0,1,1,2,High Risk,0,0,0,0,0,23,4,10,9
MD,Maryland,SB127,Maryland Center for School Safety - Firearm Detection Platforms - Evaluation (Maryland Firearm Detection Platform Act),1,Introduced,2024,2024-01-10,"Program and documentation, Assessments, Explanation/incident reporting",3,Education,"['Ron Watson', 'Mary Carozza', 'Anthony Muse']",https://legiscan.com/MD/bill/SB127/2024,0,0,1,1,Pending - Some Exposure,0,0,0,0,0,23,4,10,9
MD,Maryland,HB1141,Department of Information Technology - Evaluation and Development of a 3-1-1 Portal Using Artificial Intelligence,2,Engrossed,2024,2024-04-04,"Program and documentation, Responsible individual, Training, General notice",4,Cybersecurity,"['Ken Kerr', 'Joseline Pena-Melnyk', 'Bonnie Cullison', 'Tiffany Alston', 'Heather Bagnall', 'Harry Bhandari', 'Brian Chisholm', 'Pam Guzzone', 'Terri Hill', 'Tom Hutchinson', 'Steve Johnson', 'Anne Kaiser', 'Nicholaus Kipke', 'Robbyn Lewis', 'Lesley Lopez', 'Ashanti Martinez', 'Samuel Rosenberg', 'Deni Taveras', 'Jennifer White Holland', 'Jamila Woods']",https://legiscan.com/MD/bill/HB1141/2024,0,1,0,1,Pending - Some Exposure,0,0,0,0,0,23,4,10,9
MD,Maryland,SB858,Revenge Porn - Civil Action and Reporting Requirement,2,Engrossed,2024,2024-03-15,"Program and documentation, Explanation/incident reporting",2,Adult Content,"['Katie Hester', 'Sarah Elfreth', 'Arthur Ellis', 'Brian Feldman', 'Dawn Gile', 'Mary James', 'Clarence Lam', 'Anthony Muse', 'Johnny Salling', 'Jeff Waldstreicher', 'Chris West', 'Craig Zucker']",https://legiscan.com/MD/bill/SB858/2024,0,0,0,0,Pending - Low Exposure,0,0,0,0,0,23,4,10,9
MD,Maryland,SB978,Election Law - Synthetic Media - Disclosure and Regulation,2,Engrossed,2024,2024-03-18,"Program and documentation, Labeling/notification, Opt out/appeal",3,Deepfakes; Elections,['Katie Hester'],https://legiscan.com/MD/bill/SB978/2024,0,0,0,0,Pending - Low Exposure,0,0,0,0,0,23,4,10,9
MD,Maryland,SB980,Education - Computer Science - Content Standards and Requirements,1,Introduced,2024,2024-02-02,"Program and documentation, Nondiscrimination",2,Education,['Katie Hester'],https://legiscan.com/MD/bill/SB980/2024,1,0,0,1,Pending - Some Exposure,0,0,1,1,0,23,4,10,9
MD,Maryland,HB872,Election Law – Campaign Materials – Disclosure of Use of Synthetic Media,1,Introduced,2024,2024-02-02,Labeling/notification,1,Deepfakes; Elections,"['Anne Kaiser', 'Courtney Watson', 'Jason Buckel', 'Susan McComas', 'April Fleming Miller', 'Julie Palakovich Carr', 'Edith Patterson', 'April Rose', 'Jen Terrasa', 'Chris Tomlinson']",https://legiscan.com/MD/bill/HB872/2024,0,0,0,0,Pending - Low Exposure,0,0,0,0,0,23,4,10,9
MD,Maryland,SB1089,Education - Student and School Employee Data Privacy - Protections,1,Introduced,2024,2024-02-02,"Program and documentation, General notice, Opt out/appeal",3,Education; Privacy,['Mary Washington'],https://legiscan.com/MD/bill/SB1089/2024,0,1,0,1,Pending - Some Exposure,0,0,0,0,0,23,4,10,9
MD,Maryland,HB1390,Public Schools - Public School Construction - Funding and Administration,4,Passed,2024,2024-04-25,Program and documentation,1,Education,['Kevin Harris'],https://legiscan.com/MD/bill/HB1390/2024,0,0,0,0,Low Risk,0,0,0,0,0,23,4,10,9
MD,Maryland,SB360,Budget Bill (Fiscal Year 2025),4,Passed,2024,2024-05-16,,0,Government,[],https://legiscan.com/MD/bill/SB360/2024,0,0,0,0,Low Risk,0,0,0,0,0,23,4,10,9
MD,Maryland,SB936,Consumer Protection - High-Risk Artificial Intelligence - Developer and Deployer Requirements,1,Introduced,2025,2025-02-03,"Program and documentation, Assessments, Responsible individual, General notice, Explanation/incident reporting, Developer documentation, Opt out/appeal, Nondiscrimination",8,Consumer Protection,"['Katie Hester', 'Dawn Gile', 'Sara Love']",https://legiscan.com/MD/bill/SB936/2025,1,1,1,3,Pending - High Exposure,0,0,0,0,0,23,4,10,9
MD,Maryland,HB1391,Education - Artificial Intelligence - Guidelines and Professional Development,2,Engrossed,2025,2025-03-17,"Program and documentation, Assessments, Training, Responsible individual, General notice",5,Education,"['Caylin Young', 'Eric Ebersole', 'Kris Fair', 'April Fleming Miller']",https://legiscan.com/MD/bill/HB1391/2025,0,1,1,2,Pending - High Exposure,0,0,0,0,0,23,4,10,9
MD,Maryland,HB1331,Consumer Protection - Artificial Intelligence,1,Introduced,2025,2025-02-07,"Program and documentation, Assessments, General notice, Explanation/incident reporting, Opt out/appeal, Nondiscrimination",6,Consumer Protection,['Lily Qi'],https://legiscan.com/MD/bill/HB1331/2025,1,1,1,3,Pending - High Exposure,0,0,0,0,0,23,4,10,9
MD,Maryland,SB906,"Education - Artificial Intelligence - Guidelines, Professional Development, and Task Force",1,Introduced,2025,2025-02-03,"Program and documentation, Assessments, Training, Responsible individual, General notice",5,Education,['Katie Hester'],https://legiscan.com/MD/bill/SB906/2025,0,1,1,2,Pending - High Exposure,0,0,0,0,0,23,4,10,9
MD,Maryland,HB820,Health Insurance - Utilization Review - Use of Artificial Intelligence,4,Passed,2025,2025-05-20,"Program and documentation, Assessments, Explanation/incident reporting, Nondiscrimination",4,Healthcare,"['Terri Hill', 'Joseline Pena-Melnyk', 'Anne Kaiser', 'Aaron Kaufman', 'Jazz Lewis', 'Jeffrie Long', 'Malcolm Ruff', 'Caylin Young', 'Heather Bagnall', 'Harry Bhandari', 'Brian Chisholm', 'Bonnie Cullison', 'Pam Guzzone', 'Tom Hutchinson', 'Steve Johnson', 'Ken Kerr', 'Nicholaus Kipke', 'Lesley Lopez', 'Ashanti Martinez', 'Teresa Reilly', 'Samuel Rosenberg', 'Kathy Szeliga', 'Deni Taveras', 'Jennifer White Holland', 'Jamila Woods', 'Teresa Woorman']",https://legiscan.com/MD/bill/HB820/2025,1,0,1,2,High Risk,0,0,0,0,0,23,4,10,9
MD,Maryland,HB956,Consumer Protection - Workgroup on Artificial Intelligence Implementation,4,Passed,2025,2025-04-22,"Program and documentation, Responsible individual, General notice",3,Consumer Protection,['C.T. Wilson'],https://legiscan.com/MD/bill/HB956/2025,0,1,0,1,Moderate Risk,0,0,0,0,0,23,4,10,9
MD,Maryland,HB823,Generative Artificial Intelligence - Training Data Transparency,1,Introduced,2025,2025-01-29,"Program and documentation, Developer documentation",2,AI Governance,"['Chao Wu', 'Lily Qi', 'Heather Bagnall', 'Terri Hill', 'Bernice Mireku-North', 'Scott Phillips', 'Sheila Ruth', 'Matthew Schindler', 'Natalie Ziegler']",https://legiscan.com/MD/bill/HB823/2025,0,0,0,0,Pending - Low Exposure,0,0,0,0,0,23,4,10,9
MD,Maryland,SB655,Courts - Artificial Intelligence Evidence Clinic Pilot Program - Establishment,5,Vetoed,2025,2025-05-16,Program and documentation,1,Healthcare,['Katie Hester'],https://legiscan.com/MD/bill/SB655/2025,0,0,0,0,Pending - Low Exposure,0,0,0,0,0,23,4,10,9
MD,Maryland,HB966,Courts - Artificial Intelligence Evidence Clinic Pilot Program - Establishment,2,Engrossed,2025,2025-04-03,Program and documentation,1,Healthcare,['Jon Cardin'],https://legiscan.com/MD/bill/HB966/2025,0,0,0,0,Pending - Low Exposure,0,0,0,0,0,23,4,10,9
MD,Maryland,HB981,State Department of Education and Department of Information Technology - Evaluation on Artificial Intelligence in Public Schools,1,Introduced,2025,2025-01-31,"Program and documentation, Assessments",2,Education,"['Eric Ebersole', 'Caylin Young', 'Aaron Kaufman', 'Cheryl Pasteur', 'Edith Patterson', 'Jared Solomon']",https://legiscan.com/MD/bill/HB981/2025,0,0,1,1,Pending - Some Exposure,0,0,0,0,0,23,4,10,9
MD,Maryland,SB704,State Department of Education and Department of Information Technology - Evaluation on Artificial Intelligence in Public Schools,1,Introduced,2025,2025-01-31,,0,Education,['Katie Hester'],https://legiscan.com/MD/bill/SB704/2025,0,0,0,0,Pending - Low Exposure,0,0,0,0,0,23,4,10,9
MD,Maryland,HB1240,Health Care Providers and Health Insurance Carriers - Use of Artificial Intelligence in Health Care Decision Making,1,Introduced,2025,2025-02-07,"Program and documentation, Assessments, General notice, Third-party review",4,Healthcare,['C.T. Wilson'],https://legiscan.com/MD/bill/HB1240/2025,0,1,1,2,Pending - High Exposure,0,0,0,0,0,23,4,10,9
MD,Maryland,SB987,Artificial Intelligence - Health Software and Health Insurance Decision Making,1,Introduced,2025,2025-02-03,"Program and documentation, Registration",2,Healthcare,['Clarence Lam'],https://legiscan.com/MD/bill/SB987/2025,0,0,0,0,Pending - Low Exposure,0,0,0,0,0,23,4,10,9
MD,Maryland,HB589,Artificial Intelligence - Causing Injury or Death - Civil and Criminal Liability,1,Introduced,2025,2025-01-23,Program and documentation,1,Criminal,"['Robin Grammer', 'Lauren Arikan']",https://legiscan.com/MD/bill/HB589/2025,0,0,0,0,Pending - Low Exposure,0,0,0,0,0,23,4,10,9
MD,Maryland,HB697,"Health Insurance - Artificial Intelligence, Adverse Decisions, and Grievances - Reporting Requirements",1,Introduced,2025,2025-01-24,"Program and documentation, Responsible individual, Explanation/incident reporting",3,Healthcare,"['Jamila Woods', 'Gabriel Acevero', 'Tiffany Alston', 'Frank Conaway', 'Charlotte Crutchfield', 'Jeff Ghrist', 'Marvin Holmes', 'Julian Ivey', 'Anne Kaiser', 'Aaron Kaufman', 'Robbyn Lewis', 'Jeffrie Long', 'Ashanti Martinez', 'Aletheia McCaskill', 'Cheryl Pasteur', 'Scott Phillips', 'Kent Roberson', 'Denise Roberts', 'Malcolm Ruff', 'Sheila Ruth', 'Gary Simmons', 'Jared Solomon', 'Deni Taveras', 'Kym Taylor', 'Kriselda Valderrama', 'Melissa Wells', 'Nicole Williams']",https://legiscan.com/MD/bill/HB697/2025,0,0,0,0,Pending - Low Exposure,0,0,0,0,0,23,4,10,9
MD,Maryland,SB294,Maryland Cybersecurity Council - Alterations,4,Passed,2025,2025-05-20,Responsible individual,1,AI Policy/Task Forces,"['Brian Feldman', 'Dalya Attar', 'Benjamin Brooks', 'Katie Hester', 'Cheryl Kagan', 'Bryan Simonaire', 'Ron Watson']",https://legiscan.com/MD/bill/SB294/2025,0,0,0,0,Low Risk,0,0,0,0,0,23,4,10,9
MD,Maryland,HB1314,Health Care - Prior Authorizations - Prohibiting Fees,2,Engrossed,2025,2025-03-14,Program and documentation,1,Healthcare,"['April Fleming Miller', 'Tiffany Alston', 'Jason Buckel', 'Kevin Hornberger', 'Susan McComas', 'April Rose', 'Chris Tomlinson', 'Heather Bagnall', 'Harry Bhandari', 'Brian Chisholm', 'Bonnie Cullison', 'Pam Guzzone', 'Tom Hutchinson', 'Steve Johnson', 'Anne Kaiser', 'Ken Kerr', 'Nicholaus Kipke', 'Lesley Lopez', 'Ashanti Martinez', 'Matt Morgan', 'Joseline Pena-Melnyk', 'Teresa Reilly', 'Samuel Rosenberg', 'Kim Ross', 'Kathy Szeliga', 'Deni Taveras', 'Jennifer White Holland', 'Jamila Woods', 'Teresa Woorman']",https://legiscan.com/MD/bill/HB1314/2025,0,0,0,0,Pending - Low Exposure,0,0,0,0,0,23,4,10,9
MD,Maryland,HB376,Maryland Cybersecurity Council - Alterations,4,Passed,2025,2025-05-20,Responsible individual,1,AI Policy/Task Forces,['Health and Government Operations'],https://legiscan.com/MD/bill/HB376/2025,0,0,0,0,Low Risk,0,0,0,0,0,23,4,10,9
MD,Maryland,HB5,Criminal Law - Child Sexual Abuse Material - Artificial Intelligence Software,2,Engrossed,2025,2025-03-14,Program and documentation,1,Criminal; Children,"['C.T. Wilson', 'Jon Cardin', 'Cheryl Pasteur', 'Stuart Schmidt', 'Gary Simmons', 'Scott Phillips', 'Sean Stinnett', 'LaToya Nkongolo', 'Lauren Arikan', 'Kym Taylor', 'Karen Simpson', 'Robin Grammer', 'Sheree Sample-Hughes', 'Frank Conaway', 'Aaron Kaufman', 'Nicole Williams']",https://legiscan.com/MD/bill/HB5/2025,0,0,0,0,Pending - Low Exposure,1,0,0,1,0,23,4,10,9
MD,Maryland,HB1425,Criminal Law - Identity Fraud - Artificial Intelligence and Deepfake Representations,1,Introduced,2025,2025-02-07,Program and documentation,1,Deepfakes; Criminal,['C.T. Wilson'],https://legiscan.com/MD/bill/HB1425/2025,0,0,0,0,Pending - Low Exposure,0,0,0,0,0,23,4,10,9
MD,Maryland,SB905,Criminal Law – Identity Fraud – Artificial Intelligence and Deepfake Representations,1,Introduced,2025,2025-02-03,Program and documentation,1,Deepfakes; Criminal,['Katie Hester'],https://legiscan.com/MD/bill/SB905/2025,0,0,0,0,Pending - Low Exposure,0,0,0,0,0,23,4,10,9
MD,Maryland,SB904,Data Brokers - Registry and Gross Income Tax (Building Information Guardrails Data Act of 2025),1,Introduced,2025,2025-02-03,"Program and documentation, Responsible individual, General notice, Registration, Opt out/appeal",5,General/Other,"['Katie Hester', 'William Ferguson', 'Sara Love', 'Dawn Gile', 'Michael Jackson', 'Jim Rosapepe']",https://legiscan.com/MD/bill/SB904/2025,0,1,0,1,Pending - Some Exposure,0,0,0,0,0,23,4,10,9
MD,Maryland,HB1089,Data Brokers - Registry and Gross Income Tax (Building Information Guardrails Data Act of 2025),1,Introduced,2025,2025-02-05,"Program and documentation, Responsible individual, General notice, Registration, Opt out/appeal",5,General/Other,['Jared Solomon'],https://legiscan.com/MD/bill/HB1089/2025,0,1,0,1,Pending - Some Exposure,0,0,0,0,0,23,4,10,9
MD,Maryland,HB525,Election Law - Influencing a Voter By Dissemination of a Deepfake - Prohibition,2,Engrossed,2025,2025-04-03,"Program and documentation, General notice, Nondiscrimination",3,Deepfakes; Elections,"['Jessica Feldmark', 'Dana Jones', 'Anne Kaiser', 'Scott Phillips', 'Sheila Ruth', 'Courtney Watson', 'Melissa Wells', 'Jamila Woods', 'Jheanelle Wilkins', 'Julie Palakovich Carr', 'Denise Roberts', 'Greg Wims', 'Eric Ebersole', 'Kris Fair', 'Edith Patterson', 'Caylin Young', 'Joe Vogel']",https://legiscan.com/MD/bill/HB525/2025,1,1,0,2,Pending - High Exposure,0,0,0,0,0,23,4,10,9
MD,Maryland,HB782,Study on Detecting Deadly Weapons in Public Middle and High Schools,4,Passed,2025,2025-05-06,"Assessments, Explanation/incident reporting",2,Education,"['Vanessa Atterbeary', 'Eric Ebersole', 'Kris Fair', 'Michael Griffith', 'Kevin Hornberger', 'Bob Long', 'April Fleming Miller', 'Bernice Mireku-North', 'Edith Patterson', 'Denise Roberts', 'Joe Vogel', 'Melissa Wells', 'Jheanelle Wilkins', 'Greg Wims', 'Chao Wu', 'Caylin Young']",https://legiscan.com/MD/bill/HB782/2025,0,0,1,1,Moderate Risk,0,0,0,0,0,23,4,10,9
MD,Maryland,HB1316,Primary and Secondary Education - Youth-Centric Technology and Social Media Resource Guide,5,Vetoed,2025,2025-05-16,"Program and documentation, Assessments, General notice",3,Education; Children,"['Sarah Wolek', 'Marc Korman', 'Bernice Mireku-North', 'Jared Solomon']",https://legiscan.com/MD/bill/HB1316/2025,0,1,1,2,Pending - High Exposure,1,0,0,1,0,23,4,10,9
MD,Maryland,SB361,Election Law - Influence on a Voter's Voting Decision By Use of Fraud - Prohibition,2,Engrossed,2025,2025-03-12,"Program and documentation, General notice, Nondiscrimination",3,Elections,['Katie Hester'],https://legiscan.com/MD/bill/SB361/2025,1,1,0,2,Pending - High Exposure,0,0,0,0,0,23,4,10,9
MD,Maryland,HB738,Department of Information Technology - Major Information Technology Development Projects - Oversight,4,Passed,2025,2025-05-25,"Program and documentation, Assessments, General notice",3,Cybersecurity,"['Anne Kaiser', 'Sandy Bartlett', 'Jessica Feldmark', 'Terri Hill', 'Ken Kerr', 'Nicholaus Kipke', 'Tiffany Alston', 'Heather Bagnall', 'Harry Bhandari', 'Bonnie Cullison', 'Pam Guzzone', 'Tom Hutchinson', 'Steve Johnson', 'Lesley Lopez', 'Ashanti Martinez', 'Matt Morgan', 'Joseline Pena-Melnyk', 'Teresa Reilly', 'Kim Ross', 'Kathy Szeliga', 'Deni Taveras', 'Jennifer White Holland', 'Jamila Woods', 'Teresa Woorman']",https://legiscan.com/MD/bill/HB738/2025,0,1,1,2,High Risk,0,0,0,0,0,23,4,10,9
MD,Maryland,HB983,Election Law - Local Boards of Elections - Language Assistance Program,4,Passed,2025,2025-05-06,"Program and documentation, General notice, Nondiscrimination",3,Elections,"['Bernice Mireku-North', 'Jheanelle Wilkins']",https://legiscan.com/MD/bill/HB983/2025,1,1,0,2,High Risk,0,0,0,0,0,23,4,10,9
MD,Maryland,SB705,Department of Information Technology - Major Information Technology Development Projects - Oversight,4,Passed,2025,2025-05-25,"Program and documentation, Assessments, General notice",3,Cybersecurity,"['Katie Hester', 'Stephen Hershey']",https://legiscan.com/MD/bill/SB705/2025,0,1,1,2,High Risk,0,0,0,0,0,23,4,10,9
MD,Maryland,SB685,Election Law - Local Boards of Elections - Language Assistance Program,4,Passed,2025,2025-05-06,"Program and documentation, General notice, Nondiscrimination",3,Elections,['Malcolm Augustine'],https://legiscan.com/MD/bill/SB685/2025,1,1,0,2,High Risk,0,0,0,0,0,23,4,10,9
MD,Maryland,HB807,Information Technology - Modernizing Data Governance - Office of Enterprise Data and Council for Open Data Advancement,2,Engrossed,2025,2025-03-13,"Program and documentation, Responsible individual",2,AI Policy/Task Forces,['Health and Government Operations'],https://legiscan.com/MD/bill/HB807/2025,0,0,0,0,Pending - Low Exposure,0,0,0,0,0,23,4,10,9
MD,Maryland,HB1384,Howard County - Study on Detecting Deadly Weapons in Public Middle and High Schools Ho. Co. 15-25,1,Introduced,2025,2025-02-07,"Assessments, Explanation/incident reporting",2,Education,[],https://legiscan.com/MD/bill/HB1384/2025,0,0,1,1,Pending - Some Exposure,0,0,0,0,0,23,4,10,9
MD,Maryland,SB897,Primary and Secondary Education - Student Technology and Social Media Resource Guide,1,Introduced,2025,2025-02-03,"Program and documentation, Assessments, General notice",3,Education,['Sara Love'],https://legiscan.com/MD/bill/SB897/2025,0,1,1,2,Pending - High Exposure,0,0,0,0,0,23,4,10,9
MD,Maryland,HB740,Election Law - Campaign Materials - Disclosure of Use of Synthetic Media,1,Introduced,2025,2025-01-27,Labeling/notification,1,Deepfakes; Elections,"['Anne Kaiser', 'Michele Guyton', 'Susan McComas', 'Julie Palakovich Carr', 'Joseline Pena-Melnyk', 'Sheila Ruth', 'Matthew Schindler', 'Deni Taveras', 'Jen Terrasa', 'Chris Tomlinson', 'Veronica Turner']",https://legiscan.com/MD/bill/HB740/2025,0,0,0,0,Pending - Low Exposure,0,0,0,0,0,23,4,10,9
MD,Maryland,SB1025,"Commercial Law - Voice and Visual Likeness - Digital Replication Rights (Nurture Originals, Foster Art, and Keep Entertainment Safe Act - NO FAKES Act)",1,Introduced,2025,2025-02-17,"Program and documentation, General notice",2,Digital Content/IP,['Johnny Mautz'],https://legiscan.com/MD/bill/SB1025/2025,0,1,0,1,Pending - Some Exposure,0,0,0,0,0,23,4,10,9
MD,Maryland,HB1407,"Commercial Law - Voice and Visual Likeness - Digital Replication Rights (Nurture Originals, Foster Art, and Keep Entertainment Safe Act - NO FAKES Act)",1,Introduced,2025,2025-02-07,"Program and documentation, General notice, Opt out/appeal",3,Digital Content/IP,"['Marlon Amprey', 'Adrian Boafo']",https://legiscan.com/MD/bill/HB1407/2025,0,1,0,1,Pending - Some Exposure,0,0,0,0,0,23,4,10,9
MD,Maryland,HB498,Economic Development - Delivering Economic Competitiveness and Advancing Development Efforts (DECADE) Act,1,Introduced,2025,2025-01-22,Program and documentation,1,General/Other,"['Nick Allen', 'Jon Cardin', 'Diana Fennell', 'Kevin Hornberger', 'Edith Patterson', 'Dana Stein', 'Deni Taveras', 'Veronica Turner', 'Joe Vogel', 'Chao Wu']",https://legiscan.com/MD/bill/HB498/2025,0,0,0,0,Pending - Low Exposure,0,0,0,0,0,23,4,10,9
MD,Maryland,SB427,Economic Development - Delivering Economic Competitiveness and Advancing Development Efforts (DECADE) Act,2,Engrossed,2025,2025-04-04,Program and documentation,1,General/Other,"['Benjamin Brooks', 'Nick Charles', 'Arthur Ellis', 'Dawn Gile', 'Shaneka Henson', 'Clarence Lam', 'Ron Watson', 'Chris West']",https://legiscan.com/MD/bill/SB427/2025,0,0,0,0,Pending - Low Exposure,0,0,0,0,0,23,4,10,9
MD,Maryland,HB350,Budget Bill (Fiscal Year 2026),4,Passed,2025,2025-05-20,"Program and documentation, General notice, Registration, Opt out/appeal",4,Government,[],https://legiscan.com/MD/bill/HB350/2025,0,1,0,1,Moderate Risk,0,0,0,0,0,23,4,10,9
MD,Maryland,SB429,Excellence in Maryland Public Schools Act,2,Engrossed,2025,2025-04-01,"Program and documentation, Assessments, Training, General notice, Nondiscrimination",5,Education,"['Nick Charles', 'Cheryl Kagan', 'Nancy King', 'Clarence Lam', 'Chris West']",https://legiscan.com/MD/bill/SB429/2025,1,1,1,3,Pending - High Exposure,0,0,0,0,0,23,4,10,9
MD,Maryland,HB504,Excellence in Maryland Public Schools Act,4,Passed,2025,2025-05-06,"Program and documentation, Assessments, Training, Responsible individual, General notice, Opt out/appeal",6,Education,"['Kevin Hornberger', 'Susan McComas', 'Chris Tomlinson']",https://legiscan.com/MD/bill/HB504/2025,0,1,1,2,High Risk,0,0,0,0,0,23,4,10,9
MD,Maryland,HB351,"Creation of a State Debt - Maryland Consolidated Capital Bond Loan of 2025, and the Maryland Consolidated Capital Bond Loans of 2011, 2012, 2013, 2014, 2015, 2016, 2017, 2018, 2019, 2020, 2021, 2022, 2023, and 2024",4,Passed,2025,2025-05-20,,0,Financial,[],https://legiscan.com/MD/bill/HB351/2025,0,0,0,0,Low Risk,0,0,0,0,0,23,4,10,9
MA,Massachusetts,S31,Drafted with the help of ChatGPT to regulate generative artificial intelligence models like ChatGPT,1,Introduced,2023,2023-02-16,"Program and documentation, Assessments, General notice, Registration, Nondiscrimination",5,AI Governance,"['Barry Finegold', 'Adam Gomez']",https://legiscan.com/MA/bill/S31/2023,1,1,1,3,Pending - High Exposure,0,0,0,0,0,3,0,2,1
MA,Massachusetts,H1974,Regulating the use of artificial intelligence (AI) in providing mental health services,1,Introduced,2023,2023-02-16,"Program and documentation, General notice, Opt out/appeal",3,Healthcare,"['Josh Cutler', 'Vanna Howard']",https://legiscan.com/MA/bill/H1974/2023,0,1,0,1,Pending - Some Exposure,0,0,0,0,0,3,0,2,1
MA,Massachusetts,H4024,Establishing a commission on automated decision-making by government in the Commonwealth,1,Introduced,2023,2023-08-03,"Program and documentation, Assessments, Training, Responsible individual, General notice, Explanation/incident reporting, Third-party review, Opt out/appeal, Nondiscrimination",9,Government,"['Advanced Information Technology, the Internet and Cybersecurity', 'Sean Garballey', 'Simon Cataldo', 'Vanna Howard', 'James Eldridge', 'Jason Lewis', 'Michael Moore']",https://legiscan.com/MA/bill/H4024/2023,1,1,1,3,Pending - High Exposure,0,0,0,0,0,3,0,2,1
MA,Massachusetts,H64,Establishing a commission on automated decision-making by government in the Commonwealth,1,Introduced,2023,2023-02-16,"Program and documentation, Assessments, Training, Responsible individual, General notice, Explanation/incident reporting, Third-party review, Opt out/appeal, Nondiscrimination",9,Government,"['Sean Garballey', 'Simon Cataldo', 'Vanna Howard', 'James Eldridge']",https://legiscan.com/MA/bill/H64/2023,1,1,1,3,Pending - High Exposure,0,0,0,0,0,3,0,2,1
MA,Massachusetts,S2539,Relative to cybersecurity and artificial intelligence,1,Introduced,2023,2023-12-28,"Program and documentation, Assessments, Training, Responsible individual, General notice, Explanation/incident reporting, Third-party review, Nondiscrimination",8,Cybersecurity,"['Advanced Information Technology, the Internet and Cybersecurity', 'Michael Moore', ""Patrick O'Connor"", 'Marc Pacheco', 'Michael Soter', 'Marcus Vaughn', 'Steven Xiarhos', 'Fred Barrows', 'Bradley Jones', 'James Arena-DeRosa', 'Steven Howitt', 'Hannah Kane', 'Patricia Haddad', 'Jeffrey Roy', 'Christopher Hendricks', 'Carmine Gentile', 'Joseph McKenna', 'David Muradian', 'Kelly Pease', 'Kimberly Ferguson', 'Bruce Tarr', 'Simon Cataldo']",https://legiscan.com/MA/bill/S2539/2023,1,1,1,3,Pending - High Exposure,0,0,0,0,0,3,0,2,1
MA,Massachusetts,S33,Establishing a commission on automated decision-making by government in the commonwealth,1,Introduced,2023,2023-02-16,"Program and documentation, Assessments, Training, Responsible individual, General notice, Explanation/incident reporting, Third-party review, Opt out/appeal, Nondiscrimination",9,Government,"['Jason Lewis', 'Michael Moore', 'James Eldridge']",https://legiscan.com/MA/bill/S33/2023,1,1,1,3,Pending - High Exposure,0,0,0,0,0,3,0,2,1
MA,Massachusetts,S2811,Site Information & Links,1,Introduced,2024,2024-06-06,"Program and documentation, Assessments, Training, Responsible individual, General notice, Third-party review",6,General/Other,"['Michael Moore', 'Marc Pacheco']",https://legiscan.com/MA/bill/S2811/2023,0,1,1,2,Pending - High Exposure,0,0,0,0,0,3,0,2,1
MA,Massachusetts,H4242,To provide for the future information technology needs of Massachusetts,1,Introduced,2024,2024-01-10,"Program and documentation, Assessments",2,Cybersecurity,[],https://legiscan.com/MA/bill/H4242/2023,0,0,1,1,Pending - Some Exposure,0,0,0,0,0,3,0,2,1
MA,Massachusetts,H4648,To provide for the future information technology needs of Massachusetts.,2,Engrossed,2024,2024-05-15,Program and documentation,1,Cybersecurity,[],https://legiscan.com/MA/bill/H4648/2023,0,0,0,0,Pending - Low Exposure,0,0,0,0,0,3,0,2,1
MA,Massachusetts,H4889,To provide for the future information technology needs of Massachusetts,4,Passed,2024,2024-07-29,Program and documentation,1,Cybersecurity,[],https://legiscan.com/MA/bill/H4889/2023,0,0,0,0,Low Risk,0,0,0,0,0,3,0,2,1
MA,Massachusetts,H72,To protect against deep fakes used to facilitate criminal or torturous conduct,1,Introduced,2023,2023-02-16,"Program and documentation, Assessments",2,Criminal,['Jay Livingstone'],https://legiscan.com/MA/bill/H72/2023,0,0,1,1,Pending - Some Exposure,0,0,0,0,0,3,0,2,1
MA,Massachusetts,H4642,To provide for the future information technology needs of Massachusetts.,1,Introduced,2024,2024-05-15,Program and documentation,1,Cybersecurity,['House Committee on Ways and Means'],https://legiscan.com/MA/bill/H4642/2023,0,0,0,0,Pending - Low Exposure,0,0,0,0,0,3,0,2,1
MA,Massachusetts,S2730,Relative to deceptive and fraudulent deepfakes in election communications,1,Introduced,2024,2024-01-11,"Program and documentation, Labeling/notification",2,Deepfakes; Elections,"['Barry Finegold', 'Frank Moran']",https://legiscan.com/MA/bill/S2730/2023,0,0,0,0,Pending - Low Exposure,0,0,0,0,0,3,0,2,1
MA,Massachusetts,S2806,Site Information & Links,1,Introduced,2024,2024-06-03,Program and documentation,1,General/Other,['Senate Committee on Ways and Means'],https://legiscan.com/MA/bill/S2806/2023,0,0,0,0,Pending - Low Exposure,0,0,0,0,0,3,0,2,1
MA,Massachusetts,H4712,"Matters before the joint committee on mental health, substance use and recovery",1,Introduced,2024,2024-06-06,"Program and documentation, Training",2,Healthcare,"['Joint Committee on Mental Health, Substance Use and Recovery']",https://legiscan.com/MA/bill/H4712/2023,0,0,0,0,Pending - Low Exposure,0,0,0,0,0,3,0,2,1
MA,Massachusetts,H4406,Establishing a task force on the use of deepfake and digital content forgery,1,Introduced,2024,2024-02-22,"Program and documentation, Assessments",2,Deepfakes,"['Advanced Information Technology, the Internet and Cybersecurity', 'Jay Livingstone']",https://legiscan.com/MA/bill/H4406/2023,0,0,1,1,Pending - Some Exposure,0,0,0,0,0,3,0,2,1
MA,Massachusetts,S2856,Site Information & Links,1,Introduced,2024,2024-07-08,Program and documentation,1,General/Other,['Senate Committee on Ways and Means'],https://legiscan.com/MA/bill/S2856/2023,0,0,0,0,Pending - Low Exposure,0,0,0,0,0,3,0,2,1
MA,Massachusetts,H1986,Resolve relative to children’s mental health in social media,1,Introduced,2023,2023-02-16,"Program and documentation, Assessments, Explanation/incident reporting, Third-party review",4,Healthcare; Children,"['Denise Garlick', 'Patricia Duffy', 'David DeCoste', 'Steven Howitt', 'Jason Lewis', 'Paul Mark', 'Christopher Worrell', 'Susannah Whipps Lee', 'Marcus Vaughn', 'Liz Miranda', 'Nick Collins', 'Hannah Kane', 'Lindsay Sabadosa', 'Thomas Stanley', 'Brian Murray', 'Kate Lipper-Garabedian', 'Rebecca Rausch', 'Ryan Fattman', 'James Eldridge', 'John Keenan', 'Bradley Jones', 'Natalie Higgins', 'Michael Moore', 'Tommy Vitolo', 'Susan Moran', 'Bill MacGregor', 'Steven Xiarhos']",https://legiscan.com/MA/bill/H1986/2023,0,0,1,1,Pending - Some Exposure,1,0,0,1,0,3,0,2,1
MA,Massachusetts,H5112,"Message from Her Excellency the Governor returning with recommendation of amendment of sections 221, 222 and 223 of the engrossed Bill relative to strengthening Massachusetts’ economic leadership (House, No. 5100)",1,Introduced,2024,2024-11-25,Program and documentation,1,General/Other,[],https://legiscan.com/MA/bill/H5112/2023,0,0,0,0,Pending - Low Exposure,0,0,0,0,0,3,0,2,1
MA,Massachusetts,S2814,Site Information & Links,1,Introduced,2024,2024-06-06,Program and documentation,1,General/Other,[],https://legiscan.com/MA/bill/S2814/2023,0,0,0,0,Pending - Low Exposure,0,0,0,0,0,3,0,2,1
MA,Massachusetts,H4789,Relative to strengthening Massachusetts’ economic leadership,1,Introduced,2024,2024-06-24,Program and documentation,1,General/Other,['House Committee on Ways and Means'],https://legiscan.com/MA/bill/H4789/2023,0,0,0,0,Pending - Low Exposure,0,0,0,0,0,3,0,2,1
MA,Massachusetts,H4722,Relative to strengthening Massachusetts' economic leadership,1,Introduced,2024,2024-06-05,Program and documentation,1,General/Other,['Committee on Economic Development and Emerging Technologies'],https://legiscan.com/MA/bill/H4722/2023,0,0,0,0,Pending - Low Exposure,0,0,0,0,0,3,0,2,1
MA,Massachusetts,S2869,Site Information & Links,1,Introduced,2024,2024-07-11,Program and documentation,1,General/Other,[],https://legiscan.com/MA/bill/S2869/2023,0,0,0,0,Pending - Low Exposure,0,0,0,0,0,3,0,2,1
MA,Massachusetts,H4459,Relative to strengthening Massachusetts' economic leadership,1,Introduced,2024,2024-03-04,"Program and documentation, Registration",2,General/Other,[],https://legiscan.com/MA/bill/H4459/2023,0,0,0,0,Pending - Low Exposure,0,0,0,0,0,3,0,2,1
MA,Massachusetts,S2710,Site Information & Links,1,Introduced,2024,2024-03-21,"Program and documentation, Assessments",2,General/Other,[],https://legiscan.com/MA/bill/S2710/2023,0,0,1,1,Pending - Some Exposure,0,0,0,0,0,3,0,2,1
MA,Massachusetts,H5100,Relative to strengthening Massachusetts’ economic leadership,4,Passed,2024,2024-11-20,"Program and documentation, General notice, Registration, Opt out/appeal",4,General/Other,[],https://legiscan.com/MA/bill/H5100/2023,0,1,0,1,Moderate Risk,0,0,0,0,0,3,0,2,1
MA,Massachusetts,H4804,Relative to strengthening Massachusetts’ economic leadership,2,Engrossed,2024,2024-06-27,Program and documentation,1,General/Other,[],https://legiscan.com/MA/bill/H4804/2023,0,0,0,0,Pending - Low Exposure,0,0,0,0,0,3,0,2,1
MA,Massachusetts,H51,"Financing the immediate economic revitalization, community development, and housing needs of the Commonwealth",1,Introduced,2023,2023-01-26,Program and documentation,1,Financial,[],https://legiscan.com/MA/bill/H51/2023,0,0,0,0,Pending - Low Exposure,0,0,0,0,0,3,0,2,1
MA,Massachusetts,H1873,Preventing a dystopian work environment,1,Introduced,2023,2023-02-16,"Program and documentation, Assessments, General notice, Explanation/incident reporting, Opt out/appeal, Nondiscrimination",6,General/Other,['Dylan Fernandes'],https://legiscan.com/MA/bill/H1873/2023,1,1,1,3,Pending - High Exposure,0,0,0,0,0,3,0,2,1
MA,Massachusetts,S23,Site Information & Links,1,Introduced,2023,2023-03-06,Program and documentation,1,General/Other,['Senate Committee on Ways and Means'],https://legiscan.com/MA/bill/S23/2023,0,0,0,0,Pending - Low Exposure,0,0,0,0,0,3,0,2,1
MA,Massachusetts,H58,Making appropriations for the Fiscal Year 2023 to provide for supplementing certain existing appropriations and for certain other activities and projects,4,Passed,2023,2023-03-29,Program and documentation,1,Government,['House Committee on Ways and Means'],https://legiscan.com/MA/bill/H58/2023,0,0,0,0,Low Risk,0,0,0,0,0,3,0,2,1
MA,Massachusetts,S24,Site Information & Links,1,Introduced,2023,2023-03-09,Program and documentation,1,General/Other,['Senate Committee on Ways and Means'],https://legiscan.com/MA/bill/S24/2023,0,0,0,0,Pending - Low Exposure,0,0,0,0,0,3,0,2,1
MA,Massachusetts,H3548,Similar Bills,1,Introduced,2023,2023-03-23,Program and documentation,1,General/Other,['Aaron Michlewitz'],https://legiscan.com/MA/bill/H3548/2023,0,0,0,0,Pending - Low Exposure,0,0,0,0,0,3,0,2,1
MA,Massachusetts,H83,To establish the Massachusetts data privacy protection act,1,Introduced,2023,2023-02-16,"Program and documentation, Assessments, Training, Responsible individual, General notice, Labeling/notification, Explanation/incident reporting, Developer documentation, Registration, Third-party review, Opt out/appeal, Nondiscrimination",12,Privacy,"['Andres Vargas', 'David Rogers', 'Carmine Gentile', 'Marjorie Decker', 'Tommy Vitolo']",https://legiscan.com/MA/bill/H83/2023,1,1,1,3,Pending - High Exposure,0,0,0,0,0,3,0,2,1
MA,Massachusetts,S25,Establishing the Massachusetts Data Privacy Protection Act,1,Introduced,2023,2023-02-16,"Program and documentation, Assessments, Training, Responsible individual, General notice, Labeling/notification, Explanation/incident reporting, Developer documentation, Registration, Third-party review, Opt out/appeal, Nondiscrimination",12,Privacy,"['Cynthia Creem', 'Jason Lewis', ""Patrick O'Connor"", 'Michael Moore']",https://legiscan.com/MA/bill/S25/2023,1,1,1,3,Pending - High Exposure,0,0,0,0,0,3,0,2,1
MA,Massachusetts,S2584,Site Information & Links,1,Introduced,2024,2024-02-01,"Program and documentation, Assessments, General notice, Opt out/appeal",4,General/Other,['Cynthia Creem'],https://legiscan.com/MA/bill/S2584/2023,0,1,1,2,Pending - High Exposure,0,0,0,0,0,3,0,2,1
MA,Massachusetts,S227,Establishing the Massachusetts Information Privacy and Security Act,1,Introduced,2023,2023-02-16,"Program and documentation, Assessments, General notice, Registration, Opt out/appeal, Nondiscrimination",6,Privacy,['Barry Finegold'],https://legiscan.com/MA/bill/S227/2023,1,1,1,3,Pending - High Exposure,0,0,0,0,0,3,0,2,1
MA,Massachusetts,H60,Establishing the Massachusetts information privacy and security act,1,Introduced,2023,2023-02-16,"Program and documentation, Assessments, General notice, Registration, Opt out/appeal, Nondiscrimination",6,Privacy,"['Daniel Carey', 'Mindy Domb']",https://legiscan.com/MA/bill/H60/2023,1,1,1,3,Pending - High Exposure,0,0,0,0,0,3,0,2,1
MA,Massachusetts,H4885,Modernizing firearm laws,4,Passed,2024,2024-07-25,"Program and documentation, Assessments, General notice, Registration, Opt out/appeal",5,Weapons/Defense,[],https://legiscan.com/MA/bill/H4885/2023,0,1,1,2,High Risk,0,0,0,0,0,3,0,2,1
MA,Massachusetts,H4601,"Making appropriations for the fiscal year 2025 for the maintenance of the departments, boards, commissions, institutions, and certain activities of the commonwealth, for interest, sinking fund, and serial bond requirements, and for certain permanent improvements",2,Engrossed,2024,2024-04-26,"Program and documentation, General notice, Registration, Opt out/appeal",4,Government,[],https://legiscan.com/MA/bill/H4601/2023,0,1,0,1,Pending - Some Exposure,0,0,0,0,0,3,0,2,1
MA,Massachusetts,H3900,"Making appropriations for the fiscal year 2024 for the maintenance of the departments, boards, commissions, institutions, and certain activities of the Commonwealth, for interest, sinking fund, and serial bond requirements, and for certain permanent improvements",1,Introduced,2023,2023-04-13,"Program and documentation, General notice, Registration, Opt out/appeal",4,Government,['House Committee on Ways and Means'],https://legiscan.com/MA/bill/H3900/2023,0,1,0,1,Pending - Some Exposure,0,0,0,0,0,3,0,2,1
MA,Massachusetts,H4600,"Making appropriations for the fiscal year 2025 for the maintenance of the departments, boards, commissions, institutions, and certain activities of the commonwealth, for interest, sinking fund, and serial bond requirements, and for certain permanent improvements",1,Introduced,2024,2024-04-11,"Program and documentation, General notice, Registration, Opt out/appeal",4,Government,['House Committee on Ways and Means'],https://legiscan.com/MA/bill/H4600/2023,0,1,0,1,Pending - Some Exposure,0,0,0,0,0,3,0,2,1
MA,Massachusetts,H3901,"Making appropriations for the fiscal year 2024 for the maintenance of the departments, boards, commissions, institutions, and certain activities of the Commonwealth, for interest, sinking fund, and serial bond requirements, and for certain permanent improvements",2,Engrossed,2023,2023-04-26,"Program and documentation, General notice, Registration, Opt out/appeal",4,Government,['House Committee on Ways and Means'],https://legiscan.com/MA/bill/H3901/2023,0,1,0,1,Pending - Some Exposure,0,0,0,0,0,3,0,2,1
MA,Massachusetts,S2800,Site Information & Links,1,Introduced,2024,2024-05-23,"Program and documentation, General notice, Registration, Opt out/appeal",4,General/Other,[],https://legiscan.com/MA/bill/S2800/2023,0,1,0,1,Pending - Some Exposure,0,0,0,0,0,3,0,2,1
MA,Massachusetts,H4040,"Making appropriations for the fiscal year 2024 for the maintenance of the departments, boards, commissions, institutions, and certain activities of the Commonwealth, for interest, sinking fund, and serial bond requirements, and for certain permanent improvements",5,Vetoed,2023,2023-08-10,"Program and documentation, General notice, Registration, Opt out/appeal",4,Government,[],https://legiscan.com/MA/bill/H4040/2023,0,1,0,1,Pending - Some Exposure,0,0,0,0,0,3,0,2,1
MA,Massachusetts,H4800,"Making appropriations for the fiscal year 2025 for the maintenance of the departments, boards, commissions, institutions, and certain activities of the commonwealth, for interest, sinking fund, and serial bond requirements, and for certain permanent improvements",5,Vetoed,2024,2024-07-29,"Program and documentation, General notice, Registration, Opt out/appeal",4,Government,[],https://legiscan.com/MA/bill/H4800/2023,0,1,0,1,Pending - Some Exposure,0,0,0,0,0,3,0,2,1
MA,Massachusetts,H97,Protecting consumers in interactions with artificial intelligence systems,1,Introduced,2025,2025-02-27,"Program and documentation, Assessments, Responsible individual, General notice, Explanation/incident reporting, Developer documentation, Opt out/appeal, Nondiscrimination",8,Consumer Protection,"['David Rogers', 'Andres Vargas']",https://legiscan.com/MA/bill/H97/2025,1,1,1,3,Pending - High Exposure,0,0,0,0,0,3,0,2,1
MA,Massachusetts,H495,Reducing emissions from artificial intelligence,1,Introduced,2025,2025-02-27,"Program and documentation, Assessments, General notice, Opt out/appeal",4,General/Other,['David Rogers'],https://legiscan.com/MA/bill/H495/2025,0,1,1,2,Pending - High Exposure,0,0,0,0,0,3,0,2,1
MA,Massachusetts,S46,Relative to the use of artificial intelligence and other software tools in healthcare decision-making,1,Introduced,2025,2025-02-27,"Program and documentation, Assessments, General notice, Third-party review, Nondiscrimination",5,Healthcare,['Michael Moore'],https://legiscan.com/MA/bill/S46/2025,1,1,1,3,Pending - High Exposure,0,0,0,0,0,3,0,2,1
MA,Massachusetts,S2632,Relative to the use of artificial intelligence and other software tools in healthcare decision-making,1,Introduced,2025,2025-10-16,"Program and documentation, Assessments, General notice, Nondiscrimination",4,Healthcare,"['Advanced Information Technology, the Internet and Cybersecurity']",https://legiscan.com/MA/bill/S2632/2025,1,1,1,3,Pending - High Exposure,0,0,0,0,0,3,0,2,1
MA,Massachusetts,H81,Relative to artificial intelligence disclosure,1,Introduced,2025,2025-02-27,"Program and documentation, General notice, Labeling/notification",3,AI Governance,['Steven Howitt'],https://legiscan.com/MA/bill/H81/2025,0,1,0,1,Pending - Some Exposure,0,0,0,0,0,3,0,2,1
MA,Massachusetts,S37,Promoting economic development with emerging artificial intelligence models and safety,1,Introduced,2025,2025-02-27,"Program and documentation, Assessments, Responsible individual, General notice, Explanation/incident reporting, Third-party review, Opt out/appeal",7,AI Governance,['Barry Finegold'],https://legiscan.com/MA/bill/S37/2025,0,1,1,2,Pending - High Exposure,0,0,0,0,0,3,0,2,1
MA,Massachusetts,H94,To ensure accountability and transparency in artificial intelligence systems,1,Introduced,2025,2025-02-27,"Program and documentation, Assessments, Responsible individual, General notice, Explanation/incident reporting, Developer documentation, Opt out/appeal, Nondiscrimination",8,AI Governance,['Francisco Paulino'],https://legiscan.com/MA/bill/H94/2025,1,1,1,3,Pending - High Exposure,0,0,0,0,0,3,0,2,1
MA,Massachusetts,H90,Regulating provenance regarding artificial intelligence,1,Introduced,2025,2025-02-27,"Program and documentation, Labeling/notification",2,AI Governance,['Jay Livingstone'],https://legiscan.com/MA/bill/H90/2025,0,0,0,0,Pending - Low Exposure,0,0,0,0,0,3,0,2,1
MA,Massachusetts,H4616,Improving the health insurance prior authorization process,1,Introduced,2025,2025-10-20,"Program and documentation, Assessments, General notice, Labeling/notification, Opt out/appeal, Nondiscrimination",6,Healthcare,['Joint Committee on Financial Services'],https://legiscan.com/MA/bill/H4616/2025,1,1,1,3,Pending - High Exposure,0,0,0,0,0,3,0,2,1
MA,Massachusetts,H1136,Improving the health insurance prior authorization process,1,Introduced,2025,2025-02-27,"Program and documentation, Assessments, General notice, Labeling/notification, Nondiscrimination",5,Healthcare,['Marjorie Decker'],https://legiscan.com/MA/bill/H1136/2025,1,1,1,3,Pending - High Exposure,0,0,0,0,0,3,0,2,1
MA,Massachusetts,S1403,Relative to reducing administrative burden,1,Introduced,2025,2025-02-27,"Program and documentation, Assessments, General notice, Explanation/incident reporting, Nondiscrimination",5,General/Other,['Cindy Friedman'],https://legiscan.com/MA/bill/S1403/2025,1,1,1,3,Pending - High Exposure,0,0,0,0,0,3,0,2,1
MA,Massachusetts,S264,Establishing protections for consumers interacting with artificial intelligence chatbots,1,Introduced,2025,2025-02-27,"General notice, Labeling/notification",2,Consumer Protection,['Mark Montigny'],https://legiscan.com/MA/bill/S264/2025,0,1,0,1,Pending - Some Exposure,0,0,0,0,0,3,0,2,1
MA,Massachusetts,H1931,To enhance protections against child exploitation and misuse of emerging technologies,1,Introduced,2025,2025-02-27,"Program and documentation, Responsible individual",2,Children,['Francisco Paulino'],https://legiscan.com/MA/bill/H1931/2025,0,0,0,0,Pending - Low Exposure,1,0,0,1,0,3,0,2,1
MA,Massachusetts,H846,Enhancing disclosure requirements for synthetic media in political advertising,1,Introduced,2025,2025-02-27,Labeling/notification,1,Deepfakes; Elections,['Bradley Jones'],https://legiscan.com/MA/bill/H846/2025,0,0,0,0,Pending - Low Exposure,0,0,0,0,0,3,0,2,1
MA,Massachusetts,H1210,Relative to AI health communications and informed patient consent,1,Introduced,2025,2025-02-27,"Program and documentation, Assessments, General notice, Explanation/incident reporting, Opt out/appeal",5,Healthcare,['Bradley Jones'],https://legiscan.com/MA/bill/H1210/2025,0,1,1,2,Pending - High Exposure,0,0,0,0,0,3,0,2,1
MA,Massachusetts,S2630,Promoting economic development with emerging artificial intelligence models and safety,1,Introduced,2025,2025-10-16,"Program and documentation, Assessments, Responsible individual, General notice, Explanation/incident reporting, Third-party review, Opt out/appeal",7,AI Governance,"['Advanced Information Technology, the Internet and Cybersecurity']",https://legiscan.com/MA/bill/S2630/2025,0,1,1,2,Pending - High Exposure,0,0,0,0,0,3,0,2,1
MA,Massachusetts,S2631,To protect against election misinformation,1,Introduced,2025,2025-10-16,"Program and documentation, Labeling/notification, Opt out/appeal",3,Elections,"['Advanced Information Technology, the Internet and Cybersecurity']",https://legiscan.com/MA/bill/S2631/2025,0,0,0,0,Pending - Low Exposure,0,0,0,0,0,3,0,2,1
MA,Massachusetts,H76,To protect against election misinformation,1,Introduced,2025,2025-02-27,"Program and documentation, General notice, Opt out/appeal",3,Elections,['Tricia Farley-Bouvier'],https://legiscan.com/MA/bill/H76/2025,0,1,0,1,Pending - Some Exposure,0,0,0,0,0,3,0,2,1
MA,Massachusetts,S44,To protect against election misinformation,1,Introduced,2025,2025-02-27,"Program and documentation, General notice, Opt out/appeal",3,Elections,['Michael Moore'],https://legiscan.com/MA/bill/S44/2025,0,1,0,1,Pending - Some Exposure,0,0,0,0,0,3,0,2,1
MA,Massachusetts,H3983,Relative to establishing a workforce training trust fund for emerging technologies,1,Introduced,2025,2025-04-03,"Program and documentation, Responsible individual, General notice",3,Employment,['Kip Diggs'],https://legiscan.com/MA/bill/H3983/2025,0,1,0,1,Pending - Some Exposure,0,0,0,0,0,3,0,2,1
MA,Massachusetts,S49,Relative to cybersecurity and artificial intelligence,1,Introduced,2025,2025-02-27,"Program and documentation, Assessments, Training, Responsible individual, General notice, Explanation/incident reporting, Third-party review, Opt out/appeal, Nondiscrimination",9,Cybersecurity,['Michael Moore'],https://legiscan.com/MA/bill/S49/2025,1,1,1,3,Pending - High Exposure,0,0,0,0,0,3,0,2,1
MA,Massachusetts,S429,To establish a commission to investigate AI in education,1,Introduced,2025,2025-02-27,"Program and documentation, Assessments, Training, Responsible individual, General notice, Explanation/incident reporting, Third-party review, Nondiscrimination",8,Education,['Jacob Oliveira'],https://legiscan.com/MA/bill/S429/2025,1,1,1,3,Pending - High Exposure,0,0,0,0,0,3,0,2,1
MA,Massachusetts,H77,Fostering artificial intelligence responsibility,1,Introduced,2025,2025-02-27,"Program and documentation, Assessments, Responsible individual, General notice, Explanation/incident reporting, Third-party review, Opt out/appeal, Nondiscrimination",8,AI Governance,['Tricia Farley-Bouvier'],https://legiscan.com/MA/bill/H77/2025,1,1,1,3,Pending - High Exposure,0,0,0,0,0,3,0,2,1
MA,Massachusetts,S35,Fostering artificial intelligence responsibility,1,Introduced,2025,2025-02-27,"Program and documentation, Assessments, Responsible individual, General notice, Explanation/incident reporting, Third-party review, Opt out/appeal, Nondiscrimination",8,AI Governance,['Dylan Fernandes'],https://legiscan.com/MA/bill/S35/2025,1,1,1,3,Pending - High Exposure,0,0,0,0,0,3,0,2,1
MA,Massachusetts,H83,Establishing a special legislative commission to study load growth due to AI and data centers,1,Introduced,2025,2025-02-27,Program and documentation,1,AI Policy/Task Forces,['Bradley Jones'],https://legiscan.com/MA/bill/H83/2025,0,0,0,0,Pending - Low Exposure,0,0,1,1,0,3,0,2,1
MA,Massachusetts,H614,Relative to issuing guidance regarding setting policies for the use of AI in schools,1,Introduced,2025,2025-02-27,"Program and documentation, Assessments, General notice",3,Education,['Bradley Jones'],https://legiscan.com/MA/bill/H614/2025,0,1,1,2,Pending - High Exposure,0,0,0,0,0,3,0,2,1
MA,Massachusetts,S243,Requiring consumer notification for chatbot systems,1,Introduced,2025,2025-02-27,"General notice, Labeling/notification",2,Consumer Protection,['Barry Finegold'],https://legiscan.com/MA/bill/S243/2025,0,1,0,1,Pending - Some Exposure,0,0,0,0,0,3,0,2,1
MA,Massachusetts,S994,Prohibiting algorithmic rent setting,1,Introduced,2025,2025-02-27,"Program and documentation, Nondiscrimination",2,AI Governance,['Cindy Friedman'],https://legiscan.com/MA/bill/S994/2025,1,0,0,1,Pending - Some Exposure,0,0,0,0,0,3,0,2,1
MA,Massachusetts,S323,Providing for phone free schools,1,Introduced,2025,2025-02-27,"Program and documentation, Assessments",2,Education,['Brendan Crighton'],https://legiscan.com/MA/bill/S323/2025,0,0,1,1,Pending - Some Exposure,0,0,0,0,0,3,0,2,1
MA,Massachusetts,H3208,Establishing a sales tax on digital advertising services,1,Introduced,2025,2025-02-27,Program and documentation,1,General/Other,['Francisco Paulino'],https://legiscan.com/MA/bill/H3208/2025,0,0,0,0,Pending - Low Exposure,0,0,0,0,0,3,0,2,1
MA,Massachusetts,H4758,Supporting the economic growth of downtowns and small businesses,1,Introduced,2025,2025-11-19,"Program and documentation, Assessments, Responsible individual",3,General/Other,['Committee on Community Development and Small Business'],https://legiscan.com/MA/bill/H4758/2025,0,0,1,1,Pending - Some Exposure,0,0,0,0,0,3,0,2,1
MA,Massachusetts,H2236,Resolve relative to children’s mental health in social media,1,Introduced,2025,2025-02-27,"Program and documentation, Assessments, Explanation/incident reporting, Third-party review",4,Healthcare; Children,['Joshua Tarsky'],https://legiscan.com/MA/bill/H2236/2025,0,0,1,1,Pending - Some Exposure,1,0,0,1,0,3,0,2,1
MA,Massachusetts,S51,"Relative to social media, algorithm accountability, and transparency",1,Introduced,2025,2025-02-27,"Program and documentation, Assessments, General notice, Registration, Third-party review",5,AI Governance,['John Velis'],https://legiscan.com/MA/bill/S51/2025,0,1,1,2,Pending - High Exposure,0,0,0,0,0,3,0,2,1
MA,Massachusetts,S335,Promoting safe technology use and distraction-free education for youth,1,Introduced,2025,2025-02-27,"Program and documentation, Assessments, General notice, Explanation/incident reporting, Opt out/appeal",5,Education; Children,['Julian Cyr'],https://legiscan.com/MA/bill/S335/2025,0,1,1,2,Pending - High Exposure,1,0,0,1,0,3,0,2,1
MA,Massachusetts,H666,Promoting safe technology use and distraction-free education for youth,1,Introduced,2025,2025-02-27,"Program and documentation, Assessments, General notice, Explanation/incident reporting, Opt out/appeal",5,Education; Children,"['Alice Peisch', 'Kate Lipper-Garabedian']",https://legiscan.com/MA/bill/H666/2025,0,1,1,2,Pending - High Exposure,1,0,0,1,0,3,0,2,1
MA,Massachusetts,S1,Governor Healey's State of the Commonwealth Address,1,Introduced,2025,2025-01-16,Program and documentation,1,General/Other,[],https://legiscan.com/MA/bill/S1/2025,0,0,0,0,Pending - Low Exposure,0,0,0,0,0,3,0,2,1
MA,Massachusetts,S2516,Establishing the Massachusetts data privacy act,1,Introduced,2025,2025-05-12,"Program and documentation, Assessments, Training, Responsible individual, General notice, Labeling/notification, Explanation/incident reporting, Developer documentation, Registration, Third-party review, Opt out/appeal, Nondiscrimination",12,Privacy,"['Advanced Information Technology, the Internet and Cybersecurity']",https://legiscan.com/MA/bill/S2516/2025,1,1,1,3,Pending - High Exposure,0,0,0,0,0,3,0,2,1
MA,Massachusetts,S301,Advancing the economic development of the commonwealth through comprehensive data privacy,1,Introduced,2025,2025-02-27,"Program and documentation, Assessments, General notice, Registration, Opt out/appeal, Nondiscrimination",6,Privacy,['Barry Finegold'],https://legiscan.com/MA/bill/S301/2025,1,1,1,3,Pending - High Exposure,0,0,0,0,0,3,0,2,1
MA,Massachusetts,H4001,"Making appropriations for the fiscal year 2026 for the maintenance of the departments, boards, commissions, institutions, and certain activities of the commonwealth, for interest, sinking fund, and serial bond requirements, and for certain permanent improvements",2,Engrossed,2025,2025-04-30,"Program and documentation, General notice, Registration, Opt out/appeal",4,Government,[],https://legiscan.com/MA/bill/H4001/2025,0,1,0,1,Pending - Some Exposure,0,0,0,0,0,3,0,2,1
MA,Massachusetts,H4240,"Making appropriations for the fiscal year 2026 for the maintenance of the departments, boards, commissions, institutions and certain activities of the Commonwealth, for interest, sinking fund and serial bond requirements, and for certain permanent improvements",5,Vetoed,2025,2025-07-04,"Program and documentation, General notice, Registration, Opt out/appeal",4,Government,[],https://legiscan.com/MA/bill/H4240/2025,0,1,0,1,Pending - Some Exposure,0,0,0,0,0,3,0,2,1
MA,Massachusetts,H4000,"Making appropriations for the fiscal year 2026 for the maintenance of the departments, boards, commissions, institutions, and certain activities of the commonwealth, for interest, sinking fund, and serial bond requirements, and for certain permanent improvements",1,Introduced,2025,2025-04-17,"Program and documentation, General notice, Registration, Opt out/appeal",4,Government,['House Committee on Ways and Means'],https://legiscan.com/MA/bill/H4000/2025,0,1,0,1,Pending - Some Exposure,0,0,0,0,0,3,0,2,1
MI,Michigan,HB5141,Campaign finance: advertising; using artificial intelligence in certain political advertisements; require disclosure. Amends sec. 47 of 1976 PA 388 (MCL 169.247) & adds sec. 59. TIE BAR WITH: HB 5143'23,4,Passed,2023,2023-12-31,Labeling/notification,1,Elections,"['Penelope Tsernoglou', 'Carrie Rheingans', 'Natalie Price', 'Jennifer Conlin', 'Ranjeev Puri', 'Veronica Paiz', 'Kara Hope', 'Jasper Martus', 'Julie Brixie', 'Matthew Bierlein', 'Julie Rogers', 'Helena Scott', 'Joey Andrews', 'Mike McFall', 'Felicia Brabec', 'Christine Morse', 'Jim Haadsma', 'Jimmie Wilson', 'Emily Dievendorf', 'Jason Morgan', 'Rachel Hood', 'Phil Skaggs', 'Erin Byrnes', 'Samantha Steckloff', 'Tyrone Carter', 'Sharon MacDonell', 'Jason Hoskins', 'Brenda Carter', ""Amos O'Neal"", 'Cynthia Neeley', 'Nate Shannon', 'Alabas Farhat']",https://legiscan.com/MI/bill/HB5141/2023,0,0,0,0,Low Risk,0,0,0,0,0,0,0,0,0
MI,Michigan,HR0312,"A resolution to declare December 9-15, 2024, as Computer Science Week in the state of Michigan.",4,Passed,2024,2024-12-10,Training,1,General/Other,"['Carol Glanville', 'Jim Haadsma', 'Sharon MacDonell', 'Carrie Rheingans']",https://legiscan.com/MI/bill/HR0312/2023,0,0,0,0,Low Risk,0,0,1,1,0,0,0,0,0
MI,Michigan,HB5143,Campaign finance: other; artificial intelligence; define. Amends sec. 2 of 1976 PA 388 (MCL 169.202). TIE BAR WITH: HB 5141'23,4,Passed,2023,2023-12-31,Program and documentation,1,Elections,"['Matthew Bierlein', 'Carrie Rheingans', 'Natalie Price', 'Jennifer Conlin', 'Bill Schuette', 'Kara Hope', 'Julie Rogers', 'Jasper Martus', 'Julie Brixie', 'Ranjeev Puri', 'Helena Scott', 'Joey Andrews', 'Mike McFall', 'Felicia Brabec', 'Christine Morse', 'Jim Haadsma', 'Jimmie Wilson', 'Emily Dievendorf', 'Jason Morgan', 'Rachel Hood', 'Erin Byrnes', 'Samantha Steckloff', 'Tyrone Carter', 'Sharon MacDonell', 'Jason Hoskins', 'Brenda Carter', ""Amos O'Neal"", 'Cynthia Neeley', 'Nate Shannon', 'Alabas Farhat']",https://legiscan.com/MI/bill/HB5143/2023,0,0,0,0,Low Risk,0,0,0,0,0,0,0,0,0
MI,Michigan,HB5142,"Criminal procedure: sentencing guidelines; sentencing guidelines for campaign finance violations; modify. Amends sec. 11e, ch. XVII of 1927 PA 175 (MCL 777.11e). TIE BAR WITH: HB 5141'23",2,Engrossed,2023,2023-11-01,"Program and documentation, General notice",2,Elections; Criminal,"['Ranjeev Puri', 'Carrie Rheingans', 'Natalie Price', 'Jennifer Conlin', 'Veronica Paiz', 'Jason Hoskins', 'Kara Hope', 'Jasper Martus', 'Julie Brixie', 'Matthew Bierlein', 'Julie Rogers', 'Bill Schuette', 'Helena Scott', 'Joey Andrews', 'Mike McFall', 'Felicia Brabec', 'Christine Morse', 'Jim Haadsma', 'Jimmie Wilson', 'Emily Dievendorf', 'Jason Morgan', 'Rachel Hood', 'Phil Skaggs', 'Erin Byrnes', 'Samantha Steckloff', 'Tyrone Carter', 'Sharon MacDonell', 'Brenda Carter', ""Amos O'Neal"", 'Cynthia Neeley', 'Nate Shannon', 'Alabas Farhat']",https://legiscan.com/MI/bill/HB5142/2023,0,1,0,1,Pending - Some Exposure,0,0,0,0,0,0,0,0,0
MI,Michigan,HB5144,"Elections: offenses; penalties for distributing materially deceptive media; provide for, and provide procedure for enjoining materially deceptive media. Amends 1954 PA 116 (MCL 168.1 - 168.992) by adding sec. 932f.",4,Passed,2023,2023-12-31,"Program and documentation, Labeling/notification",2,Deepfakes; Elections; Criminal,"['Penelope Tsernoglou', 'Carrie Rheingans', 'Natalie Price', 'Julie Rogers', 'Jennifer Conlin', 'Jasper Martus', 'Julie Brixie', 'Ranjeev Puri', 'Veronica Paiz', 'Kara Hope', 'Matthew Bierlein', 'Bill Schuette', 'Helena Scott', 'Joey Andrews', 'Mike McFall', 'Felicia Brabec', 'Christine Morse', 'Matt Koleszar', 'Jim Haadsma', 'Jimmie Wilson', 'Emily Dievendorf', 'Jason Morgan', 'Joseph Aragona', 'Rachel Hood', 'Phil Skaggs', 'Erin Byrnes', 'Samantha Steckloff', 'Tyrone Carter', 'Sharon MacDonell', 'Jason Hoskins', 'Brenda Carter', ""Amos O'Neal"", 'Cynthia Neeley', 'Nate Shannon', 'Alabas Farhat']",https://legiscan.com/MI/bill/HB5144/2023,0,0,0,0,Low Risk,0,0,0,0,0,0,0,0,0
MI,Michigan,HB5981,Human services: food assistance; dynamic pricing of WIC approved items; prohibit. Amends sec. 5105 of 2000 PA 92 (MCL 289.5105) & adds sec. 5102.,1,Introduced,2024,2024-09-26,Program and documentation,1,General/Other,['Mike McFall'],https://legiscan.com/MI/bill/HB5981/2023,0,0,0,0,Pending - Low Exposure,0,0,0,0,0,0,0,0,0
MI,Michigan,HB5503,Appropriations: school aid; fiscal year 2024-2025 appropriations for K-12 school aid; provide for. Amends secs. 11 & 31aa of 1979 PA 94 (MCL 388.1611 & 388.1631aa) & adds 97h.,4,Passed,2024,2024-10-15,,0,Education,"['Regina Weiss', 'Angela Witwer']",https://legiscan.com/MI/bill/HB5503/2023,0,0,0,0,Low Risk,0,0,0,0,0,0,0,0,0
MI,Michigan,HB5507,"Appropriations: school aid; fiscal year 2024-2025 omnibus appropriations for K-12 school aid, higher education, and community colleges; provide for. Amends, adds & repeals (See bill).",4,Passed,2024,2024-07-30,,0,Education,"['Regina Weiss', 'Angela Witwer']",https://legiscan.com/MI/bill/HB5507/2023,0,0,0,0,Low Risk,0,0,0,0,0,0,0,0,0
MI,Michigan,HB4668,Trade: business regulation; requirements and safety standards for developers of certain artificial intelligence models; provide for. Creates new act.,1,Introduced,2025,2025-06-24,"Program and documentation, Assessments, Responsible individual, General notice, Explanation/incident reporting, Third-party review, Nondiscrimination",7,AI Governance,['Sarah Lightner'],https://legiscan.com/MI/bill/HB4668/2025,1,1,1,3,Pending - High Exposure,0,0,0,0,0,0,0,0,0
MI,Michigan,HB4938,State: other; distribution of certain material; prohibit. Creates new act.,1,Introduced,2025,2025-09-11,"Program and documentation, Assessments, Responsible individual, General notice",4,General/Other,"['Josh Schriver', 'Joseph Pavlov', 'Matthew Maddock', 'James DeSana', 'Joseph Fox', 'Jennifer Wortz']",https://legiscan.com/MI/bill/HB4938/2025,0,1,1,2,Pending - High Exposure,0,0,0,0,0,0,0,0,0
MI,Michigan,HB4536,Insurance: health insurers; use of artificial intelligence tools to make decisions regarding claims; prohibit. Amends 1956 PA 218 (MCL 500.100 - 500.8302) by adding sec. 3406ss.,1,Introduced,2025,2025-06-03,"Program and documentation, Nondiscrimination",2,Healthcare,"['Carrie Rheingans', 'Betsy Coffia', 'Natalie Price', 'Erin Byrnes', 'Jason Morgan', 'Dylan Wegela', 'Penelope Tsernoglou', 'Kelly Breen', 'Stephanie Young', 'Jimmie Wilson', 'Sharon MacDonell']",https://legiscan.com/MI/bill/HB4536/2025,1,0,0,1,Pending - Some Exposure,0,0,0,0,0,0,0,0,0
MI,Michigan,HB4537,Human services: medical services; use of artificial intelligence tools to make decisions regarding claims; prohibit. Amends 1939 PA 280 (MCL 400.1 - 400.119b) by adding sec. 107b.,1,Introduced,2025,2025-06-03,"Program and documentation, Nondiscrimination",2,Healthcare,"['Carrie Rheingans', 'Betsy Coffia', 'Natalie Price', 'Erin Byrnes', 'Jason Morgan', 'Dylan Wegela', 'Penelope Tsernoglou', 'Kelly Breen', 'Stephanie Young', 'Jimmie Wilson', 'Sharon MacDonell']",https://legiscan.com/MI/bill/HB4537/2025,1,0,0,1,Pending - Some Exposure,0,0,0,0,0,0,0,0,0
MI,Michigan,HB4667,Crimes: other; use of artificial intelligence to commit certain crimes; prohibit. Amends 1931 PA 328 (MCL 750.1 - 750.568) by adding sec. 411y.,1,Introduced,2025,2025-06-24,Program and documentation,1,Criminal,['Sarah Lightner'],https://legiscan.com/MI/bill/HB4667/2025,0,0,0,0,Pending - Low Exposure,0,0,0,0,0,0,0,0,0
MI,Michigan,SB0165,Appropriations: department of education; appropriations for fiscal year 2025-2026; provide for. Creates appropriation act.,2,Engrossed,2025,2025-05-13,,0,Education,['Rosemary Bayer'],https://legiscan.com/MI/bill/SB0165/2025,0,0,0,0,Pending - Low Exposure,0,0,0,0,0,0,0,0,0
MI,Michigan,HB4577,Appropriations: school aid; appropriations for K-12 school aid; provide for. Amends secs. 11 & 17b of 1979 PA 94 (MCL 388.1611 & 388.1617b).,2,Engrossed,2025,2025-06-11,,0,Education,['Tim Kelly'],https://legiscan.com/MI/bill/HB4577/2025,0,0,0,0,Pending - Low Exposure,0,0,0,0,0,0,0,0,0
MI,Michigan,SB0230,Appropriations: school aid; appropriations for K-12 school aid; provide for. Amends (See bill).,1,Introduced,2025,2025-04-22,Program and documentation,1,Education,['Thomas Albert'],https://legiscan.com/MI/bill/SB0230/2025,0,0,0,0,Pending - Low Exposure,0,0,0,0,0,0,0,0,0
MI,Michigan,HB4706,Appropriations: omnibus; appropriations for multiple departments and branches for the fiscal year 2025-2026 and supplemental appropriations for fiscal year 2024-2025; provide for. Creates appropriation act.,4,Passed,2025,2025-10-08,,0,Government,['Ann Bollin'],https://legiscan.com/MI/bill/HB4706/2025,0,0,0,0,Low Risk,0,0,0,0,0,0,0,0,0
MI,Michigan,SB0166,"Appropriations: school aid; fiscal year 2025-2026 appropriations for k-12 school aid; provide for. Amends, adds & repeals (See bill).",4,Passed,2025,2025-10-08,,0,Education,['Darrin Camilleri'],https://legiscan.com/MI/bill/SB0166/2025,0,0,0,0,Low Risk,0,0,0,0,0,0,0,0,0
MN,Minnesota,HF4662,"Minnesota State Colleges and Universities faculty academic freedom protections established, artificial intelligence working group created, and report required.",1,Introduced,2024,2024-03-07,"Program and documentation, Responsible individual, Labeling/notification, Nondiscrimination",4,Education,['Dan Wolgamott'],https://legiscan.com/MN/bill/HF4662/2023,1,0,0,1,Pending - Some Exposure,0,0,0,0,0,0,0,0,0
MN,Minnesota,SF4416,Minnesota State Colleges and Universities faculty academic freedom protections establishment; artificial intelligence working group establishment,1,Introduced,2024,2024-02-29,"Program and documentation, Labeling/notification, Nondiscrimination",3,Education,"['Aric Putnam', 'Clare Oumou Verbeten', 'David Dibble']",https://legiscan.com/MN/bill/SF4416/2023,1,0,0,1,Pending - Some Exposure,0,0,0,0,0,0,0,0,0
MN,Minnesota,HF4400,"Prohibiting Social Media Manipulation Act created, social media platforms regulated, and attorney general enforcement provided.",1,Introduced,2024,2024-02-28,"Program and documentation, General notice, Explanation/incident reporting, Opt out/appeal",4,Social Media,"['Zack Stephenson', 'Kristin Bahner']",https://legiscan.com/MN/bill/HF4400/2023,0,1,0,1,Pending - Some Exposure,0,0,0,0,0,0,0,0,0
MN,Minnesota,SR82,"A Senate resolution congratulating Mayo Clinic on being named the No. 1 hospital in Newsweek's list of the ""World's Best Hospitals"" for the sixth straight year",1,Introduced,2024,2024-03-18,Program and documentation,1,Healthcare,['Carla Nelson'],https://legiscan.com/MN/bill/SR82/2023,0,0,0,0,Pending - Low Exposure,0,0,0,0,0,0,0,0,0
MN,Minnesota,SF4696,Prohibiting Social Media Manipulation Act,1,Introduced,2024,2024-03-07,"Program and documentation, General notice, Explanation/incident reporting, Opt out/appeal",4,Social Media,['Judy Seeberger'],https://legiscan.com/MN/bill/SF4696/2023,0,1,0,1,Pending - Some Exposure,0,0,0,0,0,0,0,0,0
MN,Minnesota,HF1814,"Medical debt governing provisions modified, billing and payment established for miscoded health treatments and services, medical debt collecting practices prohibited, and enforcement provided.",1,Introduced,2023,2023-02-15,"Program and documentation, Assessments",2,Healthcare,"['Liz Reyer', 'Samantha Sencer-Mura']",https://legiscan.com/MN/bill/HF1814/2023,0,0,1,1,Pending - Some Exposure,0,0,0,0,0,0,0,0,0
MN,Minnesota,HF41,"Bureau of Criminal Apprehension superintendent required to prepare an annual report on Fusion Center activities, and money appropriated.",1,Introduced,2023,2023-01-04,"Program and documentation, Assessments, General notice",3,Criminal,"['Sandra Feist', 'Steve Elkins']",https://legiscan.com/MN/bill/HF41/2023,0,1,1,2,Pending - High Exposure,0,0,0,0,0,0,0,0,0
MN,Minnesota,SF186,Superintendent of the Bureau of Criminal Apprehension requirement to prepare an annual report on Fusion Center activities,1,Introduced,2023,2023-01-11,"Program and documentation, General notice",2,Criminal,"['Warren Limmer', 'Erin Maye Quade', 'Ronald Latz', 'Eric Lucero', 'James Carlson']",https://legiscan.com/MN/bill/SF186/2023,0,1,0,1,Pending - Some Exposure,0,0,0,0,0,0,0,0,0
MN,Minnesota,SF4065,"Various provisions modification governing debt collection, garnishment, and consumer finance",1,Introduced,2024,2024-02-22,,0,Financial,"['Liz Boldon', 'Matt Klein', 'Mary Kunesh-Podein', 'John Marty', 'Ann Rest']",https://legiscan.com/MN/bill/SF4065/2023,0,0,0,0,Pending - Low Exposure,0,0,0,0,0,0,0,0,0
MN,Minnesota,HF4100,"Debt collection, garnishment, medical debt, and consumer finance various governing provisions modified; debtor protections provided; statutory forms modified; and statutory form review required.",1,Introduced,2024,2024-02-22,Program and documentation,1,Healthcare,"['Liz Reyer', 'Jay Xiong', 'Andrew Smith', 'Patty Acomb', 'Kelly Moller', 'Cedrick Frazier', 'Maria Perez-Vega', 'Ned Carroll', 'Mary Clardy', 'Kaela Berg', 'Amanda Hemmingsen-Jaeger', 'Leigh Finke', 'Michael Howard', 'Sydney Jordan', 'Samantha Vang', 'Jessica Hanson', 'Ethan Cha', 'Kim Hicks', 'Bianca Virnig', 'Peter Fischer', 'Tina Liebling', 'Heather Edelson', 'Robert Bierman', 'Brad Tabke', 'Erin Koegel', 'Emma Greenman', 'Samantha Sencer-Mura', 'Esther Agbaje', 'Leon Lillie', 'Zack Stephenson', 'Alicia Kozlowski', 'Fue Lee', 'Steve Elkins', 'Kaohly Her', 'Kristin Bahner']",https://legiscan.com/MN/bill/HF4100/2023,0,0,0,0,Pending - Low Exposure,0,0,0,0,0,0,0,0,0
MN,Minnesota,SF4602,"Debt collection, garnishment and consumer finance provisions modifications; debtor protections authorization; related statutory review requirement",1,Introduced,2024,2024-03-04,,0,Financial,"['Rob Kupec', 'Nicole Mitchell', 'Erin Maye Quade', 'Alice Mann', 'Liz Boldon']",https://legiscan.com/MN/bill/SF4602/2023,0,0,0,0,Pending - Low Exposure,0,0,0,0,0,0,0,0,0
MN,Minnesota,HF4077,"Consumer protection, monetary and financial institutions policy, insurance, and telecommunications provisions added, modified, or eliminated; on-sale liquor licenses modified and authorized; technical changes made; reports required; and penalties established.",1,Introduced,2024,2024-02-22,"Program and documentation, Training",2,Healthcare; Financial,['Zack Stephenson'],https://legiscan.com/MN/bill/HF4077/2023,0,0,0,0,Pending - Low Exposure,0,0,0,0,0,0,0,0,0
MN,Minnesota,SF4097,Omnibus Commerce policy bill,4,Passed,2024,2024-05-21,"Program and documentation, Training",2,General/Other,['Matt Klein'],https://legiscan.com/MN/bill/SF4097/2023,0,0,0,0,Low Risk,0,0,0,0,0,0,0,0,0
MN,Minnesota,HF4571,Health and human services supplemental budget bill.,1,Introduced,2024,2024-03-04,Program and documentation,1,Healthcare,['Tina Liebling'],https://legiscan.com/MN/bill/HF4571/2023,0,0,0,0,Pending - Low Exposure,0,0,0,0,0,0,0,0,0
MN,Minnesota,SF2909,Omnibus Judiciary and Public Safety appropriations,4,Passed,2023,2023-05-19,Program and documentation,1,Government,['Ronald Latz'],https://legiscan.com/MN/bill/SF2909/2023,0,0,0,0,Low Risk,0,0,0,0,0,0,0,0,0
MN,Minnesota,HF2890,Public safety finance and policy bill.,1,Introduced,2023,2023-03-15,Program and documentation,1,Financial,"['Kelly Moller', 'Jamie Becker-finn', 'Brion Curran']",https://legiscan.com/MN/bill/HF2890/2023,0,0,0,0,Pending - Low Exposure,0,0,0,0,0,0,0,0,0
MN,Minnesota,SF4699,Omnibus Health and Human Services supplemental appropriations and policy provisions,2,Engrossed,2024,2024-05-06,Program and documentation,1,Healthcare,['Melissa Wiklund'],https://legiscan.com/MN/bill/SF4699/2023,0,0,0,0,Pending - Low Exposure,0,0,0,0,0,0,0,0,0
MN,Minnesota,SF1117,Environmental impacts to Minnesota of artificial intelligence study requirement and appropriation,1,Introduced,2025,2025-02-06,Assessments,1,Government,"['Erin Maye Quade', 'Liz Boldon']",https://legiscan.com/MN/bill/SF1117/2025,0,0,1,1,Pending - Some Exposure,0,0,0,0,0,0,0,0,0
MN,Minnesota,HF1150,"Study of environmental impacts of artificial intelligence required, report required, and money appropriated.",1,Introduced,2025,2025-02-19,Assessments,1,General/Other,"['Kristi Pursell', 'Leigh Finke', 'Alex Falconer', 'David Gottfried']",https://legiscan.com/MN/bill/HF1150/2025,0,0,1,1,Pending - Some Exposure,0,0,0,0,0,0,0,0,0
MN,Minnesota,HF1838,Health insurance; use of artificial intelligence prohibited in the utilization review process.,1,Introduced,2025,2025-03-03,,0,Healthcare,"['Andrew Smith', 'Alex Falconer', 'Bianca Virnig', 'Anquam Mahamoud']",https://legiscan.com/MN/bill/HF1838/2025,0,0,0,0,Pending - Low Exposure,0,0,0,0,0,0,0,0,0
MN,Minnesota,SF1856,Usage of artificial intelligence in the utilization review process prohibition provision,1,Introduced,2025,2025-02-24,Program and documentation,1,General/Other,"['Erin Maye Quade', 'Liz Boldon', 'Alice Mann', 'Zaynab Mohamed', 'Nicole Mitchell']",https://legiscan.com/MN/bill/SF1856/2025,0,0,0,0,Pending - Low Exposure,0,0,0,0,0,0,0,0,0
MN,Minnesota,SF1886,Individual communication with artificial intelligence disclosure requirement provision,1,Introduced,2025,2025-02-27,"General notice, Labeling/notification, Opt out/appeal",3,AI Governance,"['Erin Maye Quade', 'Eric Lucero']",https://legiscan.com/MN/bill/SF1886/2025,0,1,0,1,Pending - Some Exposure,0,0,0,0,0,0,0,0,0
MN,Minnesota,HF2452,Artificial intelligence use to dynamically set product prices prohibited.,1,Introduced,2025,2025-03-17,Nondiscrimination,1,General/Other,"['Emma Greenman', 'Michael Howard', 'Steve Elkins', 'Esther Agbaje', 'Kaela Berg', 'Luke Frederick', 'Aisha Gomez', 'Jay Xiong', 'Kristi Pursell', 'Alicia Kozlowski', 'Leigh Finke', 'Carlie Kotyza-Witthuhn']",https://legiscan.com/MN/bill/HF2452/2025,1,0,0,1,Pending - Some Exposure,0,0,0,0,0,0,0,0,0
MN,Minnesota,SF3098,Prohibition from using artificial intelligence to dynamically set product prices,1,Introduced,2025,2025-03-27,,0,General/Other,"['Erin Maye Quade', 'Liz Boldon']",https://legiscan.com/MN/bill/SF3098/2025,0,0,0,0,Pending - Low Exposure,0,0,0,0,0,0,0,0,0
MN,Minnesota,HF1142,"Use of tenant screening software that uses nonpublic competitor data to set rent prohibited, and use of software that is biased against protected classes prohibited.",1,Introduced,2025,2025-02-19,"Program and documentation, Nondiscrimination",2,Housing,"['Michael Howard', 'Samantha Sencer-Mura', 'Matt Norris', 'Katie Jones']",https://legiscan.com/MN/bill/HF1142/2025,1,0,0,1,Pending - Some Exposure,0,0,0,0,0,0,0,0,0
MN,Minnesota,HF2500,Algorithm and AI use prohibited during health insurance prior authorization request review.,1,Introduced,2025,2025-03-17,,0,Healthcare,"['Alex Falconer', 'Kristi Pursell', 'Bianca Virnig', 'Kari Rehrauer']",https://legiscan.com/MN/bill/HF2500/2025,0,0,0,0,Pending - Low Exposure,0,0,0,0,0,0,0,0,0
MN,Minnesota,SF2087,Use of tenant screening software that uses nonpublic competitor data to set rent prohibition,1,Introduced,2025,2025-03-03,"Program and documentation, Nondiscrimination",2,Housing,"['Erin Maye Quade', 'Jim Abeler', 'Lindsey Port', 'Liz Boldon', 'Omar Fateh']",https://legiscan.com/MN/bill/SF2087/2025,1,0,0,1,Pending - Some Exposure,0,0,0,0,0,0,0,0,0
MN,Minnesota,SF1879,Cryptocurrency and artificial intelligence data centers sales exemption from certain energy savings goals provision,1,Introduced,2025,2025-02-27,,0,Blockchain/Crypto,"['Glenn Gruenhagen', 'Jason Rarick']",https://legiscan.com/MN/bill/SF1879/2025,0,0,0,0,Pending - Low Exposure,0,0,1,1,0,0,0,0,0
MN,Minnesota,SF1577,"Artificial intelligence generated child sexual abuse material and possession, sale, creation, dissemination, and purchase of child-like sex dolls prohibition provisions",1,Introduced,2025,2025-02-20,"Program and documentation, Registration",2,Children,['Judy Seeberger'],https://legiscan.com/MN/bill/SF1577/2025,0,0,0,0,Pending - Low Exposure,1,0,0,1,0,0,0,0,0
MN,Minnesota,HF2225,A resolution memorializing Congress to propose the For Our Freedom Amendment.,1,Introduced,2025,2025-03-12,,0,General/Other,"['Athena Hollins', 'Elliott Engen', 'Emma Greenman', 'Mike Freiberg']",https://legiscan.com/MN/bill/HF2225/2025,0,0,0,0,Pending - Low Exposure,0,0,0,0,0,0,0,0,0
MN,Minnesota,SF2517,A resolution memorializing Congress to propose the For Our Freedom Amendment,1,Introduced,2025,2025-03-13,,0,General/Other,"['Lindsey Port', 'Cal Bahr', 'James Carlson', 'Liz Boldon']",https://legiscan.com/MN/bill/SF2517/2025,0,0,0,0,Pending - Low Exposure,0,0,0,0,0,0,0,0,0
MN,Minnesota,HF1901,"School safety provisions modified, anonymous threat reporting system grants provided for schools, active shooter incidents and active shooter threats reporting required, Minnesota Fusion Center reporting modified, report required, and money appropriated.",1,Introduced,2025,2025-03-05,"Program and documentation, Training, General notice",3,Education,"['Kelly Moller', 'Jeff Witte', 'Sydney Jordan', 'John Huot', 'Matt Norris']",https://legiscan.com/MN/bill/HF1901/2025,0,1,0,1,Pending - Some Exposure,0,0,0,0,0,0,0,0,0
MN,Minnesota,SF2248,Real-time stenographic writer training institutional grant program establishment and appropriation,1,Introduced,2025,2025-03-06,"Program and documentation, Assessments",2,Government,"['Rob Kupec', 'Paul Utke', 'Aric Putnam']",https://legiscan.com/MN/bill/SF2248/2025,0,0,1,1,Pending - Some Exposure,0,0,0,0,0,0,0,0,0
MN,Minnesota,HF2114,"Institutional grant program for real-time stenographic writer training created, reports required, and money appropriated.",1,Introduced,2025,2025-03-10,"Program and documentation, Assessments",2,General/Other,"['Matt Norris', 'Dan Wolgamott']",https://legiscan.com/MN/bill/HF2114/2025,0,0,1,1,Pending - Some Exposure,0,0,0,0,0,0,0,0,0
MN,Minnesota,HF2561,Authority to offer applied doctoral degrees at state universities expanded.,1,Introduced,2025,2025-03-20,Program and documentation,1,General/Other,"['Kristin Bahner', 'Jim Nash', 'Marion Rarick', 'Dan Wolgamott', 'Huldah Momanyi-Hiltsley', 'Ethan Cha', 'Mohamud Noor', 'Steve Elkins', 'Jessica Hanson']",https://legiscan.com/MN/bill/HF2561/2025,0,0,0,0,Pending - Low Exposure,0,0,0,0,0,0,0,0,0
MN,Minnesota,SF2888,Authority to offer doctoral degrees at state universities expansion,1,Introduced,2025,2025-03-24,Program and documentation,1,General/Other,"['Eric Lucero', 'Omar Fateh', 'Foung Hawj', 'Zach Duckworth', 'Sandra Pappas']",https://legiscan.com/MN/bill/SF2888/2025,0,0,0,0,Pending - Low Exposure,0,0,0,0,0,0,0,0,0
MN,Minnesota,SF893,School safety provisions modifications and appropriation,1,Introduced,2025,2025-02-03,"Program and documentation, Training, General notice, Explanation/incident reporting",4,Education,['Bonnie Westlin'],https://legiscan.com/MN/bill/SF893/2025,0,1,0,1,Pending - Some Exposure,0,0,0,0,0,0,0,0,0
MN,Minnesota,SF2387,School safety provisions modification,1,Introduced,2025,2025-03-10,"Program and documentation, Training, General notice, Explanation/incident reporting",4,Education,['Bonnie Westlin'],https://legiscan.com/MN/bill/SF2387/2025,0,1,0,1,Pending - Some Exposure,0,0,0,0,0,0,0,0,0
MN,Minnesota,SF2775,"Hospitals providing registered nurse staffing at levels consistent with nationally accepted standards requirement provision, staffing levels report requirement, retaliation prohibition provision, and appropriation",1,Introduced,2025,2025-03-20,"Program and documentation, Assessments, General notice, Nondiscrimination",4,Healthcare,"['Lindsey Port', 'Jim Abeler', 'Jen McEwen', 'Rob Kupec', 'John Hoffman']",https://legiscan.com/MN/bill/SF2775/2025,1,1,1,3,Pending - High Exposure,0,0,0,0,0,0,0,0,0
MN,Minnesota,HF2289,"Hospitals required to provide registered nurse staffing at levels consistent with nationally accepted standards, staffing levels reporting required, retaliation prohibited, civil penalties imposed, and money appropriated.",1,Introduced,2025,2025-03-13,"Program and documentation, Assessments, General notice, Nondiscrimination",4,Healthcare,"['Pete Johnson', 'Kaela Berg', 'Zack Stephenson', 'Matt Norris', 'Kari Rehrauer', 'Josiah Hill', 'Nathan Coulter', 'Leigh Finke', 'Alicia Kozlowski', 'Brion Curran', 'Michael Howard', 'Andrew Smith', 'Aisha Gomez', 'Jay Xiong', 'Amanda Hemmingsen-Jaeger', 'Liz Lee', 'Cedrick Frazier', 'Kristi Pursell', 'Emma Greenman', 'Ginny Klevorn', 'Kristin Bahner', 'Anquam Mahamoud', 'Athena Hollins', 'Heather Keeler', 'Liz Reyer', 'Bianca Virnig', 'Sydney Jordan', 'Huldah Momanyi-Hiltsley', 'Maria Perez-Vega', 'Sandra Feist']",https://legiscan.com/MN/bill/HF2289/2025,1,1,1,3,Pending - High Exposure,0,0,0,0,0,0,0,0,0
MN,Minnesota,SF2850,Use of cameras prohibition for traffic safety enforcement,1,Introduced,2025,2025-03-20,"Program and documentation, Assessments, Training, General notice, Labeling/notification, Third-party review, Opt out/appeal",7,Vehicles,"['Bill Lieske', 'Nathan Wesenberg']",https://legiscan.com/MN/bill/SF2850/2025,0,1,1,2,Pending - High Exposure,0,0,0,0,0,0,0,0,0
MN,Minnesota,HF2154,"Camera usage prohibited for traffic safety enforcement, and previous appropriation cancelled.",1,Introduced,2025,2025-03-12,"Program and documentation, Assessments, Training, General notice, Labeling/notification, Third-party review, Opt out/appeal",7,Vehicles,"['Drew Roach', 'Tom Dippel', 'Peggy Scott', 'Jimmy Gordon', 'Steven Jacob', 'Max Rymer', 'Walter Hudson']",https://legiscan.com/MN/bill/HF2154/2025,0,1,1,2,Pending - High Exposure,0,0,0,0,0,0,0,0,0
MN,Minnesota,HF1354,Public safety policy bill.,2,Engrossed,2025,2025-04-28,"Program and documentation, General notice",2,General/Other,"['Kelly Moller', 'Paul Novotny', 'Bianca Virnig', 'Aaron Repinski', 'Cedrick Frazier', 'Brion Curran']",https://legiscan.com/MN/bill/HF1354/2025,0,1,0,1,Pending - Some Exposure,0,0,0,0,0,0,0,0,0
MN,Minnesota,HF2432,"Judiciary, public safety, and corrections policy and finance bill.",4,Passed,2025,2025-05-23,Program and documentation,1,Financial,"['Paul Novotny', 'Kelly Moller']",https://legiscan.com/MN/bill/HF2432/2025,0,0,0,0,Low Risk,0,0,0,0,0,0,0,0,0
MN,Minnesota,SF1417,Omnibus Judiciary and Public Safety policy and appropriations,1,Introduced,2025,2025-02-13,,0,Government,['Ronald Latz'],https://legiscan.com/MN/bill/SF1417/2025,0,0,0,0,Pending - Low Exposure,0,0,0,0,0,0,0,0,0
MS,Mississippi,SB3000,Appropriation; IHL - General support.,4,Passed,2023,2023-04-19,Program and documentation,1,Government,"['Briggs Hopson', 'John Polk', 'Rita Potts Parks', 'Dennis DeBar', 'Sarita Simmons', 'Bart Williams']",https://legiscan.com/MS/bill/SB3000/2023,0,0,0,0,Low Risk,0,0,0,0,0,4,0,2,2
MS,Mississippi,HB1088,State budget; provide for various transfers and create new special funds.,6,Failed,2023,2023-02-28,Program and documentation,1,Government,['John Read'],https://legiscan.com/MS/bill/HB1088/2023,0,0,0,0,Pending - Low Exposure,0,0,0,0,0,4,0,2,2
MS,Mississippi,HB118,"Disabilities, persons with; modernize terminology used to refer to.",6,Failed,2023,2023-01-31,Program and documentation,1,General/Other,['Bryant Clark'],https://legiscan.com/MS/bill/HB118/2023,0,0,0,0,Pending - Low Exposure,0,0,0,0,0,4,0,2,2
MS,Mississippi,SB2423,Artificial intelligence; require disclosure when used in political advertisements.,6,Failed,2024,2024-03-05,"General notice, Labeling/notification",2,Elections,['Bradford Blackmon'],https://legiscan.com/MS/bill/SB2423/2024,0,1,0,1,Pending - Some Exposure,0,0,0,0,0,4,0,2,2
MS,Mississippi,HB1267,Political communication; require to contain disclaimer if generated by artificial intelligence algorithms.,6,Failed,2024,2024-03-05,Labeling/notification,1,Elections,"['Timaka James-Jones', 'Fabian Nelson', 'Orlando Paden', 'Tamarra Butler-Washington', 'Robert Johnson', 'Zakiya Summers', 'Christopher Bell', 'Bryant Clark', 'Kenji Holloway', 'Omeria Scott']",https://legiscan.com/MS/bill/HB1267/2024,0,0,0,0,Pending - Low Exposure,0,0,0,0,0,4,0,2,2
MS,Mississippi,SB2062,Artificial Intelligence in Education Task Force Act; enact.,6,Failed,2024,2024-04-10,"Program and documentation, Assessments, Training, Responsible individual, General notice, Nondiscrimination",6,Education,['Chris Johnson'],https://legiscan.com/MS/bill/SB2062/2024,1,1,1,3,Pending - High Exposure,0,0,0,0,0,4,0,2,2
MS,Mississippi,SB2778,"Mississippians' Right to Name, Likeness and Voice Act; enact.",6,Failed,2024,2024-03-14,"Program and documentation, Opt out/appeal",2,Digital Content/IP,['Bradford Blackmon'],https://legiscan.com/MS/bill/SB2778/2024,0,0,0,0,Pending - Low Exposure,0,0,0,0,0,4,0,2,2
MS,Mississippi,SB2577,Digitizations; create a criminal penalty for the wrongful dissemination of.,4,Passed,2024,2024-04-30,"Program and documentation, Labeling/notification",2,Criminal,['Jeremy England'],https://legiscan.com/MS/bill/SB2577/2024,0,0,0,0,Low Risk,0,0,0,0,0,4,0,2,2
MS,Mississippi,SB2288,Images or audio altered or created by digitization; criminalize dissemination of in certain circumstances.,6,Failed,2024,2024-04-10,"Program and documentation, Nondiscrimination",2,Criminal,"['Chris Johnson', 'Joey Fillingane']",https://legiscan.com/MS/bill/SB2288/2024,1,0,0,1,Pending - Some Exposure,0,0,0,0,0,4,0,2,2
MS,Mississippi,HB1689,Election crime; create for dissemination of a deep fake within 90 days of an election.,6,Failed,2024,2024-04-10,"Program and documentation, Labeling/notification, Nondiscrimination",3,Elections; Criminal,['Noah Sanford'],https://legiscan.com/MS/bill/HB1689/2024,1,0,0,1,Pending - Some Exposure,0,0,0,0,0,4,0,2,2
MS,Mississippi,SB3006,Appropriation; IHL - General support.,4,Passed,2024,2024-05-13,Program and documentation,1,Government,"['Briggs Hopson', 'John Polk', 'Rita Potts Parks', 'Albert Butler', 'Dennis DeBar', 'Scott DeLano']",https://legiscan.com/MS/bill/SB3006/2024,0,0,0,0,Low Risk,0,0,0,0,0,4,0,2,2
MS,Mississippi,HB1704,Appropriations; revise certain FY 2024 appropriations and direct transfers.,4,Passed,2024,2024-04-08,,0,Government,"['John Read', 'Randy Boyd']",https://legiscan.com/MS/bill/HB1704/2024,0,0,0,0,Low Risk,0,0,0,0,0,4,0,2,2
MS,Mississippi,HB98,"Disabilities, persons with; modernize terminology used to refer to.",6,Failed,2024,2024-03-05,Program and documentation,1,General/Other,['Bryant Clark'],https://legiscan.com/MS/bill/HB98/2024,0,0,0,0,Pending - Low Exposure,0,0,0,0,0,4,0,2,2
MS,Mississippi,SB2852,Lunancy; remove all references in statute.,6,Failed,2024,2024-03-05,Program and documentation,1,General/Other,"['Nicole Boyd', 'David Parker']",https://legiscan.com/MS/bill/SB2852/2024,0,0,0,0,Pending - Low Exposure,0,0,0,0,0,4,0,2,2
MS,Mississippi,HB1662,Workforce development; revise certain provisions related to.,6,Failed,2024,2024-04-02,"Program and documentation, General notice, Registration, Opt out/appeal",4,Employment,['Donnie Bell'],https://legiscan.com/MS/bill/HB1662/2024,0,1,0,1,Pending - Some Exposure,0,0,0,0,0,4,0,2,2
MS,Mississippi,HB1535,Artificial Intelligence Task Force; create and prescribe responsibilities of.,6,Failed,2025,2025-03-12,"Program and documentation, Assessments, Responsible individual, General notice",4,AI Policy/Task Forces,"['Jill Ford', 'Zakiya Summers']",https://legiscan.com/MS/bill/HB1535/2025,0,1,1,2,Pending - High Exposure,0,0,0,0,0,4,0,2,2
MS,Mississippi,SB2426,Artificial Intelligence Task Force; create and prescribe responsibilities of.,4,Passed,2025,2025-03-18,"Program and documentation, Assessments, Responsible individual, General notice",4,AI Policy/Task Forces,['Bart Williams'],https://legiscan.com/MS/bill/SB2426/2025,0,1,1,2,High Risk,0,0,0,0,0,4,0,2,2
MS,Mississippi,SB2642,Artificial intelligence; require disclosure when used in political advertisements.,6,Failed,2025,2025-02-04,"General notice, Labeling/notification",2,Elections,['Bradford Blackmon'],https://legiscan.com/MS/bill/SB2642/2025,0,1,0,1,Pending - Some Exposure,0,0,0,0,0,4,0,2,2
MS,Mississippi,SB2059,Artificial Intelligence in Education Task Force Act; enact.,6,Failed,2025,2025-03-04,"Program and documentation, Assessments, Responsible individual, General notice",4,Education,['Chris Johnson'],https://legiscan.com/MS/bill/SB2059/2025,0,1,1,2,Pending - High Exposure,0,0,0,0,0,4,0,2,2
MS,Mississippi,SB2535,MS Future Innovators Act; enact to require high-school computer science or CTE with embedded computer science course.,6,Failed,2025,2025-03-04,Training,1,Education,"['Chris Johnson', 'Sarita Simmons']",https://legiscan.com/MS/bill/SB2535/2025,0,0,0,0,Pending - Low Exposure,0,0,1,1,0,4,0,2,2
MS,Mississippi,SB2834,ITS; prohibit from contracting with certain entities in mainland China or BIS sanctioned countries.,6,Failed,2025,2025-02-13,"Program and documentation, Responsible individual",2,General/Other,['Scott DeLano'],https://legiscan.com/MS/bill/SB2834/2025,0,0,0,0,Pending - Low Exposure,0,0,0,0,0,4,0,2,2
MS,Mississippi,HB384,State institutions of higher learning; create grant program to assist with endowments to recruit and employ certain professors.,6,Failed,2025,2025-02-04,Program and documentation,1,Employment,['Henry Zuber'],https://legiscan.com/MS/bill/HB384/2025,0,0,0,0,Pending - Low Exposure,0,0,0,0,0,4,0,2,2
MS,Mississippi,SB2220,"Mississippians' Right to Name, Likeness and Voice Act; enact.",6,Failed,2025,2025-03-04,"Program and documentation, Opt out/appeal",2,Digital Content/IP,"['Bradford Blackmon', 'Michael McLendon', 'Albert Butler', 'Sarita Simmons']",https://legiscan.com/MS/bill/SB2220/2025,0,0,0,0,Pending - Low Exposure,0,0,0,0,0,4,0,2,2
MS,Mississippi,HB20,"""Statewide Digital Services and Procurement Modernization Act""; establish for MDITS.",6,Failed,2025,2025-03-31,"Program and documentation, Assessments, Training, Responsible individual, General notice",5,Government,"['Henry Zuber', 'Kevin Felsher']",https://legiscan.com/MS/bill/HB20/2025,0,1,1,2,Pending - High Exposure,0,1,0,1,0,4,0,2,2
MS,Mississippi,SB2443,Technology Innovation Fund; establish.,6,Failed,2025,2025-03-04,"Program and documentation, Responsible individual, Explanation/incident reporting",3,General/Other,['Bart Williams'],https://legiscan.com/MS/bill/SB2443/2025,0,0,0,0,Pending - Low Exposure,0,0,0,0,0,4,0,2,2
MS,Mississippi,SB2202,Images or audio altered or created by digitization; criminalize dissemination of in certain circumstances.,6,Failed,2025,2025-03-04,"Program and documentation, Nondiscrimination",2,Criminal,"['Chris Johnson', 'David Parker', 'Bradford Blackmon']",https://legiscan.com/MS/bill/SB2202/2025,1,0,0,1,Pending - Some Exposure,0,0,0,0,0,4,0,2,2
MS,Mississippi,HB768,"""Ensuring Likeness, Voice and Image Security (ELVIS) Act of 2025""; enact to expand protections against artificial intelligence deep fakes.",6,Failed,2025,2025-02-04,"Program and documentation, Opt out/appeal",2,Digital Content/IP,['Jill Ford'],https://legiscan.com/MS/bill/HB768/2025,0,0,0,0,Pending - Low Exposure,0,0,0,0,0,4,0,2,2
MS,Mississippi,HB1489,Technology Innovation Fund; establish.,6,Failed,2025,2025-02-04,"Program and documentation, Responsible individual, Explanation/incident reporting, Nondiscrimination",4,General/Other,['Henry Zuber'],https://legiscan.com/MS/bill/HB1489/2025,1,0,0,1,Pending - Some Exposure,0,0,0,0,0,4,0,2,2
MS,Mississippi,SB2437,"""Prohibition of Exploitation by Deepfakes Act""; enact.",6,Failed,2025,2025-02-04,"Program and documentation, General notice, Labeling/notification, Opt out/appeal",4,Deepfakes,['Angela Burks Hill'],https://legiscan.com/MS/bill/SB2437/2025,0,1,0,1,Pending - Some Exposure,0,0,0,0,0,4,0,2,2
MS,Mississippi,SB2001,Appropriation; IHL - General support.,4,Passed,2025,2025-06-04,Program and documentation,1,Government,"['Briggs Hopson', 'John Polk', 'Rita Potts Parks', 'Albert Butler', 'Dennis DeBar', 'Scott DeLano']",https://legiscan.com/MS/bill/SB2001/2025/X1,0,0,0,0,Low Risk,0,0,0,0,0,4,0,2,2
MS,Mississippi,SB3002,Appropriation; IHL - General support.,6,Failed,2025,2025-03-29,Program and documentation,1,Government,"['Briggs Hopson', 'John Polk', 'Rita Potts Parks', 'Albert Butler', 'Dennis DeBar', 'Scott DeLano']",https://legiscan.com/MS/bill/SB3002/2025,0,0,0,0,Pending - Low Exposure,0,0,0,0,0,4,0,2,2
MS,Mississippi,HB1491,Cloud Center of Excellence; establish for phased-in cloud computing and storage by state agencies and governing authorities.,4,Passed,2025,2025-04-17,"Program and documentation, Assessments, Training, Responsible individual, General notice",5,Government,"['Henry Zuber', 'Jill Ford']",https://legiscan.com/MS/bill/HB1491/2025,0,1,1,2,High Risk,0,0,0,0,0,4,0,2,2
MS,Mississippi,HB522,"Disabilities, persons with; modernize terminology used to refer to.",6,Failed,2025,2025-02-04,,0,General/Other,['Bryant Clark'],https://legiscan.com/MS/bill/HB522/2025,0,0,0,0,Pending - Low Exposure,0,0,0,0,0,4,0,2,2
MO,Missouri,HB317,Establishes the Missouri Technology Task Force,1,Introduced,2023,2023-01-04,Program and documentation,1,AI Policy/Task Forces,['Louis Riggs'],https://legiscan.com/MO/bill/HB317/2023,0,0,0,0,Pending - Low Exposure,0,0,0,0,0,0,0,0,0
MO,Missouri,HB311,Modifies provisions relating to task forces,1,Introduced,2023,2023-01-04,Program and documentation,1,AI Policy/Task Forces,['Louis Riggs'],https://legiscan.com/MO/bill/HB311/2023,0,0,0,0,Pending - Low Exposure,0,0,0,0,0,0,0,0,0
MO,Missouri,HB2628,Modifies provisions relating to electronic communications,2,Engrossed,2024,2024-03-27,"Program and documentation, Labeling/notification",2,General/Other,['Ben Baker'],https://legiscan.com/MO/bill/HB2628/2024,0,0,0,0,Pending - Low Exposure,0,0,0,0,0,0,0,0,0
MO,Missouri,HB2612,Establishes an educational technology impact advisory council to review the use of technology in schools,1,Introduced,2024,2024-02-01,"Program and documentation, Assessments",2,Education,['Tricia Byrnes'],https://legiscan.com/MO/bill/HB2612/2024,0,0,1,1,Pending - Some Exposure,0,0,0,0,0,0,0,0,0
MO,Missouri,HB1814,Modifies provisions relating to task forces,1,Introduced,2024,2024-01-03,"Program and documentation, Assessments",2,AI Policy/Task Forces,['Louis Riggs'],https://legiscan.com/MO/bill/HB1814/2024,0,0,1,1,Pending - Some Exposure,0,0,0,0,0,0,0,0,0
MO,Missouri,SB1444,Creates provisions relating to digitally altered media,1,Introduced,2024,2024-02-22,"Program and documentation, Labeling/notification, Opt out/appeal",3,Deepfakes,['Tracy McCreery'],https://legiscan.com/MO/bill/SB1444/2024,0,0,0,0,Pending - Low Exposure,0,0,0,0,0,0,0,0,0
MO,Missouri,SB509,Creates new provisions relating to the use of artificial intelligence in elections,1,Introduced,2025,2025-01-08,"Program and documentation, Labeling/notification",2,Elections,['Joe Nicola'],https://legiscan.com/MO/bill/SB509/2025,0,0,0,0,Pending - Low Exposure,0,0,0,0,0,0,0,0,0
MO,Missouri,HB673,Requires political ads produced using AI to have a disclosure and creates a penalty for failure to disclose the use of AI,1,Introduced,2025,2025-01-08,Labeling/notification,1,Elections; Criminal,['Mazzie Christensen'],https://legiscan.com/MO/bill/HB673/2025,0,0,0,0,Pending - Low Exposure,0,0,0,0,0,0,0,0,0
MO,Missouri,SB85,Modifies provisions relating to the assessment of property,1,Introduced,2025,2025-01-08,Program and documentation,1,General/Other,['Joe Nicola'],https://legiscan.com/MO/bill/SB85/2025,0,0,0,0,Pending - Low Exposure,0,0,0,0,0,0,0,0,0
MO,Missouri,HB1462,"Establishes the ""AI Non-Sentience and Responsibility Act""",1,Introduced,2025,2025-02-25,"Program and documentation, Assessments, Explanation/incident reporting",3,AI Governance,"['Phil Amato', 'Scott Miller']",https://legiscan.com/MO/bill/HB1462/2025,0,0,1,1,Pending - Some Exposure,0,0,0,0,0,0,0,0,0
MO,Missouri,HB1576,Establishes additional requirements for computer science courses in schools,1,Introduced,2025,2025-02-28,"Program and documentation, Training, Responsible individual, General notice",4,Education,"['Kem Smith', 'Marty Murray', 'Marla Smith', 'Tonya Rush']",https://legiscan.com/MO/bill/HB1576/2025,0,1,0,1,Pending - Some Exposure,0,0,1,1,0,0,0,0,0
MO,Missouri,HB362,Creates the offense of and civil penalties for disclosure of intimate digital depictions,1,Introduced,2025,2025-01-08,"Program and documentation, Opt out/appeal",2,Criminal,"['Cecelie Williams', 'Terri Violet']",https://legiscan.com/MO/bill/HB362/2025,0,0,0,0,Pending - Low Exposure,0,0,0,0,0,0,0,0,0
MO,Missouri,HB865,Modifies provisions relating to task forces,1,Introduced,2025,2025-01-14,"Program and documentation, Responsible individual",2,AI Policy/Task Forces,['Louis Riggs'],https://legiscan.com/MO/bill/HB865/2025,0,0,0,0,Pending - Low Exposure,0,0,0,0,0,0,0,0,0
MO,Missouri,HB721,Prohibits governmental entities from granting legal personhood to a variety of objects,1,Introduced,2025,2025-01-08,Program and documentation,1,Government,['Mazzie Christensen'],https://legiscan.com/MO/bill/HB721/2025,0,0,0,0,Pending - Low Exposure,0,0,0,0,0,0,0,0,0
MO,Missouri,HB1331,Establishes the Educational Technology Impact Advisory Council,1,Introduced,2025,2025-02-17,"Program and documentation, Responsible individual, General notice",3,Education,['Tricia Byrnes'],https://legiscan.com/MO/bill/HB1331/2025,0,1,0,1,Pending - Some Exposure,0,0,0,0,0,0,0,0,0
MO,Missouri,HB1598,Establishes the Educational Technology Impact Advisory Council,1,Introduced,2025,2025-02-28,"Program and documentation, Responsible individual",2,Education,['Renee Reuter'],https://legiscan.com/MO/bill/HB1598/2025,0,0,0,0,Pending - Low Exposure,0,0,0,0,0,0,0,0,0
MO,Missouri,HB1606,Modifies provisions relating to regulatory sandbox innovative offerings,1,Introduced,2025,2025-02-28,Program and documentation,1,General/Other,['Michael Burton'],https://legiscan.com/MO/bill/HB1606/2025,0,0,0,0,Pending - Low Exposure,0,0,0,0,0,0,0,0,0
MO,Missouri,SB145,Modifies provisions relating to the taxation of certain businesses,4,Passed,2025,2025-07-14,,0,General/Other,"['Mary Coleman', 'David Casteel']",https://legiscan.com/MO/bill/SB145/2025,0,0,0,0,Low Risk,0,0,0,0,0,0,0,0,0
MO,Missouri,HB2,"Appropriates money for the expenses, grants, refunds, and distributions of the State Board of Education and Department of Elementary and Secondary Education",4,Passed,2025,2025-06-30,Program and documentation,1,Education,['Dirk Deaton'],https://legiscan.com/MO/bill/HB2/2025,0,0,0,0,Low Risk,0,0,0,0,0,0,0,0,0
MT,Montana,SB458,Define sex in Montana law,4,Passed,2023,2023-05-19,,0,Adult Content,['Carl Glimm'],https://legiscan.com/MT/bill/SB458/2023,0,0,0,0,Low Risk,0,0,0,0,0,8,3,2,3
MT,Montana,HB178,Limit government use of AI systems,4,Passed,2025,2025-05-05,"Program and documentation, Responsible individual, General notice, Labeling/notification, Nondiscrimination",5,Government,['Braxton Mitchell'],https://legiscan.com/MT/bill/HB178/2025,1,1,0,2,High Risk,0,1,0,1,0,8,3,2,3
MT,Montana,SB212,Creating the Right to Compute Act and requiring shutdowns of AI controlled critical infrastructure,4,Passed,2025,2025-04-16,"Program and documentation, Assessments",2,Infrastructure,['Daniel Zolnikov'],https://legiscan.com/MT/bill/SB212/2025,0,0,1,1,Moderate Risk,0,0,1,1,0,8,3,2,3
MT,Montana,HJ4,Interim study of artificial intelligence,4,Passed,2025,2025-04-22,"Program and documentation, Assessments, General notice, Nondiscrimination",4,General/Other,['Gary Parry'],https://legiscan.com/MT/bill/HJ4/2025,1,1,1,3,High Risk,0,0,0,0,0,8,3,2,3
MT,Montana,HB556,Generally revise usage of artificial intelligence in certain health insurance,6,Failed,2025,2025-05-20,"Program and documentation, Assessments, General notice, Third-party review, Nondiscrimination",5,Healthcare,['Jill Cohenour'],https://legiscan.com/MT/bill/HB556/2025,1,1,1,3,Pending - High Exposure,0,0,0,0,0,8,3,2,3
MT,Montana,SB25,Revise election laws regarding disclosure requirements for the use of AI in elections,4,Passed,2025,2025-05-08,"Program and documentation, Labeling/notification",2,Elections,['Janet Ellis'],https://legiscan.com/MT/bill/SB25/2025,0,0,0,0,Low Risk,0,0,0,0,0,8,3,2,3
MT,Montana,HJ17,Resolution regarding energy,4,Passed,2025,2025-05-06,Program and documentation,1,Infrastructure,['Steve Fitzpatrick'],https://legiscan.com/MT/bill/HJ17/2025,0,0,0,0,Low Risk,0,0,0,0,0,8,3,2,3
MT,Montana,SB452,Require disclosures of AI use by online media manufacturers,6,Failed,2025,2025-05-23,"General notice, Labeling/notification, Opt out/appeal",3,AI Governance,['Daniel Emrich'],https://legiscan.com/MT/bill/SB452/2025,0,1,0,1,Pending - Some Exposure,0,0,0,0,0,8,3,2,3
MT,Montana,SB413,Criminalize disclosure of certain explicit AI-generated media,4,Passed,2025,2025-05-12,"Program and documentation, Nondiscrimination",2,Criminal,['Laura Smith'],https://legiscan.com/MT/bill/SB413/2025,1,0,0,1,Moderate Risk,0,0,0,0,0,8,3,2,3
MT,Montana,HB10,Long-range information technology appropriations,4,Passed,2025,2025-05-13,"Program and documentation, Assessments, Responsible individual",3,Government,['John Fitzpatrick'],https://legiscan.com/MT/bill/HB10/2025,0,0,1,1,Moderate Risk,0,0,0,0,0,8,3,2,3
MT,Montana,HB514,Criminalize use of real and digitally fabricated sexually explicit images,4,Passed,2025,2025-05-13,Program and documentation,1,Criminal,['Jill Cohenour'],https://legiscan.com/MT/bill/HB514/2025,0,0,0,0,Low Risk,0,0,0,0,0,8,3,2,3
MT,Montana,HB513,"Revise laws related to use of name, voice, and likeness of individuals and penalties for unauthorized use",4,Passed,2025,2025-05-13,Opt out/appeal,1,Digital Content/IP,['Jill Cohenour'],https://legiscan.com/MT/bill/HB513/2025,0,0,0,0,Low Risk,0,0,0,0,0,8,3,2,3
MT,Montana,HB82,Generally revise laws related to crimes against children,4,Passed,2025,2025-04-07,,0,Criminal; Children,['Kathy Love'],https://legiscan.com/MT/bill/HB82/2025,0,0,0,0,Low Risk,1,0,0,1,0,8,3,2,3
MT,Montana,SB437,Revise definition of sex in Montana law,3,Enrolled,2025,2025-04-11,,0,Adult Content,['Carl Glimm'],https://legiscan.com/MT/bill/SB437/2025,0,0,0,0,Pending - Low Exposure,0,0,0,0,0,8,3,2,3
NE,Nebraska,LR430,"Interim study to examine the impact of artificial intelligence on Nebraska's private and public sectors, including the technology and insurance sectors",1,Introduced,2024,2024-03-26,Assessments,1,Healthcare; Government,['Eliot Bostar'],https://legiscan.com/NE/bill/LR430/2023,0,0,1,1,Pending - Some Exposure,0,1,0,1,0,5,1,4,0
NE,Nebraska,LR412,Interim study to examine changes to state law regarding the use of artificial intelligence in political campaigns,1,Introduced,2024,2024-03-26,"Program and documentation, Assessments, General notice",3,Elections,['John Cavanaugh'],https://legiscan.com/NE/bill/LR412/2023,0,1,1,2,Pending - High Exposure,0,0,0,0,0,5,1,4,0
NE,Nebraska,LB1203,Regulate artificial intelligence in media and political advertisements under the Nebraska Political Accountability and Disclosure Act,6,Failed,2024,2024-04-18,"Program and documentation, General notice, Labeling/notification",3,Elections,['John Cavanaugh'],https://legiscan.com/NE/bill/LB1203/2023,0,1,0,1,Pending - Some Exposure,0,0,0,0,0,5,1,4,0
NE,Nebraska,LB1253,Create the Dyslexia Research Grant Program,6,Failed,2024,2024-04-18,Program and documentation,1,General/Other,['Lou Linehan'],https://legiscan.com/NE/bill/LB1253/2023,0,0,0,0,Pending - Low Exposure,0,0,0,0,0,5,1,4,0
NE,Nebraska,LR362,Interim study to examine the dangers posed by artificial intelligence for elections,1,Introduced,2024,2024-03-25,Assessments,1,Elections,['Tom Brewer'],https://legiscan.com/NE/bill/LR362/2023,0,0,1,1,Pending - Some Exposure,0,0,0,0,0,5,1,4,0
NE,Nebraska,LB1284,"Provide for and change teacher incentive programs, provide for a pilot program to distribute menstrual products in schools, a Dyslexia Research Grant Program, a professional learning system relating to instruction in reading, and a statewide computer science education expansion program, create and change authorized use of certain funds, and change provisions relating to school psychologists and certain scholarship programs",4,Passed,2024,2024-04-18,"Program and documentation, Training, General notice",3,Education,['Lynne Walz'],https://legiscan.com/NE/bill/LB1284/2023,0,1,0,1,Moderate Risk,0,0,1,1,0,5,1,4,0
NE,Nebraska,LB642,Adopt the Artificial Intelligence Consumer Protection Act,1,Introduced,2025,2025-01-22,"Program and documentation, Assessments, General notice, Explanation/incident reporting, Developer documentation, Opt out/appeal, Nondiscrimination",7,Consumer Protection,['Eliot Bostar'],https://legiscan.com/NE/bill/LB642/2025,1,1,1,3,Pending - High Exposure,0,0,0,0,0,5,1,4,0
NE,Nebraska,LB77,Adopt the Ensuring Transparency in Prior Authorization Act and provide for insurance and medicaid coverage of biomarker testing,4,Passed,2025,2025-06-06,"Program and documentation, Responsible individual, General notice, Explanation/incident reporting, Third-party review, Opt out/appeal",6,Healthcare,['Eliot Bostar'],https://legiscan.com/NE/bill/LB77/2025,0,1,0,1,Moderate Risk,0,0,0,0,0,5,1,4,0
NE,Nebraska,LR49,Congratulate Jerry and Bill Adams as recipients of the distinguished NEBRASKAlander Award,4,Passed,2025,2025-02-25,,0,General/Other,['John Arch'],https://legiscan.com/NE/bill/LR49/2025,0,0,0,0,Low Risk,0,0,0,0,0,5,1,4,0
NE,Nebraska,LB615,Prohibit distributing deepfakes under the Nebraska Political Accountability and Disclosure Act,1,Introduced,2025,2025-01-22,"Program and documentation, Labeling/notification",2,Deepfakes; Elections,['John Cavanaugh'],https://legiscan.com/NE/bill/LB615/2025,0,0,0,0,Pending - Low Exposure,0,0,0,0,0,5,1,4,0
NE,Nebraska,LB504,Adopt the Age-Appropriate Online Design Code Act,4,Passed,2025,2025-06-02,"Program and documentation, Responsible individual, General notice, Explanation/incident reporting, Third-party review, Opt out/appeal, Nondiscrimination",7,General/Other,['Carolyn Bosn'],https://legiscan.com/NE/bill/LB504/2025,1,1,0,2,High Risk,0,0,0,0,0,5,1,4,0
NE,Nebraska,LB172,Prohibit conduct involving computer-generated child pornography,1,Introduced,2025,2025-01-13,Program and documentation,1,Children,['Brian Hardin'],https://legiscan.com/NE/bill/LB172/2025,0,0,0,0,Pending - Low Exposure,1,0,1,1,0,5,1,4,0
NE,Nebraska,LB383,"Adopt the Parental Rights in Social Media Act, rename the Child Pornography Prevention Act, and prohibit conduct involving computer-generated child pornography",4,Passed,2025,2025-05-21,"Program and documentation, General notice, Third-party review, Opt out/appeal",4,Children,['Tanya Storer'],https://legiscan.com/NE/bill/LB383/2025,0,1,0,1,Moderate Risk,1,0,1,1,0,5,1,4,0
NV,Nevada,SB165,Revises provisions relating to businesses engaged in the development of emerging technologies. (BDR 18-878),6,Failed,2023,2023-06-06,"Program and documentation, Responsible individual",2,General/Other,"['Patricia Spearman', 'Lisa Krasner', 'Fabian Donate', 'Roberta Lange', 'Rochelle Nguyen']",https://legiscan.com/NV/bill/SB165/2023,0,0,0,0,Pending - Low Exposure,0,0,0,0,0,3,1,1,1
NV,Nevada,SB419,Makes revisions relating to public health. (BDR 40-748),5,Vetoed,2023,2023-06-16,"Program and documentation, Assessments, General notice, Registration",4,Healthcare,['Health and Human Services'],https://legiscan.com/NV/bill/SB419/2023,0,1,1,2,Pending - High Exposure,0,0,0,0,0,3,1,1,1
NV,Nevada,SB370,Revises provisions relating to the protection of consumer information. (BDR 52-42),4,Passed,2023,2023-06-16,"Program and documentation, Assessments, General notice, Opt out/appeal, Nondiscrimination",5,Consumer Protection,"['Nicole Cannizzaro', 'Rochelle Nguyen', 'Fabian Donate', 'Richard Daly', 'Dallas Harris', 'Roberta Lange', 'Dina Neal', 'Julie Pazina', 'Melanie Scheible']",https://legiscan.com/NV/bill/SB370/2023,1,1,1,3,High Risk,0,0,0,0,0,3,1,1,1
NV,Nevada,SB199,Enacts provisions relating to artificial intelligence systems. (BDR 52-583),6,Failed,2025,2025-06-03,"Program and documentation, Assessments, General notice, Registration, Opt out/appeal",5,General/Other,['Dina Neal'],https://legiscan.com/NV/bill/SB199/2025,0,1,1,2,Pending - High Exposure,0,0,0,0,0,3,1,1,1
NV,Nevada,AB406,Makes various changes relating to health. (BDR 34-674),4,Passed,2025,2025-06-06,"Program and documentation, Responsible individual",2,Healthcare,"['Jovan Jackson', 'Hanadi Nadeem']",https://legiscan.com/NV/bill/AB406/2025,0,0,0,0,Low Risk,0,0,0,0,0,3,1,1,1
NV,Nevada,AB325,Revises provisions relating to artificial intelligence. (BDR 36-393),4,Passed,2025,2025-05-30,Program and documentation,1,General/Other,['Government Affairs'],https://legiscan.com/NV/bill/AB325/2025,0,0,0,0,Low Risk,0,0,0,0,0,3,1,1,1
NV,Nevada,SB128,Makes changes related to health care. (BDR 57-87),5,Vetoed,2025,2025-06-10,"Program and documentation, Nondiscrimination",2,Healthcare,['Dina Neal'],https://legiscan.com/NV/bill/SB128/2025,1,0,0,1,Pending - Some Exposure,0,0,0,0,0,3,1,1,1
NV,Nevada,AB73,Establishes requirements for certain communications relating to an election. (BDR 24-487),4,Passed,2025,2025-06-03,"Program and documentation, Labeling/notification",2,Elections,['Legislative Operations and Elections'],https://legiscan.com/NV/bill/AB73/2025,0,0,0,0,Low Risk,0,0,0,0,0,3,1,1,1
NV,Nevada,AB126,Revises provisions relating to pornography involving minors. (BDR 15-195),6,Failed,2025,2025-04-12,Program and documentation,1,Children,['Melissa Hardy'],https://legiscan.com/NV/bill/AB126/2025,0,0,0,0,Pending - Low Exposure,1,0,0,1,0,3,1,1,1
NV,Nevada,AB295,Revises provisions relating to health insurance. (BDR 57-238),6,Failed,2025,2025-04-12,"Program and documentation, Assessments, General notice, Explanation/incident reporting, Opt out/appeal",5,Healthcare,"['Thaddeus Yurek', 'Rebecca Edgeworth', 'Tracy Brown-May']",https://legiscan.com/NV/bill/AB295/2025,0,1,1,2,Pending - High Exposure,0,0,0,0,0,3,1,1,1
NV,Nevada,SB186,Imposes requirements concerning the use of artificial intelligence in health care. (BDR 40-780),6,Failed,2025,2025-04-12,"Program and documentation, Labeling/notification",2,Healthcare,['Jeff Stone'],https://legiscan.com/NV/bill/SB186/2025,0,0,0,0,Pending - Low Exposure,0,0,0,0,0,3,1,1,1
NV,Nevada,AB271,Revises provisions relating to elections. (BDR 24-138),6,Failed,2025,2025-04-12,"Program and documentation, General notice, Labeling/notification",3,Elections,"['Bert Gurr', 'Rich DeLong', 'Brian Hibbetts', 'Alexis Hansen']",https://legiscan.com/NV/bill/AB271/2025,0,1,0,1,Pending - Some Exposure,0,0,0,0,0,3,1,1,1
NV,Nevada,AB537,Enacts provisions relating to the use of artificial intelligence by the Department of Taxation. (BDR 32-420),6,Failed,2025,2025-04-12,General notice,1,General/Other,['Revenue'],https://legiscan.com/NV/bill/AB537/2025,0,1,0,1,Pending - Some Exposure,0,0,0,0,0,3,1,1,1
NV,Nevada,AB531,Revises provisions relating to education. (BDR 34-525),6,Failed,2025,2025-04-12,"Program and documentation, Responsible individual",2,Education,['Education'],https://legiscan.com/NV/bill/AB531/2025,0,0,0,0,Pending - Low Exposure,0,0,0,0,0,3,1,1,1
NV,Nevada,AB187,Revises provisions relating to pornography. (BDR 15-591),6,Failed,2025,2025-04-12,Program and documentation,1,Adult Content,['Joe Dalia'],https://legiscan.com/NV/bill/AB187/2025,0,0,0,0,Pending - Low Exposure,0,0,0,0,0,3,1,1,1
NV,Nevada,AB290,Revises provisions relating to prior authorization for medical or dental care under health insurance plans. (BDR 57-861),6,Failed,2025,2025-06-03,"Program and documentation, General notice, Opt out/appeal",3,Healthcare,"['Duy Nguyen', 'Venicia Considine', 'Hanadi Nadeem', 'Thaddeus Yurek', 'Tracy Brown-May', 'Edgar Flores', 'Dina Neal', 'Rochelle Nguyen', 'AngelaTaylor', 'Natha Anderson', 'Lisa Cole', ""Reuben D'Silva"", 'Rebecca Edgeworth', 'Cecelia Gonzalez', 'Heather Goulding', 'Venise Karris', 'Heidi Kasama', 'Gregory Koenig', 'Erica Mosca']",https://legiscan.com/NV/bill/AB290/2025,0,1,0,1,Pending - Some Exposure,0,0,0,0,0,3,1,1,1
NV,Nevada,SB263,Revises provisions relating to pornography involving minors. (BDR 15-520),4,Passed,2025,2025-06-06,,0,Children,"['Nicole Cannizzaro', 'Julie Pazina', 'Marilyn Dondero Loop', 'Rochelle Nguyen', 'Fabian Donate', 'Joe Dalia', 'Melissa Hardy', 'Ken Gray', 'Steve Yeager', 'Elaine Marzola']",https://legiscan.com/NV/bill/SB263/2025,0,0,0,0,Low Risk,1,0,0,1,0,3,1,1,1
NV,Nevada,SB174,Revises provisions relating to pupils with disabilities. (BDR 34-53),6,Failed,2025,2025-06-03,"Program and documentation, General notice, Opt out/appeal",3,General/Other,"['James Ohrenschall', 'Lisa Krasner', 'Lori Rogich', 'Marilyn Dondero Loop']",https://legiscan.com/NV/bill/SB174/2025,0,1,0,1,Pending - Some Exposure,0,0,0,0,0,3,1,1,1
NV,Nevada,SB495,Revises provisions relating to health care. (BDR 40-1037),6,Failed,2025,2025-06-03,"Program and documentation, Assessments, Explanation/incident reporting, Third-party review, Nondiscrimination",5,Healthcare,['Health and Human Services'],https://legiscan.com/NV/bill/SB495/2025,1,0,1,2,Pending - High Exposure,0,0,0,0,0,3,1,1,1
NV,Nevada,SB398,Revises provisions relating to health insurance. (BDR 57-731),6,Failed,2025,2025-04-12,"Program and documentation, Assessments, General notice, Explanation/incident reporting, Opt out/appeal",5,Healthcare,"['Lori Rogich', 'James Ohrenschall']",https://legiscan.com/NV/bill/SB398/2025,0,1,1,2,Pending - High Exposure,0,0,0,0,0,3,1,1,1
NV,Nevada,SB419A,Makes revisions relating to public health. (BDR 40-748),6,Failed,2025,2025-02-11,"Program and documentation, Assessments, General notice, Opt out/appeal",4,Healthcare,[],https://legiscan.com/NV/bill/SB419A/2025,0,1,1,2,Pending - High Exposure,0,0,0,0,0,3,1,1,1
NH,New Hampshire,HB556,Relative to the duties of the information technology council.,1,Introduced,2023,2023-01-11,"Program and documentation, Responsible individual",2,AI Policy/Task Forces,['Eric Gallager'],https://legiscan.com/NH/bill/HB556/2023,0,0,0,0,Pending - Low Exposure,0,0,0,0,0,3,1,2,0
NH,New Hampshire,HB1599,Relative to the use of artificial intelligence for personal defense.,1,Introduced,2023,2023-12-15,Program and documentation,1,Weapons/Defense,['Matthew Santonastaso'],https://legiscan.com/NH/bill/HB1599/2024,0,0,0,0,Pending - Low Exposure,0,0,0,0,0,3,1,2,0
NH,New Hampshire,HB1432,Relative to prohibiting certain uses of deepfakes and creating a private claim of action.,4,Passed,2024,2024-07-26,"Program and documentation, Registration",2,Deepfakes,['Jeffrey Greeson'],https://legiscan.com/NH/bill/HB1432/2024,0,0,0,0,Low Risk,0,0,0,0,0,3,1,2,0
NH,New Hampshire,HB1688,Relative to the use of artificial intelligence by state agencies.,4,Passed,2024,2024-07-22,"Program and documentation, Responsible individual, General notice, Labeling/notification, Nondiscrimination",5,Government,"['Thomas Cormen', 'James Summers', 'David Preece', 'Chris Muns', 'Ben Ming', 'Angela Brennan', 'Matthew Santonastaso', 'Dan McGuire', 'Tanya Donnelly', 'David Watters', 'Suzanne Prentiss']",https://legiscan.com/NH/bill/HB1688/2024,1,1,0,2,High Risk,0,0,0,0,0,3,1,2,0
NH,New Hampshire,HB1596,Requiring a disclosure of deceptive artificial intelligence usage in political advertising.,4,Passed,2024,2024-08-06,"Program and documentation, General notice, Labeling/notification, Opt out/appeal",4,Elections,"['Angela Brennan', 'Kat McGhee', 'Ross Berry', 'Thomas Cormen', 'Ralph Boehm', 'Cam Kenney', 'Dan McGuire', 'Linda Massimilla', 'Rebecca Perkins Kwoka', 'Becky Whitley', 'Donovan Fenton']",https://legiscan.com/NH/bill/HB1596/2024,0,1,0,1,Moderate Risk,0,0,0,0,0,3,1,2,0
NH,New Hampshire,HB1710,Relative to civil actions regarding the prohibited use of synthetic media.,1,Introduced,2023,2023-12-19,"Program and documentation, Labeling/notification, Opt out/appeal",3,Deepfakes,"['Linda Massimilla', 'Nancy Murphy', 'Eric Gallager', 'Jonah Wheeler', 'Thomas Cormen', 'Heath Howard', 'Angela Brennan', 'Lorrie Carey', 'Efstathia Booras', 'David Watters']",https://legiscan.com/NH/bill/HB1710/2024,0,0,0,0,Pending - Low Exposure,0,0,0,0,0,3,1,2,0
NH,New Hampshire,HB1500,Relative to prohibiting the unlawful distribution of misleading synthetic media.,1,Introduced,2023,2023-12-11,"Program and documentation, Labeling/notification",2,Deepfakes,"['Linda Massimilla', 'Nancy Murphy', 'Eric Gallager', 'Jonah Wheeler', 'Thomas Cormen', 'Heath Howard', 'Angela Brennan', 'Lorrie Carey', 'Efstathia Booras', 'Donna Soucy', 'David Watters']",https://legiscan.com/NH/bill/HB1500/2024,0,0,0,0,Pending - Low Exposure,0,0,0,0,0,3,1,2,0
NH,New Hampshire,SB263,"Criminalizing and creating a private right of action for the facilitation, encouragement, offer, solicitation, or recommendation of certain acts or actions through a responsive generative communication to a child, and relative to the termination of tenancy at the expiration of the tenancy or lease term.",2,Engrossed,2025,2025-03-28,"Program and documentation, Opt out/appeal",2,Criminal; Children,"['Sharon Carson', 'Daniel Innis', 'Timothy Lang', 'Jason Osborne', 'Jim Kofalt', 'Sherman Packard']",https://legiscan.com/NH/bill/SB263/2025,0,0,0,0,Pending - Low Exposure,1,0,0,1,0,3,1,2,0
NH,New Hampshire,HB630,Preventing the dissemination of deepfake materials of political candidates before an election.,1,Introduced,2025,2025-01-16,"Program and documentation, Labeling/notification, Opt out/appeal",3,Deepfakes; Elections,"['Thomas Cormen', 'Connie Lane', 'Zoe Manos', 'Kat McGhee', 'Dan McGuire', 'Chris Muns', 'David Preece']",https://legiscan.com/NH/bill/HB630/2025,0,0,0,0,Pending - Low Exposure,0,0,0,0,0,3,1,2,0
NJ,New Jersey,S1438,Concerns regulation of automated systems and artificial intelligence used by State agencies.,1,Introduced,2024,2024-01-09,"Program and documentation, Responsible individual, General notice, Explanation/incident reporting, Nondiscrimination",5,Government,['Troy Singleton'],https://legiscan.com/NJ/bill/S1438/2024,1,1,0,2,Pending - High Exposure,0,0,0,0,0,4,1,3,0
NJ,New Jersey,S3871,Establishes Artificial Intelligence Apprenticeship Program and artificial intelligence apprenticeship tax credit program.,1,Introduced,2024,2024-11-18,"Program and documentation, Training",2,Financial,"['Angela Mcknight', 'Raj Mukherji']",https://legiscan.com/NJ/bill/S3871/2024,0,0,0,0,Pending - Low Exposure,0,0,0,0,0,4,1,3,0
NJ,New Jersey,A5053,Establishes Artificial Intelligence Ethics Board in DOLWD.,1,Introduced,2024,2024-12-09,"Program and documentation, Assessments, Nondiscrimination",3,General/Other,['Reginald Atkins'],https://legiscan.com/NJ/bill/A5053/2024,1,0,1,2,Pending - High Exposure,0,0,0,0,0,4,1,3,0
NJ,New Jersey,A4935,Establishes Artificial Intelligence Apprenticeship Program and artificial intelligence apprenticeship tax credit program.,1,Introduced,2024,2024-10-21,"Program and documentation, Training",2,Financial,"['Reginald Atkins', 'Barbara McCann Stamato', 'Shanique Speight', 'Cody Miller', 'William Sampson', 'Carmen Morales']",https://legiscan.com/NJ/bill/A4935/2024,0,0,0,0,Pending - Low Exposure,0,0,0,0,0,4,1,3,0
NJ,New Jersey,S3876,Requires school districts to provide instruction on artificial intelligence; requires Secretary of Higher Education to develop artificial intelligence model curricula.,1,Introduced,2024,2024-11-18,"Program and documentation, Training",2,Education,['Angela Mcknight'],https://legiscan.com/NJ/bill/S3876/2024,0,0,0,0,Pending - Low Exposure,0,0,0,0,0,4,1,3,0
NJ,New Jersey,A4936,Requires school districts to provide instruction on artificial intelligence; requires Secretary of Higher Education to develop artificial intelligence model curricula.,1,Introduced,2024,2024-10-21,"Program and documentation, Training",2,Education,"['Reginald Atkins', 'Barbara McCann Stamato', 'Shanique Speight', 'William Sampson', 'Carmen Morales']",https://legiscan.com/NJ/bill/A4936/2024,0,0,0,0,Pending - Low Exposure,0,0,0,0,0,4,1,3,0
NJ,New Jersey,A5164,"Regulates artificial intelligence in news media industry; establishes ""Artificial Intelligence In Communications Oversight Committee.""",1,Introduced,2025,2025-01-14,"Program and documentation, Responsible individual, Labeling/notification",3,AI Policy/Task Forces,"['William Sampson', 'Reginald Atkins', 'Julio Marenco']",https://legiscan.com/NJ/bill/A5164/2024,0,0,0,0,Pending - Low Exposure,0,0,0,0,0,4,1,3,0
NJ,New Jersey,AR158,Urges generative artificial intelligence companies to make voluntary commitments regarding employee whistleblower protections.,4,Passed,2025,2025-01-30,"Program and documentation, General notice, Opt out/appeal",3,Employment,"['Christopher Tully', 'Cody Miller', 'Heather Simmons']",https://legiscan.com/NJ/bill/AR158/2024,0,1,0,1,Moderate Risk,0,0,0,0,0,4,1,3,0
NJ,New Jersey,A4821,Requires OIT to develop NJ generative artificial intelligence program and implement artificial intelligence education courses with county governments; appropriates $1.5 million.,1,Introduced,2024,2024-09-19,"Program and documentation, Assessments, Training",3,Education; Government,['Julio Marenco'],https://legiscan.com/NJ/bill/A4821/2024,0,0,1,1,Pending - Some Exposure,0,0,0,0,0,4,1,3,0
NJ,New Jersey,S3742,Requires artificial intelligence companies to conduct safety tests and report results to Office of Information Technology.,1,Introduced,2024,2024-10-07,"Program and documentation, Assessments, Explanation/incident reporting, Third-party review",4,Cybersecurity,"['Troy Singleton', 'Angela Mcknight']",https://legiscan.com/NJ/bill/S3742/2024,0,0,1,1,Pending - Some Exposure,0,0,0,0,0,4,1,3,0
NJ,New Jersey,A4363,Provides funding to nonprofit organizations to implement smart technology and artificial intelligence systems to enhance security infrastructure.,1,Introduced,2024,2024-05-13,"Program and documentation, Assessments, Training",3,General/Other,"['Reginald Atkins', 'Carmen Morales']",https://legiscan.com/NJ/bill/A4363/2024,0,0,1,1,Pending - Some Exposure,0,0,1,1,0,4,1,3,0
NJ,New Jersey,SR121,Urges generative artificial intelligence companies to make voluntary commitments regarding employee whistleblower protections.,1,Introduced,2025,2025-01-14,"Program and documentation, General notice, Opt out/appeal",3,Employment,"['Raj Mukherji', 'Joseph Lagana']",https://legiscan.com/NJ/bill/SR121/2024,0,1,0,1,Pending - Some Exposure,0,0,0,0,0,4,1,3,0
NJ,New Jersey,A5034,Establishes public awareness campaign and educational workshops concerning artificial intelligence.,1,Introduced,2024,2024-11-14,"Training, General notice",2,Elections; Education,"['Reginald Atkins', 'William Sampson']",https://legiscan.com/NJ/bill/A5034/2024,0,1,0,1,Pending - Some Exposure,0,0,0,0,0,4,1,3,0
NJ,New Jersey,A5168,Establishes task force to research and report on potential sources of funding for artificial intelligence initiatives and appropriate tax incentives to support businesses impacted by expansion of use of artificial intelligence.,1,Introduced,2025,2025-01-14,"Program and documentation, General notice",2,AI Policy/Task Forces,"['Reginald Atkins', 'Julio Marenco']",https://legiscan.com/NJ/bill/A5168/2024,0,1,0,1,Pending - Some Exposure,0,0,0,0,0,4,1,3,0
NJ,New Jersey,A3911,Regulates use of artificial intelligence enabled video interview in hiring process.,1,Introduced,2024,2024-02-27,"Program and documentation, General notice, Explanation/incident reporting, Opt out/appeal, Nondiscrimination",5,Employment,['Victoria Flynn'],https://legiscan.com/NJ/bill/A3911/2024,1,1,0,2,Pending - High Exposure,0,0,0,0,0,4,1,3,0
NJ,New Jersey,S3015,Regulates use of artificial intelligence enabled video interview in hiring process.,1,Introduced,2024,2024-04-08,"Program and documentation, Assessments, General notice, Explanation/incident reporting, Opt out/appeal, Nondiscrimination",6,Employment,['Kristin Corrado'],https://legiscan.com/NJ/bill/S3015/2024,1,1,1,3,Pending - High Exposure,0,0,0,0,0,4,1,3,0
NJ,New Jersey,S3357,Establishes NJ Artificial Intelligence Advisory Council.,1,Introduced,2024,2024-06-03,"Program and documentation, Assessments, Responsible individual, Nondiscrimination",4,AI Policy/Task Forces,"['Kristin Corrado', 'Angela Mcknight']",https://legiscan.com/NJ/bill/S3357/2024,1,0,1,2,Pending - High Exposure,0,0,0,0,0,4,1,3,0
NJ,New Jersey,A4400,Establishes NJ Artificial Intelligence Advisory Council.,1,Introduced,2024,2024-05-16,"Program and documentation, Assessments, Nondiscrimination",3,AI Policy/Task Forces,"['Victoria Flynn', 'Gerard Scharfenberger', 'Michele Matsikoudis', 'John Azzariti', 'Robert Auth']",https://legiscan.com/NJ/bill/A4400/2024,1,0,1,2,Pending - High Exposure,0,0,0,0,0,4,1,3,0
NJ,New Jersey,A5540,Establishes Artificial Intelligence Grant Program in Office of Secretary of Higher Education.,1,Introduced,2025,2025-04-10,"Program and documentation, Responsible individual",2,Education,"['Christopher Tully', 'Linda Carter']",https://legiscan.com/NJ/bill/A5540/2024,0,0,0,0,Pending - Low Exposure,0,0,0,0,0,4,1,3,0
NJ,New Jersey,A5167,"Establishes programs in EDA to support New Jersey-based start-up businesses; small businesses, and medium-sized businesses adopting artificial intelligence capabilities; appropriates $175.5 million.",1,Introduced,2025,2025-01-14,"Program and documentation, Responsible individual",2,General/Other,"['Reginald Atkins', 'Julio Marenco']",https://legiscan.com/NJ/bill/A5167/2024,0,0,0,0,Pending - Low Exposure,0,0,0,0,0,4,1,3,0
NJ,New Jersey,AR141,Urges generative artificial intelligence and content sharing platforms to make voluntary commitments to prevent and remove harmful content.,4,Passed,2024,2024-06-28,Program and documentation,1,General/Other,"['Christopher Tully', 'Cody Miller', 'Benjie Wimberly', 'Gabriel Rodriguez', 'Carol Murphy', 'Sterley Stanley', 'Shavonda Sumter', 'Rosy Bagolie', 'Lisa Swain', 'William Moen']",https://legiscan.com/NJ/bill/AR141/2024,0,0,0,0,Low Risk,0,0,0,0,0,4,1,3,0
NJ,New Jersey,S4253,"Establishes ""Artificial Intelligence Innovation Partnership""; provides funding for certain nonprofit partnerships to promote certain emerging technology businesses.",1,Introduced,2025,2025-03-03,"Program and documentation, Assessments, Responsible individual, General notice, Nondiscrimination",5,General/Other,"['Andrew Zwicker', 'Angela Mcknight']",https://legiscan.com/NJ/bill/S4253/2024,1,1,1,3,Pending - High Exposure,0,0,0,0,0,4,1,3,0
NJ,New Jersey,A5615,Requires AG to study use of artificial intelligence for certain law enforcement purposes and issue report.,1,Introduced,2025,2025-05-05,Assessments,1,Criminal,"['Christopher Tully', 'Annette Quijano', 'Balvir Singh']",https://legiscan.com/NJ/bill/A5615/2024,0,0,1,1,Pending - Some Exposure,0,0,0,0,0,4,1,3,0
NJ,New Jersey,A4399,"Requires Commission on Science, Innovation and Technology to study impact of State agencies procuring, implementing, and operating artificial intelligence.",1,Introduced,2024,2024-05-16,Assessments,1,AI Policy/Task Forces,"['Victoria Flynn', 'Gerard Scharfenberger']",https://legiscan.com/NJ/bill/A4399/2024,0,0,1,1,Pending - Some Exposure,0,0,0,0,0,4,1,3,0
NJ,New Jersey,A6036,Directs DEP to establish artificial intelligence flood prediction and mapping tool.,1,Introduced,2025,2025-11-17,"Program and documentation, Assessments, General notice",3,General/Other,['Christopher Tully'],https://legiscan.com/NJ/bill/A6036/2024,0,1,1,2,Pending - High Exposure,0,0,0,0,0,4,1,3,0
NJ,New Jersey,A1781,Requires Commissioner of Labor and Workforce Development to conduct study and issue report on impact of artificial intelligence on growth of State's economy.,1,Introduced,2024,2024-01-09,Assessments,1,Employment,"['Linda Carter', 'Robert Karabinchak', 'Clinton Calabrese', 'Michael Venezia', 'Gerard Scharfenberger', 'Victoria Flynn', 'William Sampson']",https://legiscan.com/NJ/bill/A1781/2024,0,0,1,1,Pending - Some Exposure,0,0,0,0,0,4,1,3,0
NJ,New Jersey,S3432,Establishes Next New Jersey Program for artificial intelligence investments.,4,Passed,2024,2024-07-25,"Program and documentation, Responsible individual, Third-party review",3,Financial,"['Raj Mukherji', 'Troy Singleton', 'Christopher Tully', 'William Sampson', 'Robert Karabinchak', 'Angela Mcknight', 'Cody Miller', 'Reginald Atkins', 'Carol Murphy', 'Shanique Speight']",https://legiscan.com/NJ/bill/S3432/2024,0,0,0,0,Low Risk,0,0,0,0,0,4,1,3,0
NJ,New Jersey,A4558,Establishes Next New Jersey Program for artificial intelligence investments.,1,Introduced,2024,2024-06-13,"Program and documentation, Responsible individual, Third-party review",3,Financial,"['Christopher Tully', 'William Sampson', 'Robert Karabinchak', 'Cody Miller', 'Reginald Atkins', 'Carol Murphy', 'Shanique Speight']",https://legiscan.com/NJ/bill/A4558/2024,0,0,0,0,Pending - Low Exposure,0,0,0,0,0,4,1,3,0
NJ,New Jersey,S4463,Prohibits advertising artificial intelligence system as licensed mental health professional.,1,Introduced,2025,2025-05-19,Program and documentation,1,Healthcare,['John Burzichelli'],https://legiscan.com/NJ/bill/S4463/2024,0,0,0,0,Pending - Low Exposure,0,0,0,0,0,4,1,3,0
NJ,New Jersey,A5603,Prohibits advertising artificial intelligence system as licensed mental health professional.,1,Introduced,2025,2025-05-05,"Program and documentation, General notice",2,Healthcare,"['David Bailey', 'William Sampson', 'Dan Hutchison']",https://legiscan.com/NJ/bill/A5603/2024,0,1,0,1,Pending - Some Exposure,0,0,0,0,0,4,1,3,0
NJ,New Jersey,S3984,Establishes public-private partnerships to develop artificial intelligence job training.,1,Introduced,2024,2024-12-19,"Program and documentation, Responsible individual",2,Employment,"['Raj Mukherji', 'Troy Singleton']",https://legiscan.com/NJ/bill/S3984/2024,0,0,0,0,Pending - Low Exposure,0,0,0,0,0,4,1,3,0
NJ,New Jersey,A5033,Establishes public-private partnerships to develop artificial intelligence job training.,1,Introduced,2024,2024-11-14,"Program and documentation, Responsible individual",2,Employment,"['Reginald Atkins', 'Barbara McCann Stamato', 'William Sampson', 'Julio Marenco', 'Carmen Morales']",https://legiscan.com/NJ/bill/A5033/2024,0,0,0,0,Pending - Low Exposure,0,0,0,0,0,4,1,3,0
NJ,New Jersey,S4143,Requires energy usage plan for proposed artificial intelligence data centers and cryptocurrency mining facilities; requires all electricity for artificial intelligence data centers and cryptocurrency mining facilities to be derived from new clean energy sources.,1,Introduced,2025,2025-02-20,Program and documentation,1,Blockchain/Crypto,"['Robert Smith', 'John McKeon', 'Andrew Zwicker']",https://legiscan.com/NJ/bill/S4143/2024,0,0,0,0,Pending - Low Exposure,0,0,1,1,0,4,1,3,0
NJ,New Jersey,A5777,Establishes Bridge Transportation Asset Management Plan Pilot Program; appropriates $9.5 million.,1,Introduced,2025,2025-06-16,"Program and documentation, Assessments, General notice",3,Vehicles,"['Clinton Calabrese', 'William Moen', 'Robert Karabinchak', 'Linda Carter']",https://legiscan.com/NJ/bill/A5777/2024,0,1,1,2,Pending - High Exposure,0,0,0,0,0,4,1,3,0
NJ,New Jersey,A5564,Requires submission of energy usage plan to BPU for proposed artificial intelligence data centers; requires all electricity for artificial intelligence data centers to be derived from new clean energy sources.,1,Introduced,2025,2025-04-10,Program and documentation,1,Infrastructure,['Joe Danielsen'],https://legiscan.com/NJ/bill/A5564/2024,0,0,0,0,Pending - Low Exposure,0,0,1,1,0,4,1,3,0
NJ,New Jersey,A4639,Requires boards of education to adopt policy on use of video surveillance systems with artificial intelligence capabilities.,1,Introduced,2024,2024-06-25,"Program and documentation, General notice, Labeling/notification",3,Education,"['Cody Miller', 'Carmen Morales', 'Dan Hutchison']",https://legiscan.com/NJ/bill/A4639/2024,0,1,0,1,Pending - Some Exposure,0,0,0,0,0,4,1,3,0
NJ,New Jersey,A3912,Extends crime of identity theft to include fraudulent impersonation or false depiction by means of artificial intelligence or deepfake technology.,1,Introduced,2024,2024-02-27,"Program and documentation, Nondiscrimination",2,Deepfakes; Criminal,['Victoria Flynn'],https://legiscan.com/NJ/bill/A3912/2024,1,0,0,1,Pending - Some Exposure,0,0,0,0,0,4,1,3,0
NJ,New Jersey,S736,Extends crime of identity theft to include fraudulent impersonation or false depiction by means of artificial intelligence or deepfake technology.,1,Introduced,2024,2024-01-09,"Program and documentation, Nondiscrimination",2,Deepfakes; Criminal,"['Douglas Steinhardt', 'Brian Stack', 'Kristin Corrado']",https://legiscan.com/NJ/bill/S736/2024,1,0,0,1,Pending - Some Exposure,0,0,0,0,0,4,1,3,0
NJ,New Jersey,S3835,Establishes Office of Cybersecurity Infrastructure.,1,Introduced,2024,2024-10-24,"Program and documentation, Responsible individual, General notice",3,Cybersecurity,"['Raj Mukherji', 'Shirley Turner']",https://legiscan.com/NJ/bill/S3835/2024,0,1,0,1,Pending - Some Exposure,0,0,1,1,0,4,1,3,0
NJ,New Jersey,A4888,Establishes AI and Labor Market Study Commission to analyze impact of artificial intelligence on labor market.,1,Introduced,2024,2024-10-17,"Program and documentation, Assessments, Responsible individual, General notice",4,Employment,"['Reginald Atkins', 'Shanique Speight', 'Barbara McCann Stamato', 'William Sampson', 'Linda Carter', 'Jessica Ramirez', 'Carmen Morales']",https://legiscan.com/NJ/bill/A4888/2024,0,1,1,2,Pending - High Exposure,0,0,0,0,0,4,1,3,0
NJ,New Jersey,S4867,"Creates ""New Jersey Responsible AI Advancement and Workforce Protection Act.""",1,Introduced,2025,2025-11-13,"Program and documentation, Assessments, Responsible individual, General notice, Explanation/incident reporting, Opt out/appeal, Nondiscrimination",7,Employment,['Troy Singleton'],https://legiscan.com/NJ/bill/S4867/2024,1,1,1,3,Pending - High Exposure,0,0,0,0,0,4,1,3,0
NJ,New Jersey,S4811,"Requires BPU, DCA, and DEP to establish expedited approval and permitting procedures for artificial intelligence data centers powered by small modular nuclear reactors.",1,Introduced,2025,2025-11-06,,0,Infrastructure,['Carmen Amato'],https://legiscan.com/NJ/bill/S4811/2024,0,0,0,0,Pending - Low Exposure,0,0,1,1,0,4,1,3,0
NJ,New Jersey,A5036,Establishes Office of Cybersecurity Infrastructure.,1,Introduced,2024,2024-11-14,"Program and documentation, Responsible individual, General notice",3,Cybersecurity,"['Robert Karabinchak', 'Christopher Tully']",https://legiscan.com/NJ/bill/A5036/2024,0,1,0,1,Pending - Some Exposure,0,0,1,1,0,4,1,3,0
NJ,New Jersey,A3540,"Establishes criminal penalties for production or dissemination of deceptive audio or visual media, commonly known as ""deepfakes.""",4,Passed,2025,2025-04-02,"Program and documentation, Labeling/notification, Nondiscrimination",3,Deepfakes; Criminal,"['Herbert Conaway', 'Louis Greenwald', 'Ellen Park', 'Paul Moriarty', 'Kristin Corrado', 'Annette Quijano', 'Shama Haider', 'Robert Karabinchak', 'Benjie Wimberly', 'Sterley Stanley', 'William Sampson', 'Cody Miller', 'Rosy Bagolie', 'Pamela Lampitt', 'Shanique Speight', 'Jessica Ramirez', 'Lisa Swain', 'Dan Hutchison', 'Christopher Tully', 'Jon Bramnick', 'Shirley Turner', 'Nicholas Scutari', 'Carmen Amato', 'Garnet Hall']",https://legiscan.com/NJ/bill/A3540/2024,1,0,0,1,Moderate Risk,0,0,0,0,0,4,1,3,0
NJ,New Jersey,S4120,Provides corporation business tax credits and gross income tax credits to businesses employing and retaining certain neurodiverse individuals.,1,Introduced,2025,2025-01-30,Program and documentation,1,Financial,"['Andrew Zwicker', 'James Beach', 'Britnee Timberlake', 'Shirley Turner']",https://legiscan.com/NJ/bill/S4120/2024,0,0,0,0,Pending - Low Exposure,0,0,0,0,0,4,1,3,0
NJ,New Jersey,A5608,Provides corporation business tax credits and gross income tax credits to businesses employing and retaining certain neurodiverse individuals.,1,Introduced,2025,2025-05-05,Program and documentation,1,Financial,"['Christopher Tully', 'Carmen Morales']",https://legiscan.com/NJ/bill/A5608/2024,0,0,0,0,Pending - Low Exposure,0,0,0,0,0,4,1,3,0
NJ,New Jersey,S3143,Requires hospitals and nursing homes to provide access to certain interpreter services for deaf and hard of hearing.,1,Introduced,2024,2024-05-06,Program and documentation,1,Healthcare,"['Robert Singer', 'Angela Mcknight', 'Linda Greenstein']",https://legiscan.com/NJ/bill/S3143/2024,0,0,0,0,Pending - Low Exposure,0,0,0,0,0,4,1,3,0
NJ,New Jersey,A4292,Requires hospitals and nursing homes to provide access to certain interpreter services for deaf and hard of hearing.,1,Introduced,2024,2024-05-06,Program and documentation,1,Healthcare,['John Azzariti'],https://legiscan.com/NJ/bill/A4292/2024,0,0,0,0,Pending - Low Exposure,0,0,0,0,0,4,1,3,0
NJ,New Jersey,SJR114,"Urges Congress and President to enact ""Do Not Disturb Act.""",1,Introduced,2024,2024-05-09,Program and documentation,1,General/Other,['Vin Gopal'],https://legiscan.com/NJ/bill/SJR114/2024,0,0,0,0,Pending - Low Exposure,0,0,0,0,0,4,1,3,0
NJ,New Jersey,AJR177,"Urges Congress and President to enact ""Do Not Disturb Act.""",1,Introduced,2024,2024-05-10,Program and documentation,1,General/Other,"['Luanne Peterpaul', 'Margie Donlon', 'Annette Quijano']",https://legiscan.com/NJ/bill/AJR177/2024,0,0,0,0,Pending - Low Exposure,0,0,0,0,0,4,1,3,0
NJ,New Jersey,A5892,Requires DEP to conduct study of short and long term effects of water use by large-scale data centers.,1,Introduced,2025,2025-06-27,Assessments,1,Infrastructure,['Robert Karabinchak'],https://legiscan.com/NJ/bill/A5892/2024,0,0,1,1,Pending - Some Exposure,0,0,1,1,0,4,1,3,0
NJ,New Jersey,S3298,Requires collection of data by health insurers regarding health insurance claims and decisions made using automated utilization management systems.,1,Introduced,2024,2024-05-20,"Program and documentation, Assessments, General notice, Labeling/notification, Third-party review, Opt out/appeal",6,Healthcare,"['Jon Bramnick', 'Anthony M. Bucco']",https://legiscan.com/NJ/bill/S3298/2024,0,1,1,2,Pending - High Exposure,0,0,0,0,0,4,1,3,0
NJ,New Jersey,A3858,Requires collection of data by health insurers regarding health insurance claims and decisions made using automated utilization management systems.,1,Introduced,2024,2024-02-27,"Program and documentation, Assessments, General notice, Labeling/notification, Third-party review, Opt out/appeal",6,Healthcare,"['Shanique Speight', 'Sterley Stanley', 'Reginald Atkins']",https://legiscan.com/NJ/bill/A3858/2024,0,1,1,2,Pending - High Exposure,0,0,0,0,0,4,1,3,0
NJ,New Jersey,A2818,Prohibits and imposes criminal penalty on disclosure of certain intentionally deceptive audio or visual media within 90 days of election.,2,Engrossed,2024,2024-06-28,"Program and documentation, Labeling/notification, Opt out/appeal",3,Elections; Criminal,"['Louis Greenwald', 'Lisa Swain', 'Robert Karabinchak', 'Pamela Lampitt', 'Roy Freiman', 'Christopher Tully', 'Carol Murphy', 'Yvonne Lopez', 'Herbert Conaway', 'Ellen Park', 'Sterley Stanley', 'Cody Miller', 'Rosy Bagolie', 'Shanique Speight']",https://legiscan.com/NJ/bill/A2818/2024,0,0,0,0,Pending - Low Exposure,0,0,0,0,0,4,1,3,0
NJ,New Jersey,A5605,Establishes various programs to support neurodiverse students at county colleges; appropriates $1.475 million.,1,Introduced,2025,2025-05-05,"Program and documentation, Training",2,Education,"['Christopher Tully', 'Carmen Morales']",https://legiscan.com/NJ/bill/A5605/2024,0,0,0,0,Pending - Low Exposure,0,0,0,0,0,4,1,3,0
NJ,New Jersey,S4119,Establishes various programs to support neurodiverse students at county colleges; appropriates $1.475 million.,1,Introduced,2025,2025-01-30,"Program and documentation, Training",2,Education,['Andrew Zwicker'],https://legiscan.com/NJ/bill/S4119/2024,0,0,0,0,Pending - Low Exposure,0,0,0,0,0,4,1,3,0
NJ,New Jersey,A3855,Creates standards for independent bias auditing of automated employment decision tools.,1,Introduced,2024,2024-02-22,"Assessments, General notice, Explanation/incident reporting, Third-party review",4,Employment,['Balvir Singh'],https://legiscan.com/NJ/bill/A3855/2024,0,1,1,2,Pending - High Exposure,0,0,0,0,0,4,1,3,0
NJ,New Jersey,S2964,Creates standards for independent bias auditing of automated employment decision tools.,1,Introduced,2024,2024-03-18,"Assessments, General notice, Explanation/incident reporting, Third-party review",4,Employment,['Andrew Zwicker'],https://legiscan.com/NJ/bill/S2964/2024,0,1,1,2,Pending - High Exposure,0,0,0,0,0,4,1,3,0
NJ,New Jersey,A4479,Requires social media platforms to cooperate with nonprofit organization initiatives to remove nonconsensual intimate images or videos.,2,Engrossed,2025,2025-06-30,Program and documentation,1,Digital Content/IP,"['Christopher Tully', 'Shanique Speight', 'Reginald Atkins', 'Clinton Calabrese', 'Sterley Stanley', 'Luanne Peterpaul', 'Dan Hutchison', 'Jessica Ramirez', 'Rosy Bagolie', 'Mitchelle Drulis', 'Cody Miller']",https://legiscan.com/NJ/bill/A4479/2024,0,0,0,0,Pending - Low Exposure,0,0,0,0,0,4,1,3,0
NJ,New Jersey,S2544,"Establishes criminal penalties for production or dissemination of deceptive audio or visual media, commonly known as ""deepfakes.""",1,Introduced,2024,2024-02-08,"Program and documentation, Labeling/notification",2,Deepfakes; Criminal,"['Paul Moriarty', 'Kristin Corrado', 'Jon Bramnick', 'Shirley Turner', 'Nicholas Scutari', 'Carmen Amato']",https://legiscan.com/NJ/bill/S2544/2024,0,0,0,0,Pending - Low Exposure,0,0,0,0,0,4,1,3,0
NJ,New Jersey,S2545,Establishes Deep Fake Technology Unit in DLPS; appropriates $2 million.,1,Introduced,2024,2024-02-08,"Program and documentation, Training, Responsible individual, Explanation/incident reporting",4,General/Other,"['Paul Moriarty', 'Shirley Turner']",https://legiscan.com/NJ/bill/S2545/2024,0,0,0,0,Pending - Low Exposure,0,0,0,0,0,4,1,3,0
NJ,New Jersey,S3612,Requires DOH to provide grants for women's health research and innovations.,1,Introduced,2024,2024-09-19,Program and documentation,1,Healthcare,"['Nicholas Scutari', 'Angela Mcknight']",https://legiscan.com/NJ/bill/S3612/2024,0,0,0,0,Pending - Low Exposure,0,0,0,0,0,4,1,3,0
NJ,New Jersey,AR188,Urges Governor to declare energy generation emergency in New Jersey.,1,Introduced,2025,2025-05-08,,0,Infrastructure,"['Alex Sauickie', 'Dawn Fantasia', 'Michael Inganamort']",https://legiscan.com/NJ/bill/AR188/2024,0,0,0,0,Pending - Low Exposure,0,0,0,0,0,4,1,3,0
NJ,New Jersey,SR132,Urges Governor to declare energy generation emergency in New Jersey.,1,Introduced,2025,2025-05-19,,0,Infrastructure,"['Latham Tiver', 'Parker Space']",https://legiscan.com/NJ/bill/SR132/2024,0,0,0,0,Pending - Low Exposure,0,0,0,0,0,4,1,3,0
NJ,New Jersey,A4594,"Requires DOH to evaluate technology uses in long-term care settings, implements certain technological requirements within long-term care settings, and clarifies existing telehealth reimbursement parity includes long-term care settings.",1,Introduced,2024,2024-06-17,"Program and documentation, Assessments",2,Healthcare,"['Joe Danielsen', 'Shanique Speight', 'Luanne Peterpaul']",https://legiscan.com/NJ/bill/A4594/2024,0,0,1,1,Pending - Some Exposure,0,0,0,0,0,4,1,3,0
NJ,New Jersey,S4135,Provides allowance for certain redevelopment projects undertaken by institutions of higher education under New Jersey Aspire program.,2,Engrossed,2025,2025-06-30,Program and documentation,1,Education,"['Raj Mukherji', 'Shirley Turner', 'Angela Mcknight']",https://legiscan.com/NJ/bill/S4135/2024,0,0,0,0,Pending - Low Exposure,0,0,0,0,0,4,1,3,0
NJ,New Jersey,A5470,Provides allowance for certain redevelopment projects undertaken by institutions of higher education under New Jersey Aspire program.,1,Introduced,2025,2025-03-20,Program and documentation,1,Education,"['Eliana Marin', 'Carmen Morales']",https://legiscan.com/NJ/bill/A5470/2024,0,0,0,0,Pending - Low Exposure,0,0,0,0,0,4,1,3,0
NJ,New Jersey,A4480,"Establishes civil right of action for misuse of individual's name, image, likeness, or voice.",1,Introduced,2024,2024-06-06,"Program and documentation, Opt out/appeal",2,Digital Content/IP,"['Christopher Tully', 'Clinton Calabrese', 'Shanique Speight', 'Rosy Bagolie']",https://legiscan.com/NJ/bill/A4480/2024,0,0,0,0,Pending - Low Exposure,0,0,0,0,0,4,1,3,0
NJ,New Jersey,A5848,Modifies child endangerment statute to include AI technology; establishes criminal penalties.,2,Engrossed,2025,2025-06-30,Program and documentation,1,Criminal; Children,"['Andrea Katz', 'Mitchelle Drulis', 'Ellen Park', 'Luanne Peterpaul', 'Sterley Stanley', 'Dan Hutchison', 'Jessica Ramirez', 'Carol Murphy', 'Shanique Speight', 'Rosy Bagolie', 'Roy Freiman', 'Cody Miller']",https://legiscan.com/NJ/bill/A5848/2024,0,0,0,0,Pending - Low Exposure,1,0,0,1,0,4,1,3,0
NJ,New Jersey,A2364,Establishes Deepfake Technology Unit in DLPS; appropriates $2 million.,1,Introduced,2024,2024-01-09,"Program and documentation, Training, Responsible individual, Explanation/incident reporting",4,Deepfakes,"['Christopher Tully', 'Louis Greenwald', 'Ellen Park', 'Carol Murphy', 'Joe Danielsen', 'Robert Karabinchak', 'Shanique Speight', 'Lisa Swain', 'Yvonne Lopez', 'Julio Marenco', 'Clinton Calabrese']",https://legiscan.com/NJ/bill/A2364/2024,0,0,0,0,Pending - Low Exposure,0,0,0,0,0,4,1,3,0
NJ,New Jersey,S2543,Prohibits and imposes criminal penalty on disclosure of certain intentionally deceptive audio or visual media within 90 days of election.,1,Introduced,2024,2024-02-08,"Program and documentation, Labeling/notification, Opt out/appeal",3,Elections; Criminal,['Paul Moriarty'],https://legiscan.com/NJ/bill/S2543/2024,0,0,0,0,Pending - Low Exposure,0,0,0,0,0,4,1,3,0
NJ,New Jersey,A1892,Prohibits deepfake pornography and imposes criminal and civil penalties for non-consensual disclosure.,1,Introduced,2024,2024-01-09,"Program and documentation, General notice, Nondiscrimination",3,Deepfakes; Criminal,"['Reginald Atkins', 'Ellen Park', 'Al Barlas', 'Nancy Munoz', 'Paul Kanitra']",https://legiscan.com/NJ/bill/A1892/2024,1,1,0,2,Pending - High Exposure,0,0,0,0,0,4,1,3,0
NJ,New Jersey,S976,Prohibits deepfake pornography and imposes criminal and civil penalties for non-consensual disclosure.,1,Introduced,2024,2024-01-09,"Program and documentation, General notice, Nondiscrimination",3,Deepfakes; Criminal,"['Kristin Corrado', 'Jon Bramnick', 'Michael Testa']",https://legiscan.com/NJ/bill/S976/2024,1,1,0,2,Pending - High Exposure,0,0,0,0,0,4,1,3,0
NJ,New Jersey,A4736,"Amends public school laws on harassment, intimidation, and bullying to apply to certain acts against teachers and staff members; revises definition of ""harassment, intimidation, or bullying"" in ""Anti-Bullying Bill of Rights Act.""",1,Introduced,2024,2024-09-12,"Program and documentation, Responsible individual, General notice, Nondiscrimination",4,Education,"['Andrea Katz', 'Luanne Peterpaul', 'Rosy Bagolie', 'Garnet Hall']",https://legiscan.com/NJ/bill/A4736/2024,1,1,0,2,Pending - High Exposure,0,0,0,0,0,4,1,3,0
NJ,New Jersey,A5430,Repeals certain energy reduction and reporting requirements for electric and natural gas usage.,1,Introduced,2025,2025-03-10,"Program and documentation, General notice",2,Infrastructure,"['Alex Sauickie', 'Dawn Fantasia', 'Michael Inganamort']",https://legiscan.com/NJ/bill/A5430/2024,0,1,0,1,Pending - Some Exposure,0,0,0,0,0,4,1,3,0
NJ,New Jersey,S3398,"""Packaging and Paper Product Stewardship Act.""",1,Introduced,2024,2024-06-03,"Program and documentation, Assessments, Responsible individual, General notice",4,General/Other,['Robert Smith'],https://legiscan.com/NJ/bill/S3398/2024,0,1,1,2,Pending - High Exposure,0,0,0,0,0,4,1,3,0
NJ,New Jersey,A5009,"""Packaging and Paper Product Stewardship Act.""",1,Introduced,2024,2024-11-14,"Program and documentation, Assessments, General notice",3,General/Other,"['Alixon Collazos-Gill', 'Garnet Hall', 'James Kennedy', 'Shama Haider', 'Ellen Park', 'Verlina Reynolds-Jackson']",https://legiscan.com/NJ/bill/A5009/2024,0,1,1,2,Pending - High Exposure,0,0,0,0,0,4,1,3,0
NJ,New Jersey,A5004,Creates separate crime for items depicting sexual exploitation or abuse of children; concerns computer generated or manipulated sexually explicit images.,2,Engrossed,2025,2025-06-30,,0,Criminal; Children,"['Luanne Peterpaul', 'Christopher Tully', 'Andrea Katz', 'Sterley Stanley', 'Jessica Ramirez', 'Tennille McCoy', 'Shanique Speight', 'Margie Donlon', 'Lisa Swain']",https://legiscan.com/NJ/bill/A5004/2024,0,0,0,0,Pending - Low Exposure,1,0,1,1,0,4,1,3,0
NJ,New Jersey,A4700,"Appropriates $56,635,803,000 in State funds and $27,501,993,844 in federal funds for the State budget for fiscal year 2025.",4,Passed,2024,2024-06-28,"Program and documentation, General notice, Registration, Opt out/appeal",4,Government,"['Eliana Marin', 'Benjie Wimberly', 'Paul Sarlo', 'Linda Greenstein']",https://legiscan.com/NJ/bill/A4700/2024,0,1,0,1,Moderate Risk,0,0,0,0,0,4,1,3,0
NJ,New Jersey,S2025,"Appropriates $56,635,803,000 in State funds and $27,501,993,844 in federal funds for the State budget for fiscal year 2025.",1,Introduced,2024,2024-06-26,"Program and documentation, General notice, Registration, Opt out/appeal",4,Government,"['Paul Sarlo', 'Linda Greenstein']",https://legiscan.com/NJ/bill/S2025/2024,0,1,0,1,Pending - Some Exposure,0,0,0,0,0,4,1,3,0
NJ,New Jersey,S2026,"Appropriates $58,782,119,000 in State funds and $31,007,261,743 in federal funds for the State budget for fiscal year 2026.",4,Passed,2025,2025-06-30,"Program and documentation, General notice, Registration, Opt out/appeal",4,Government,"['Paul Sarlo', 'Eliana Marin', 'Ellen Park']",https://legiscan.com/NJ/bill/S2026/2024,0,1,0,1,Moderate Risk,0,0,0,0,0,4,1,3,0
NJ,New Jersey,A5800,"Appropriates $58,782,119,000 in State funds and $31,007,261,743 in federal funds for the State budget for fiscal year 2026.",1,Introduced,2025,2025-06-27,"Program and documentation, General notice, Registration, Opt out/appeal",4,Government,"['Eliana Marin', 'Ellen Park']",https://legiscan.com/NJ/bill/A5800/2024,0,1,0,1,Pending - Some Exposure,0,0,0,0,0,4,1,3,0
NM,New Mexico,SB78,Center For Dryland Resilience,1,Introduced,2023,2023-01-17,Program and documentation,1,General/Other,['William Soules'],https://legiscan.com/NM/bill/SB78/2023,0,0,0,0,Pending - Low Exposure,0,0,0,0,0,4,0,2,2
NM,New Mexico,HM75,Cyfd Structured Decision-making Study,1,Introduced,2023,2023-02-27,"Program and documentation, Assessments, Training",3,General/Other,['Stefani Lord'],https://legiscan.com/NM/bill/HM75/2023,0,0,1,1,Pending - Some Exposure,0,0,0,0,0,4,0,2,2
NM,New Mexico,SM63,Cyfd Structured Decision-making Study,1,Introduced,2023,2023-03-01,"Program and documentation, Assessments, Training",3,General/Other,"['David Gallegos', 'Crystal Diamond Brantley']",https://legiscan.com/NM/bill/SM63/2023,0,0,1,1,Pending - Some Exposure,0,0,0,0,0,4,0,2,2
NM,New Mexico,SB192,Additional Appropriations & Confidentiality,4,Passed,2023,2023-04-07,"Program and documentation, General notice",2,Government,['George Munoz'],https://legiscan.com/NM/bill/SB192/2023,0,1,0,1,Moderate Risk,0,0,0,0,0,4,0,2,2
NM,New Mexico,HB184,Use Of Artificial Intelligence Transparency,1,Introduced,2024,2024-01-22,"Program and documentation, Assessments, General notice",3,AI Governance,"['Christine Chandler', 'Gail Chasey', 'Natalie Figueroa', 'Yanira Gurrola', 'Michael Padilla', 'Debra Sarinana', 'Linda Serrato']",https://legiscan.com/NM/bill/HB184/2024,0,1,1,2,Pending - High Exposure,0,0,0,0,0,4,0,2,2
NM,New Mexico,SB130,Artificial Intelligence Work Group,1,Introduced,2024,2024-01-22,"Program and documentation, Responsible individual",2,General/Other,"['Michael Padilla', 'Debra Sarinana']",https://legiscan.com/NM/bill/SB130/2024,0,0,0,0,Pending - Low Exposure,0,0,0,0,0,4,0,2,2
NM,New Mexico,HB182,Election Changes,4,Passed,2024,2024-03-05,"Program and documentation, Labeling/notification",2,Elections,"['Gail Chasey', 'Katy Duhigg', 'Charlotte Little']",https://legiscan.com/NM/bill/HB182/2024,0,0,0,0,Low Risk,0,0,0,0,0,4,0,2,2
NM,New Mexico,SB275,Capital Outlay Projects,4,Passed,2024,2024-03-06,Program and documentation,1,General/Other,['Nancy Rodriguez'],https://legiscan.com/NM/bill/SB275/2024,0,0,0,0,Low Risk,0,0,0,0,0,4,0,2,2
NM,New Mexico,HB60,Artificial Intelligence Act,1,Introduced,2025,2025-01-21,"Program and documentation, Assessments, General notice, Explanation/incident reporting, Developer documentation, Opt out/appeal, Nondiscrimination",7,AI Governance,"['Heather Berghmans', 'Christine Chandler', 'Andrea Romero', 'Debra Sarinana', 'Linda Trujillo']",https://legiscan.com/NM/bill/HB60/2025,1,1,1,3,Pending - High Exposure,0,0,0,0,0,4,0,2,2
NM,New Mexico,HB401,A.i. Synthetic Content Accountability Act,1,Introduced,2025,2025-02-12,"Program and documentation, Assessments, Labeling/notification, Explanation/incident reporting, Third-party review, Opt out/appeal",6,Deepfakes,['Linda Serrato'],https://legiscan.com/NM/bill/HB401/2025,0,0,1,1,Pending - Some Exposure,0,0,0,0,0,4,0,2,2
NM,New Mexico,HM2,Lesc Artificial Intelligence Work Group,4,Passed,2025,2025-03-19,"Program and documentation, Assessments",2,General/Other,"['Brian Baca', 'Joy Garratt', 'Yanira Gurrola']",https://legiscan.com/NM/bill/HM2/2025,0,0,1,1,Moderate Risk,0,0,0,0,0,4,0,2,2
NM,New Mexico,HJM9,Artificial Intelligence Interim Committee,2,Engrossed,2025,2025-03-19,"Program and documentation, Assessments",2,AI Policy/Task Forces,"['Janelle Anyanonu', 'Gail Armstrong', 'Art De La Cruz', 'Doreen Gallegos', 'Joshua Hernandez', 'Derrick Lente', 'Jimmy Mason', 'Marian Matthews', 'Mark Murphy', 'Cristina Parajon', 'Linda Serrato']",https://legiscan.com/NM/bill/HJM9/2025,0,0,1,1,Pending - Some Exposure,0,0,0,0,0,4,0,2,2
NM,New Mexico,HM18,Cpa Workforce Crisis Solutions,1,Introduced,2025,2025-02-10,"Program and documentation, Responsible individual",2,Employment,"['Cathrynn Brown', 'Rebecca Dow', 'Tara Lujan', 'Mark Murphy', 'Luis Terrazas', 'Harlan Vincent']",https://legiscan.com/NM/bill/HM18/2025,0,0,0,0,Pending - Low Exposure,0,0,0,0,0,4,0,2,2
NM,New Mexico,HB215,No Use Of Ai For Rent Manipulation,1,Introduced,2025,2025-01-29,"Program and documentation, Nondiscrimination",2,Housing,"['Andrea Romero', 'Angelica Rubio']",https://legiscan.com/NM/bill/HB215/2025,1,0,0,1,Pending - Some Exposure,0,0,0,0,0,4,0,2,2
NM,New Mexico,SB142,Grid Modernization Roadmap,5,Vetoed,2025,2025-03-21,Program and documentation,1,Infrastructure,"['Meredith Dixon', 'George Munoz', 'Mimi Stewart']",https://legiscan.com/NM/bill/SB142/2025,0,0,0,0,Pending - Low Exposure,0,0,0,0,0,4,0,2,2
NM,New Mexico,HB20,Technology & Innovation Division,4,Passed,2025,2025-04-09,"Program and documentation, Assessments, General notice",3,General/Other,"['Meredith Dixon', 'Rebecca Dow', 'Doreen Gallegos', 'Joy Garratt', 'Joshua Hernandez', 'Cristina Parajon', 'Nathan Small']",https://legiscan.com/NM/bill/HB20/2025,0,1,1,2,High Risk,0,0,0,0,0,4,0,2,2
NM,New Mexico,HM54,Study Public School Safety,1,Introduced,2025,2025-03-10,"Program and documentation, Assessments, General notice",3,Education,"['Brian Baca', 'Andres Romero']",https://legiscan.com/NM/bill/HM54/2025,0,1,1,2,Pending - High Exposure,0,0,0,0,0,4,0,2,2
NM,New Mexico,HB178,Nursing Practice Changes,4,Passed,2025,2025-04-08,Program and documentation,1,General/Other,"['Janelle Anyanonu', 'Cynthia Borrego', 'Mark Duncan', 'Doreen Gallegos', 'Yanira Gurrola', 'Pamelya Herndon', 'Dayan Hochman-Vigil', 'Doreen Johnson', 'Jenifer Jones', 'Elizabeth Stefanics']",https://legiscan.com/NM/bill/HB178/2025,0,0,0,0,Low Risk,0,0,0,0,0,4,0,2,2
NM,New Mexico,SB85,Campaign Finance Changes,2,Engrossed,2025,2025-02-12,"Program and documentation, General notice",2,Elections,"['Heather Berghmans', 'Matthew McQueen', 'Andrea Romero', 'Peter Wirth']",https://legiscan.com/NM/bill/SB85/2025,0,1,0,1,Pending - Some Exposure,0,0,0,0,0,4,0,2,2
NM,New Mexico,HB221,Voice & Visual Likeness Rights Act,1,Introduced,2025,2025-01-29,"Program and documentation, General notice, Opt out/appeal",3,Digital Content/IP,"['Cynthia Borrego', 'Tara Lujan', 'Joseph Sanchez']",https://legiscan.com/NM/bill/HB221/2025,0,1,0,1,Pending - Some Exposure,0,0,0,0,0,4,0,2,2
NM,New Mexico,SB218,Election Changes,1,Introduced,2025,2025-01-30,"Program and documentation, Assessments, Training, General notice",4,Elections,"['Heather Berghmans', 'Katy Duhigg']",https://legiscan.com/NM/bill/SB218/2025,0,1,1,2,Pending - High Exposure,0,0,0,0,0,4,0,2,2
NM,New Mexico,HB2,General Appropriation Act Of 2025,4,Passed,2025,2025-04-11,"Program and documentation, Explanation/incident reporting",2,Government,"['Meredith Dixon', 'Nathan Small']",https://legiscan.com/NM/bill/HB2/2025,0,0,0,0,Low Risk,0,0,0,0,0,4,0,2,2
NY,New York,A10556,Establishes the Artificial Intelligence Literacy Act which establishes an artificial intelligence literacy in the digital equity competitive grant program.,1,Introduced,2024,2024-06-03,"Program and documentation, Training",2,General/Other,['Kenneth Burgos'],https://legiscan.com/NY/bill/A10556/2023,0,0,0,0,Pending - Low Exposure,0,0,0,0,0,15,2,12,1
NY,New York,A10231,"Establishes the position of chief artificial intelligence officer and such person's functions, powers and duties; including, but not limited to, developing statewide artificial intelligence policies and governance, coordinating the activities of any and all state departments, boards, commissions, agencies and authorities performing any functions using artificial intelligence tools; makes related provisions.",1,Introduced,2024,2024-05-15,"Program and documentation, Assessments, Training, Responsible individual, General notice, Nondiscrimination",6,AI Policy/Task Forces,"['Michaelle Solages', 'Karines Reyes', 'Gina Sillitti']",https://legiscan.com/NY/bill/A10231/2023,1,1,1,3,Pending - High Exposure,0,0,0,0,0,15,2,12,1
NY,New York,S09104,"Establishes the position of chief artificial intelligence officer and such person's functions, powers and duties; including, but not limited to, developing statewide artificial intelligence policies and governance, coordinating the activities of any and all state departments, boards, commissions, agencies and authorities performing any functions using artificial intelligence tools; makes related provisions.",2,Engrossed,2024,2024-06-04,"Program and documentation, Assessments, Training, Responsible individual, General notice, Nondiscrimination",6,AI Policy/Task Forces,"['Kristen Gonzalez', 'Andrew Gounardes', 'Robert Jackson']",https://legiscan.com/NY/bill/S09104/2023,1,1,1,3,Pending - High Exposure,0,0,0,0,0,15,2,12,1
NY,New York,A08110,Sets rules and procedures for the admissibility of evidence created or processed by artificial intelligence.,1,Introduced,2023,2023-10-13,"Assessments, Explanation/incident reporting",2,General/Other,"['Clyde Vanel', 'Alicia Hyndman', 'Jacob Blumencranz', 'Deborah Glick', 'Dana Levenberg']",https://legiscan.com/NY/bill/A08110/2023,0,0,1,1,Pending - Some Exposure,0,0,0,0,0,15,2,12,1
NY,New York,S08390,Sets rules and procedures for the admissibility of evidence created or processed by artificial intelligence.,1,Introduced,2024,2024-01-26,Assessments,1,General/Other,['Jeremy Cooney'],https://legiscan.com/NY/bill/S08390/2023,0,0,1,1,Pending - Some Exposure,0,0,0,0,0,15,2,12,1
NY,New York,A10103,"Requires the owner, licensee or operator of a generative artificial intelligence system to conspicuously display a warning on the system's user interface that is reasonably calculated to consistently apprise the user that the outputs of the generative artificial intelligence system may be inaccurate and/or inappropriate.",1,Introduced,2024,2024-05-03,Labeling/notification,1,Licensing,"['Clyde Vanel', 'Steven Otis']",https://legiscan.com/NY/bill/A10103/2023,0,0,0,0,Pending - Low Exposure,0,0,0,0,0,15,2,12,1
NY,New York,S09401,Establishes the New York workforce stabilization act; requires certain businesses to conduct artificial intelligence impact assessments on the application and use of such artificial intelligence and to submit such impact assessments to the department of labor prior to the implementation of the artificial intelligence; establishes a surcharge on certain corporations that use artificial intelligence or data mining or have greater than fifteen employees displaced by artificial intelligence of a rate of 2% of the corporation's business income base; defines data mining.,1,Introduced,2024,2024-05-15,Assessments,1,Employment,"['Michelle Hinchey', 'Kristen Gonzalez', 'Robert Jackson']",https://legiscan.com/NY/bill/S09401/2023,0,0,1,1,Pending - Some Exposure,0,0,0,0,0,15,2,12,1
NY,New York,S08138,"Creates a temporary state commission to study and investigate how to regulate artificial intelligence, robotics and automation; repeals such commission.",2,Engrossed,2024,2024-05-08,"Program and documentation, Assessments",2,Financial,['James Sanders'],https://legiscan.com/NY/bill/S08138/2023,0,0,1,1,Pending - Some Exposure,0,0,0,0,0,15,2,12,1
NY,New York,S09450,"Requires the owner, licensee or operator of a generative artificial intelligence system to conspicuously display a warning on the system's user interface that is reasonably calculated to consistently apprise the user that the outputs of the generative artificial intelligence system may be inaccurate and/or inappropriate.",2,Engrossed,2024,2024-06-06,Labeling/notification,1,Licensing,['Kristen Gonzalez'],https://legiscan.com/NY/bill/S09450/2023,0,0,0,0,Pending - Low Exposure,0,0,0,0,0,15,2,12,1
NY,New York,A08195,"Enacts the ""advanced artificial intelligence licensing act""; providing for regulation of advanced artificial intelligence systems (Part A); requiring registration and licensing of high-risk advanced artificial intelligence systems and related provisions regarding the operation of such systems (Part B); establishing the advanced artificial intelligence ethical code of conduct (Part C); and prohibiting the development and operation of certain artificial intelligence systems (Part D).",1,Introduced,2023,2023-10-27,"Program and documentation, Assessments, Responsible individual, General notice, Explanation/incident reporting, Registration, Third-party review, Opt out/appeal",8,Licensing,"['Clyde Vanel', 'Alicia Hyndman', 'Jacob Blumencranz', 'Dana Levenberg']",https://legiscan.com/NY/bill/A08195/2023,0,1,1,2,Pending - High Exposure,0,0,0,0,0,15,2,12,1
NY,New York,A09028,"Requires the disclosure of political communication produced by artificial intelligence technology; defines terms; provides that any person who, with intent to damage a candidate or deceive the electorate, creates and disseminates artificial media shall be guilty of a class E felony; establishes the fair use of artificial intelligence code; makes related provisions.",1,Introduced,2024,2024-02-05,"Program and documentation, General notice, Labeling/notification",3,Elections,['Michael Norris'],https://legiscan.com/NY/bill/A09028/2023,0,1,0,1,Pending - Some Exposure,0,0,0,0,0,15,2,12,1
NY,New York,S07592,Requires disclosure of the use of artificial intelligence in political communications; directs the state board of elections to create criteria for determining whether a political communication contains an image or video footage created through generative artificial intelligence and to create a definition of content generated by artificial intelligence.,1,Introduced,2023,2023-07-07,"Program and documentation, General notice, Labeling/notification",3,Elections,['Jacob Ashby'],https://legiscan.com/NY/bill/S07592/2023,0,1,0,1,Pending - Some Exposure,0,0,0,0,0,15,2,12,1
NY,New York,A07904,Requires disclosure of the use of artificial intelligence in political communications; directs the state board of elections to create criteria for determining whether a political communication contains an image or video footage created through generative artificial intelligence and to create a definition of content generated by artificial intelligence.,1,Introduced,2023,2023-07-19,"Program and documentation, General notice, Labeling/notification",3,Elections,"['Clyde Vanel', 'Alicia Hyndman', 'Jo Simon', 'Chantel Jackson', 'John Zaccaro', 'Amanda Septimo', 'Deborah Glick', 'Dana Levenberg']",https://legiscan.com/NY/bill/A07904/2023,0,1,0,1,Pending - Some Exposure,0,0,0,0,0,15,2,12,1
NY,New York,A08098,"Requires publishers of books created wholly or partially with the use of generative artificial intelligence to disclose such use of generative artificial intelligence before the completion of such sale; applies to all printed and digital books consisting of text, pictures, audio, puzzles, games or any combination thereof.",1,Introduced,2023,2023-09-29,"General notice, Labeling/notification",2,AI Governance,['Jonathan Rivera'],https://legiscan.com/NY/bill/A08098/2023,0,1,0,1,Pending - Some Exposure,0,0,0,0,0,15,2,12,1
NY,New York,A08105,"Requires the collection of oaths of responsible use from users of certain generative or surveillance advanced artificial intelligence systems by the operators of such systems, and transmission of such oaths to the attorney general.",1,Introduced,2023,2023-10-13,"Program and documentation, Responsible individual, General notice",3,Legal/Judicial,"['Clyde Vanel', 'Alicia Hyndman', 'Jacob Blumencranz', 'Deborah Glick', 'Dana Levenberg']",https://legiscan.com/NY/bill/A08105/2023,0,1,0,1,Pending - Some Exposure,0,0,0,0,0,15,2,12,1
NY,New York,A10625,Requires the division of criminal justice services to formulate a protocol for the regulation of the use of artificial intelligence and facial recognition technology in criminal investigations; restricts the use of artificial intelligence-generated outputs in court.,1,Introduced,2024,2024-06-20,"Program and documentation, Assessments, Training, Responsible individual, General notice, Explanation/incident reporting, Third-party review, Opt out/appeal",8,Criminal,['Rodneyse Bichotte Hermelyn'],https://legiscan.com/NY/bill/A10625/2023,0,1,1,2,Pending - High Exposure,0,0,0,0,0,15,2,12,1
NY,New York,S06638,"Enacts the ""political artificial intelligence disclaimer (PAID) act""; requires political communications that use synthetic media to disclose that they were created with the assistance of artificial intelligence; requires committees that use synthetic media to maintain records of such usage.",1,Introduced,2023,2023-05-03,"Program and documentation, General notice, Labeling/notification",3,Deepfakes; Elections,"['Kevin Parker', 'Kristen Gonzalez', 'Leroy Comrie', 'Robert Jackson', 'Julia Salazar', 'Luis Sepulveda']",https://legiscan.com/NY/bill/S06638/2023,0,1,0,1,Pending - Some Exposure,0,0,0,0,0,15,2,12,1
NY,New York,A07106,"Enacts the ""political artificial intelligence disclaimer (PAID) act""; requires political communications that use synthetic media to disclose that they were created with the assistance of artificial intelligence; requires committees that use synthetic media to maintain records of such usage.",1,Introduced,2023,2023-05-10,"Program and documentation, General notice, Labeling/notification",3,Deepfakes; Elections,"['Alex Bores', 'Latrice Walker', 'Alfred Taylor', 'Brian Cunningham', 'John McDonald', 'Nily Rozic', 'Grace Lee', 'Linda Rosenthal', 'Harvey Epstein', 'Yudelka Tapia', 'Jonathan Rivera', 'Kenneth Burgos', 'Eddie Gibbs', 'Maritza Davila', 'Jeffrey Dinowitz', 'Gina Sillitti', 'Robert Carroll', 'Jo Simon', 'Christopher Burdick', 'Maryjane Shimsky', 'Pamela Hunter', 'Chantel Jackson', 'Carrie Woerner']",https://legiscan.com/NY/bill/A07106/2023,0,1,0,1,Pending - Some Exposure,0,0,0,0,0,15,2,12,1
NY,New York,S06402,"Creates a temporary state commission to study and investigate how to regulate artificial intelligence, robotics and automation; repeals such commission.",1,Introduced,2023,2023-04-18,"Program and documentation, Assessments",2,Financial,"['James Sanders', 'Jacob Ashby', 'Lea Webb']",https://legiscan.com/NY/bill/S06402/2023,0,0,1,1,Pending - Some Exposure,0,0,0,0,0,15,2,12,1
NY,New York,A04969,"Creates a temporary state commission to study and investigate how to regulate artificial intelligence, robotics and automation; repeals such commission.",5,Vetoed,2023,2023-11-17,"Program and documentation, Assessments",2,Financial,"['Clyde Vanel', 'George Alvarez', 'Eddie Gibbs', 'Crystal Peoples-Stokes', 'Jacob Blumencranz', 'Steven Otis']",https://legiscan.com/NY/bill/A04969/2023,0,0,1,1,Pending - Some Exposure,0,0,0,0,0,15,2,12,1
NY,New York,A09559,"Creates a temporary state commission to study and investigate how to regulate artificial intelligence, robotics and automation; repeals such commission.",1,Introduced,2024,2024-03-20,"Program and documentation, Assessments",2,Financial,['Clyde Vanel'],https://legiscan.com/NY/bill/A09559/2023,0,0,1,1,Pending - Some Exposure,0,0,0,0,0,15,2,12,1
NY,New York,A10652,"Requires the owner, licensee or operator of a visual or audio generative artificial intelligence system to take steps to prohibit its users from creating unauthorized realistic depictions of public officials.",1,Introduced,2024,2024-07-22,"Program and documentation, General notice, Opt out/appeal",3,Licensing,['Clyde Vanel'],https://legiscan.com/NY/bill/A10652/2023,0,1,0,1,Pending - Some Exposure,0,0,0,0,0,15,2,12,1
NY,New York,S09640,Requires certification of filings produced using generative artificial intelligence; requires the brief of an appellant to contain a disclosure of the use of generative artificial intelligence in the drafting of the brief and certification that the content therein was reviewed and verified by a human.,1,Introduced,2024,2024-05-16,"Program and documentation, General notice",2,Licensing,['Brad Hoylman-Sigal'],https://legiscan.com/NY/bill/S09640/2023,0,1,0,1,Pending - Some Exposure,0,0,0,0,0,15,2,12,1
NY,New York,S08206,"Requires the collection of oaths of responsible use from users of certain generative or surveillance advanced artificial intelligence systems by the operators of such systems, and transmission of such oaths to the attorney general.",1,Introduced,2024,2024-01-12,"Program and documentation, Responsible individual, General notice",3,Legal/Judicial,['Jeremy Cooney'],https://legiscan.com/NY/bill/S08206/2023,0,1,0,1,Pending - Some Exposure,0,0,0,0,0,15,2,12,1
NY,New York,A08158,"Requires that every newspaper, magazine or other publication printed or electronically published in this state, which contains the use of generative artificial intelligence or other information communication technology, shall identify that certain parts of such newspaper, magazine, or publication were composed through the use of artificial intelligence or other information communication technology.",1,Introduced,2023,2023-10-16,Labeling/notification,1,General/Other,"['Patricia Fahy', 'Juan Ardila', 'Albert Stirpe', 'John McDonald', 'Jennifer Lunsford', 'Jo Simon']",https://legiscan.com/NY/bill/A08158/2023,0,0,0,0,Pending - Low Exposure,0,0,0,0,0,15,2,12,1
NY,New York,S07847,"Requires that every newspaper, magazine or other publication printed or electronically published in this state, which contains the use of generative artificial intelligence or other information communication technology, shall identify that certain parts of such newspaper, magazine, or publication were composed through the use of artificial intelligence or other information communication technology.",1,Introduced,2024,2024-01-03,Labeling/notification,1,General/Other,['Lea Webb'],https://legiscan.com/NY/bill/S07847/2023,0,0,0,0,Pending - Low Exposure,0,0,0,0,0,15,2,12,1
NY,New York,S07922,"Requires publishers of books created wholly or partially with the use of generative artificial intelligence to disclose such use of generative artificial intelligence before the completion of such sale; applies to all printed and digital books consisting of text, pictures, audio, puzzles, games or any combination thereof.",1,Introduced,2024,2024-01-03,Labeling/notification,1,AI Governance,['Nathalia Fernandez'],https://legiscan.com/NY/bill/S07922/2023,0,0,0,0,Pending - Low Exposure,0,0,0,0,0,15,2,12,1
NY,New York,A09149,"Provides for notice requirements where an insurer authorized to write accident and health insurance in this state, a corporation organized pursuant to article forty-three of this chapter, or a health maintenance organization certified pursuant to article forty-four of the public health law uses artificial intelligence-based algorithms in the utilization review process.",1,Introduced,2024,2024-02-08,"Program and documentation, Assessments, General notice, Nondiscrimination",4,Healthcare,['Pamela Hunter'],https://legiscan.com/NY/bill/A09149/2023,1,1,1,3,Pending - High Exposure,0,0,0,0,0,15,2,12,1
NY,New York,S08755,Establishes the New York artificial intelligence ethics commission.,1,Introduced,2024,2024-03-07,"Program and documentation, Assessments, Responsible individual, Nondiscrimination",4,AI Policy/Task Forces,"['Kevin Parker', 'Leroy Comrie', 'Nathalia Fernandez', 'Luis Sepulveda']",https://legiscan.com/NY/bill/S08755/2023,1,0,1,2,Pending - High Exposure,0,0,0,0,0,15,2,12,1
NY,New York,S09542,"Prohibits the publication of a digital or physical newspaper, magazine, or periodical which was wholly or partially produced or edited through the use of artificial intelligence without significant human oversight.",1,Introduced,2024,2024-05-16,"Program and documentation, General notice",2,AI Governance,['James Skoufis'],https://legiscan.com/NY/bill/S09542/2023,0,1,0,1,Pending - Some Exposure,0,0,0,0,0,15,2,12,1
NY,New York,S08214,Requires the registration of certain companies whose primary business purpose is related to artificial intelligence as evidenced by their NAIC code.,1,Introduced,2024,2024-01-12,Registration,1,Licensing,['Kevin Thomas'],https://legiscan.com/NY/bill/S08214/2023,0,0,0,0,Pending - Low Exposure,0,0,0,0,0,15,2,12,1
NY,New York,A07634,Excludes a production using artificial intelligence or autonomous vehicles in a manner which results in the displacement of employees whose salaries are qualified expenses from the definition of qualified film for the purposes of the empire state film production credit.,1,Introduced,2023,2023-05-25,"Program and documentation, Nondiscrimination",2,Vehicles; Financial,"['Demond Meeks', 'Angelo Santabarbara', 'Zohran Kwame Mamdani', 'Chantel Jackson', 'Khaleel Anderson', 'John Zaccaro', 'Eddie Gibbs', 'Sarah Clark', 'Juan Ardila', 'Michaelle Solages', 'Brian Cunningham', 'Linda Rosenthal', 'Harry Bronson']",https://legiscan.com/NY/bill/A07634/2023,1,0,0,1,Pending - Some Exposure,0,0,0,0,0,15,2,12,1
NY,New York,S07422,Excludes a production using artificial intelligence or autonomous vehicles in a manner which results in the displacement of employees whose salaries are qualified expenses from the definition of qualified film for the purposes of the empire state film production credit.,1,Introduced,2023,2023-05-24,"Program and documentation, Nondiscrimination",2,Vehicles; Financial,"['Lea Webb', 'Leroy Comrie', 'Jessica Ramos', 'Julia Salazar']",https://legiscan.com/NY/bill/S07422/2023,1,0,0,1,Pending - Some Exposure,0,0,0,0,0,15,2,12,1
NY,New York,A00216,"Requires advertisements to disclose the use of a synthetic performer; imposes a $1,000 civil penalty for a first violation and a $5,000 penalty for any subsequent violation.",1,Introduced,2023,2023-01-04,Labeling/notification,1,Deepfakes; Criminal,"['Linda Rosenthal', 'Deborah Glick', 'Aileen Gunther', 'Dana Levenberg', 'Maryjane Shimsky', 'Jo Simon', 'John Zaccaro', 'Angelo Santabarbara', 'Harry Bronson']",https://legiscan.com/NY/bill/A00216/2023,0,0,0,0,Pending - Low Exposure,0,0,0,0,0,15,2,12,1
NY,New York,A10583,"Prohibits state agencies and state-owned entities from utilizing large language models or any artificial intelligence systems to make decisions that affect individuals' rights, benefits, or services; requires such decisions to be made by human personnel of the respective state agency or state-owned entity; provides exceptions; provides for enforcement.",1,Introduced,2024,2024-06-20,"Program and documentation, Nondiscrimination",2,Government,['Rodneyse Bichotte Hermelyn'],https://legiscan.com/NY/bill/A10583/2023,1,0,0,1,Pending - Some Exposure,0,1,0,1,0,15,2,12,1
NY,New York,A05309,Requires state units to purchase a product or service that is or contains an algorithmic decision system that adheres to responsible artificial intelligence standards; specifies content included in responsible artificial intelligence standards; requires the commissioner of taxation and finance to adopt certain regulations; alters the definition of unlawful discriminatory practice to include acts performed through algorithmic decision systems.,1,Introduced,2023,2023-03-07,"Program and documentation, Assessments, General notice, Nondiscrimination",4,Financial,['Michaelle Solages'],https://legiscan.com/NY/bill/A05309/2023,1,1,1,3,Pending - High Exposure,0,0,0,0,0,15,2,12,1
NY,New York,A07838,"Requires the department of labor to study the long-term impact of artificial intelligence on the state workforce including but not limited to on job performance, productivity, training, education requirements, privacy and security; prohibits any state entity from using artificial intelligence in any way that would displace any natural person from their employment with such state entity until the department's final report is received.",1,Introduced,2023,2023-07-07,"Assessments, Nondiscrimination",2,Education; Privacy; Employment,['Brian Cunningham'],https://legiscan.com/NY/bill/A07838/2023,1,0,1,2,Pending - High Exposure,0,0,0,0,0,15,2,12,1
NY,New York,A09103,"Requires any political communication, whether made by phone call, email or other message-based communication, that utilizes an artificial intelligence system to engage in human-like conversation with another shall, by reasonable means, apprise the person of the fact that they are communicating with an artificial intelligence system.",1,Introduced,2024,2024-02-07,Labeling/notification,1,Elections,['Clyde Vanel'],https://legiscan.com/NY/bill/A09103/2023,0,0,0,0,Pending - Low Exposure,0,0,0,0,0,15,2,12,1
NY,New York,A09181,"Enacts the ""Swift Act""; defines terms; requires social media platforms to promptly remove unlawful publications of intimate images within twenty-four hours of the submission of the report; provides for attorney general enforcement; makes unlawful dissemination or publication of an intimate image a class E felony.",1,Introduced,2024,2024-02-12,"Program and documentation, General notice",2,Digital Content/IP,['Jacob Blumencranz'],https://legiscan.com/NY/bill/A09181/2023,0,1,0,1,Pending - Some Exposure,0,0,0,0,0,15,2,12,1
NY,New York,A10364,Requires the registration of certain companies whose primary business purpose is related to artificial intelligence as evidenced by their NAIC code.,1,Introduced,2024,2024-05-21,Registration,1,Licensing,['Alex Bores'],https://legiscan.com/NY/bill/A10364/2023,0,0,0,0,Pending - Low Exposure,0,0,0,0,0,15,2,12,1
NY,New York,S06859,"Requires advertisements to disclose the use of a synthetic performer; imposes a $1,000 civil penalty for a first violation and a $5,000 penalty for any subsequent violation.",1,Introduced,2023,2023-05-11,"General notice, Labeling/notification",2,Deepfakes; Criminal,['Michael Gianaris'],https://legiscan.com/NY/bill/S06859/2023,0,1,0,1,Pending - Some Exposure,0,0,0,0,0,15,2,12,1
NY,New York,A08129,"Enacts the New York artificial intelligence bill of rights to provide residents of the state with rights and protections to ensure that any system making decisions without human intervention impacting their lives do so lawfully, properly, and with meaningful oversight.",1,Introduced,2023,2023-10-13,"Program and documentation, Assessments, General notice, Explanation/incident reporting, Third-party review, Opt out/appeal, Nondiscrimination",7,AI Governance,"['Clyde Vanel', 'Rodneyse Bichotte Hermelyn', 'Alicia Hyndman', 'Jacob Blumencranz', 'Dana Levenberg']",https://legiscan.com/NY/bill/A08129/2023,1,1,1,3,Pending - High Exposure,0,0,0,0,0,15,2,12,1
NY,New York,S08209,"Enacts the New York artificial intelligence bill of rights to provide residents of the state with rights and protections to ensure that any system making decisions without human intervention impacting their lives do so lawfully, properly, and with meaningful oversight.",1,Introduced,2024,2024-01-12,"Program and documentation, Assessments, General notice, Explanation/incident reporting, Third-party review, Opt out/appeal, Nondiscrimination",7,AI Governance,"['Jeremy Cooney', 'Kevin Parker']",https://legiscan.com/NY/bill/S08209/2023,1,1,1,3,Pending - High Exposure,0,0,0,0,0,15,2,12,1
NY,New York,A09054,"Prohibits political communication containing any photo, video or audio depiction of a candidate created in whole or in part through the use of generative artificial intelligence.",1,Introduced,2024,2024-02-05,General notice,1,Elections,['Jenifer Rajkumar'],https://legiscan.com/NY/bill/A09054/2023,0,1,0,1,Pending - Some Exposure,0,0,0,0,0,15,2,12,1
NY,New York,A09430,Enacts the legislative oversight of automated decision-making in government act (LOADinG Act) to regulate the use of automated decision-making systems and artificial intelligence techniques by state agencies.,1,Introduced,2024,2024-03-14,"Program and documentation, Assessments, General notice",3,Government,"['Steven Otis', 'Angelo Santabarbara', 'Karines Reyes', 'Andrew Hevesi', 'Linda Rosenthal', 'Matthew Slater', 'Grace Lee']",https://legiscan.com/NY/bill/A09430/2023,0,1,1,2,Pending - High Exposure,0,0,0,0,0,15,2,12,1
NY,New York,S07543,Enacts the legislative oversight of automated decision-making in government act (LOADinG Act) to regulate the use of automated decision-making systems and artificial intelligence techniques by state agencies.,4,Passed,2024,2024-12-21,"Program and documentation, Assessments, General notice, Nondiscrimination",4,Government,"['Kristen Gonzalez', 'Jabari Brisport', 'Leroy Comrie', 'Jeremy Cooney', 'Andrew Gounardes', 'Peter Harckham', 'Robert Jackson', 'Liz Krueger', 'John Liu', 'Zellnor Myrie', 'Kevin Parker', 'Julia Salazar', 'Jessica Scarcella-Spanton', 'Luis Sepulveda', 'Kevin Thomas', 'Lea Webb']",https://legiscan.com/NY/bill/S07543/2023,1,1,1,3,High Risk,0,0,0,0,0,15,2,12,1
NY,New York,S05641,Establishes criteria for the use of automated employment decision tools; provides for enforcement for violations of such criteria.,1,Introduced,2023,2023-03-10,"Assessments, General notice, Nondiscrimination",3,Employment,['Leroy Comrie'],https://legiscan.com/NY/bill/S05641/2023,1,1,1,3,Pending - High Exposure,0,0,0,0,0,15,2,12,1
NY,New York,A06790,Prohibits the creation and dissemination of synthetic media within sixty days of an election with intent to unduly influence the outcome of an election; makes such act a class E felony.,1,Introduced,2023,2023-05-08,"Program and documentation, General notice",2,Deepfakes; Elections,"['Clyde Vanel', 'Rodneyse Bichotte Hermelyn', 'Alicia Hyndman', 'Jo Simon', 'Chantel Jackson', 'John Zaccaro', ""Daniel O'Donnell"", 'Patricia Fahy', 'Dana Levenberg']",https://legiscan.com/NY/bill/A06790/2023,0,1,0,1,Pending - Some Exposure,0,0,0,0,0,15,2,12,1
NY,New York,S08400,Prohibits the creation and dissemination of synthetic media within sixty days of an election with intent to unduly influence the outcome of an election; makes such act a class E felony.,1,Introduced,2024,2024-01-26,"Program and documentation, General notice",2,Deepfakes; Elections,['Jeremy Cooney'],https://legiscan.com/NY/bill/S08400/2023,0,1,0,1,Pending - Some Exposure,0,0,0,0,0,15,2,12,1
NY,New York,S09381,"Imposes liability for misleading, incorrect, contradictory or harmful information to a user by a chatbot that results in financial loss or other demonstrable harm.",1,Introduced,2024,2024-05-14,"Program and documentation, General notice",2,Financial,['Kristen Gonzalez'],https://legiscan.com/NY/bill/S09381/2023,0,1,0,1,Pending - Some Exposure,0,0,0,0,0,15,2,12,1
NY,New York,A10494,"Imposes liability for misleading, incorrect, contradictory or harmful information to a user by a chatbot that results in financial loss or other demonstrable harm.",1,Introduced,2024,2024-05-29,"Program and documentation, General notice",2,Financial,['Clyde Vanel'],https://legiscan.com/NY/bill/A10494/2023,0,1,0,1,Pending - Some Exposure,0,0,0,0,0,15,2,12,1
NY,New York,A06789,Requires social media companies to post terms of service for each social media platform owned or operated by the company in a manner reasonably designed to inform all users of the social media platform of the existence and contents of the terms of service; requires social media companies to submit to the attorney general certain terms of service reports; provides remedies for violations.,1,Introduced,2023,2023-05-08,"Program and documentation, General notice",2,Social Media,"['Grace Lee', 'Inez Dickens', 'Keith Brown', 'Maryjane Shimsky', 'Jessica Gonzalez-Rojas', 'David Weprin', 'William Colton', 'Tony Simone', 'Deborah Glick', 'Jo Simon', 'Charles Lavine', 'Rebecca Seawright', 'Christopher Burdick', 'Jenifer Rajkumar', 'Nily Rozic', 'Linda Rosenthal', 'Harvey Epstein', 'Steven Raga', 'Michael Novakhov']",https://legiscan.com/NY/bill/A06789/2023,0,1,0,1,Pending - Some Exposure,0,0,0,0,0,15,2,12,1
NY,New York,S00895,Requires social media companies to post terms of service for each social media platform owned or operated by the company in a manner reasonably designed to inform all users of the social media platform of the existence and contents of the terms of service; requires social media companies to submit to the attorney general certain terms of service reports; provides remedies for violations.,4,Passed,2024,2024-12-21,"Program and documentation, General notice",2,Social Media,"['Brad Hoylman-Sigal', 'Nathalia Fernandez', 'Zellnor Myrie', 'Julia Salazar', 'Luis Sepulveda']",https://legiscan.com/NY/bill/S00895/2023,0,1,0,1,Moderate Risk,0,0,0,0,0,15,2,12,1
NY,New York,A06775,"Establishes the crime of unlawful dissemination or publication of a fabricated photographic, videographic, or audio record as a class E felony.",1,Introduced,2023,2023-05-08,Program and documentation,1,Criminal,"['Clyde Vanel', 'Alicia Hyndman', 'Jo Simon', 'John Zaccaro', 'Deborah Glick', ""Daniel O'Donnell"", 'Dana Levenberg']",https://legiscan.com/NY/bill/A06775/2023,0,0,0,0,Pending - Low Exposure,0,0,0,0,0,15,2,12,1
NY,New York,S07676,Establishes contract requirements for contracts involving the creation and use of digital replicas.,4,Passed,2024,2024-12-13,"Program and documentation, General notice, Opt out/appeal",3,Digital Content/IP,['Jessica Ramos'],https://legiscan.com/NY/bill/S07676/2023,0,1,0,1,Moderate Risk,0,0,0,0,0,15,2,12,1
NY,New York,S09439,"Prohibits the manufacture, modification, sale, transfer, equipping, use, or operation of a robotic device or an uncrewed aircraft equipped or mounted with a weapon within the state.",1,Introduced,2024,2024-05-15,"Program and documentation, General notice, Opt out/appeal",3,Weapons/Defense,['Jeremy Cooney'],https://legiscan.com/NY/bill/S09439/2023,0,1,0,1,Pending - Some Exposure,0,0,0,0,0,15,2,12,1
NY,New York,A08138,Establishes contract requirements for contracts involving the creation and use of digital replicas.,1,Introduced,2023,2023-10-13,"Program and documentation, General notice, Opt out/appeal",3,Digital Content/IP,"['Helene Weinstein', 'Linda Rosenthal', 'Harry Bronson', 'Alex Bores']",https://legiscan.com/NY/bill/A08138/2023,0,1,0,1,Pending - Some Exposure,0,0,0,0,0,15,2,12,1
NY,New York,A08179,Imposes a tax on certain businesses when people are displaced from their employment due to certain technologies based on the sum of any taxes or fees imposed by the state or any political subdivision thereof computed based on a displaced employee's wage.,1,Introduced,2023,2023-10-27,Program and documentation,1,Elections; Employment,"['Patrick Burke', 'Karines Reyes', 'Manny De Los Santos', 'Michaelle Solages']",https://legiscan.com/NY/bill/A08179/2023,0,0,0,0,Pending - Low Exposure,0,0,1,1,0,15,2,12,1
NY,New York,K00330,Honoring Calyampudi (C.R.) Radhakrishna Rao upon the occasion of his special designation as recipient of the 2023 International Prize in Statistics,4,Passed,2023,2023-04-24,,0,General/Other,['Karen McMahon'],https://legiscan.com/NY/bill/K00330/2023,0,0,0,0,Low Risk,0,0,0,0,0,15,2,12,1
NY,New York,A07501,"Creates a state office of algorithmic innovation to set policies and standards to ensure algorithms are safe, effective, fair, and ethical, and that the state is conducive to promoting algorithmic innovation.",1,Introduced,2023,2023-05-25,"Program and documentation, Responsible individual",2,AI Governance,"['Jenifer Rajkumar', 'George Alvarez', 'Inez Dickens', 'Keith Brown']",https://legiscan.com/NY/bill/A07501/2023,0,0,0,0,Pending - Low Exposure,0,0,0,0,0,15,2,12,1
NY,New York,A07859,Requires employers and employment agencies to notify candidates for employment if machine learning technology is used to make hiring decisions prior to the use of such technology.,1,Introduced,2023,2023-07-07,"General notice, Labeling/notification, Opt out/appeal",3,Elections; Employment,"['Linda Rosenthal', 'Deborah Glick', 'Dana Levenberg', 'Maryjane Shimsky', 'Jo Simon', 'Taylor Darling', 'Alex Bores']",https://legiscan.com/NY/bill/A07859/2023,0,1,0,1,Pending - Some Exposure,0,0,0,0,0,15,2,12,1
NY,New York,A09488,Prohibits food service establishments from using a dynamic pricing model in determining the prices on its menu; requires fixed prices be published on a food service establishment's menu.,1,Introduced,2024,2024-03-14,"Program and documentation, General notice",2,AI Governance,['Angelo Santabarbara'],https://legiscan.com/NY/bill/A09488/2023,0,1,0,1,Pending - Some Exposure,0,0,0,0,0,15,2,12,1
NY,New York,A10260,Prohibits the use of materially deceptive media in political communications when the information content provider that creates the communication has actual knowledge that such communication is materially deceptive without disclosing such use.,1,Introduced,2024,2024-05-15,"Program and documentation, Labeling/notification",2,Deepfakes; Elections,['Alex Bores'],https://legiscan.com/NY/bill/A10260/2023,0,0,0,0,Pending - Low Exposure,0,0,0,0,0,15,2,12,1
NY,New York,A10374,"Prohibits the manufacture, modification, sale, transfer, equipping, use, or operation of a robotic device or an uncrewed aircraft equipped or mounted with a weapon within the state.",1,Introduced,2024,2024-05-21,"Program and documentation, General notice, Opt out/appeal",3,Weapons/Defense,"['Clyde Vanel', 'Jennifer Lunsford']",https://legiscan.com/NY/bill/A10374/2023,0,1,0,1,Pending - Some Exposure,0,0,0,0,0,15,2,12,1
NY,New York,A09553,"Establishes the ""blue-ribbon commission on the future of New York state's service delivery system for individuals with intellectual and developmental disabilities act"" to conduct a study and prepare a report to examine, evaluate and make recommendations for systemic reforms to ensure a sustainable set of supports and services that meets the evolving needs of all individuals with intellectual and developmental disabilities.",2,Engrossed,2024,2024-05-22,"Program and documentation, Assessments",2,AI Policy/Task Forces,"['Rebecca Seawright', 'Stefani Zinerman', 'Christopher Burdick']",https://legiscan.com/NY/bill/A09553/2023,0,0,1,1,Pending - Some Exposure,0,0,0,0,0,15,2,12,1
NY,New York,S08782,"Establishes the ""blue-ribbon commission on the future of New York state's service delivery system for individuals with intellectual and developmental disabilities act"" to conduct a study and prepare a report to examine, evaluate and make recommendations for systemic reforms to ensure a sustainable set of supports and services that meets the evolving needs of all individuals with intellectual and developmental disabilities.",1,Introduced,2024,2024-03-11,"Program and documentation, Assessments",2,AI Policy/Task Forces,['John Mannion'],https://legiscan.com/NY/bill/S08782/2023,0,0,1,1,Pending - Some Exposure,0,0,0,0,0,15,2,12,1
NY,New York,A04534,"Relates to classroom safety mechanisms, emergency medical equipment, and evidence-based best practices for school safety planning and training.",1,Introduced,2023,2023-02-16,"Program and documentation, Training, Responsible individual",3,Healthcare; Education,"['Alicia Hyndman', 'William Magnarelli', 'Eddie Gibbs', 'Nader Sayegh', 'Keith Brown', 'Karl Brabenec', 'Michael Reilly', 'Vivian Cook', 'William Colton']",https://legiscan.com/NY/bill/A04534/2023,0,0,0,0,Pending - Low Exposure,0,0,0,0,0,15,2,12,1
NY,New York,S08305,"Enacts into law major components of legislation necessary to implement the state public protection and general government budget for the 2024-2025 state fiscal year; establishes the crime of assault on a retail worker (Part A); establishes the crime of fostering the sale of stolen goods as a class A misdemeanor (Part B); adds to the list of specified offenses that constitutes a hate crime (Part C); authorizes the governor to close correctional facilities upon notice to the legislature (Part D); suspends the transfer of monies into the emergency services revolving loan fund from the public safety communications account for the 2024-2025 and 2025-2026 state fiscal years (Part E); enacts the New York State Judicial Security Act to increase the safety and security of judges and their immediate families; permits eligible individuals to request that the chief administrator of the court order entities to cease making certain personal information public; establishes the offenses of aggravated harassment of a judge (Part F); relates to enforcement of certain provisions of the cannabis law by the office of cannabis management and localities (Part G); relates to notifying municipalities of the filing of certain applications and that proof of notification must be provided at the time of application; authorizes the issuance of temporary permits for the sale of beer, wine, cider, mead and/or braggot, and liquor at outdoor or indoor gatherings, functions or events (Part H); relates to establishing a temporary wholesale permit (part I); extends provisions of law relating to the powers of the state liquor authority (Part J); extends provisions relating to liquidator's permits and temporary retail permits (Part K); provides for paid prenatal personal leave (Part M); provides that nonjudicial officers and employees of the unified court system hired after July 1, 2025, and employees of the assembly, the senate, joint legislative employees of the assembly and the senate and certain employees of the executive branch hired after July 1, 2025, shall not be subject to the withholding of five days salary on their first five payment dates (Part Q); relates to county-wide shared services; provides for the administration of certain monies by the secretary of state; relates to unexpended fund balances incurred for the incorporation if a village is not incorporated (Part U); provides for reforms to the local government efficiency grant program (Part W); extends provisions authorizing retail licensees for on-premises consumption to sell and deliver alcoholic beverages for off-premises consumption (Part Y); includes harassment of certain employees of a transit agency or authority to assault in the second degree (Part Z); maintains actions against certain adolescent offenders accused of certain sexual offenses in criminal court (Part AA); relates to the distribution of surplus realized by a tax district upon the sale of tax-foreclosed property and creating a homeowner bill of rights (Part BB); relates to alcohol in certain motion picture theatres; provides for the repeal of such provisions upon the expiration thereof (Part CC); deems the objects or purposes for which certain bonds were issued by the city of Buffalo as being for a police training center and shooting range located at 379 Paderewski Drive; authorizes the expenditure of the proceeds from such bonds for such objects or purposes (Part DD); establishes twenty-five year retirement programs for members of the New York city employees' retirement system employed as fire protection inspectors and associate fire protection inspectors (Part EE); allows the value of goods or merchandise stolen pursuant to a common scheme or plan to be determined in the aggregate for the purpose of grand larceny offenses; exempts grand larceny offenses from the definition of persistent felony offender (Part FF); extends the retiree earnings limitation waiver for school employees by one year, until June 30, 2025 (Part GG); adds a heart bill performance of duty disability provision for SUNY police officers who are members of the NYS Local Police and Fire Retirement System (Part HH); relates to the pensionable earnings of first grade police officers of the New York city police department (Part II); modifies the calculation of past service credit for police officers employed by the division of law enforcement in the department of environmental protection in the city of New York transferring between the New York city employees' retirement system to the New York state and local police and fire retirement system (Part JJ); extends provisions setting certain member contribution rates until April 1, 2026 (Part KK).",1,Introduced,2024,2024-01-17,Program and documentation,1,Education; Privacy; Employment; Government; Criminal; Financial,['Budget'],https://legiscan.com/NY/bill/S08305/2023,0,0,0,0,Pending - Low Exposure,0,0,0,0,0,15,2,12,1
NY,New York,S07623,Restricts the use by an employer or an employment agency of electronic monitoring or an automated employment decision tool to screen a candidate or employee for an employment decision unless such tool has been the subject of an impact assessment within the last year; requires notice to employment candidates of the use of such tools; provides remedies for violations.,1,Introduced,2023,2023-08-04,"Assessments, Responsible individual, General notice, Explanation/incident reporting, Third-party review, Opt out/appeal",6,Elections; Employment,"['Brad Hoylman-Sigal', 'Robert Jackson']",https://legiscan.com/NY/bill/S07623/2023,0,1,1,2,Pending - High Exposure,0,0,0,0,0,15,2,12,1
NY,New York,A09315,Restricts the use by an employer or an employment agency of electronic monitoring or an automated employment decision tool to screen a candidate or employee for an employment decision unless such tool has been the subject of an impact assessment within the last year; requires notice to employment candidates of the use of such tools; provides remedies for violations.,1,Introduced,2024,2024-02-28,"Program and documentation, Assessments, General notice, Explanation/incident reporting, Third-party review, Opt out/appeal, Nondiscrimination",7,Elections; Employment,['George Alvarez'],https://legiscan.com/NY/bill/A09315/2023,1,1,1,3,Pending - High Exposure,0,0,0,0,0,15,2,12,1
NY,New York,A08328,Restricts the use by an employer or an employment agency of electronic monitoring or an automated employment decision tool to screen a candidate or employee for an employment decision unless such tool has been the subject of a bias audit within the last year and the results of such audit have been made public; requires notice to employment candidates of the use of such tools; provides remedies; makes a conforming change to the civil rights law.,1,Introduced,2023,2023-12-13,"Program and documentation, Assessments, Responsible individual, General notice, Explanation/incident reporting, Third-party review, Opt out/appeal, Nondiscrimination",8,Elections; Employment,['Latoya Joyner'],https://legiscan.com/NY/bill/A08328/2023,1,1,1,3,Pending - High Exposure,0,0,0,0,0,15,2,12,1
NY,New York,S01739,Relates to the regulation of street vendors in cities with a population of one million or more by authorizing such cities to adopt a program to regulate street vendors; requires street vendors to obtain a permit; provides for penalties for failure to comply with such regulations.,1,Introduced,2023,2023-01-13,,0,General/Other,"['Jessica Ramos', 'Jabari Brisport', 'Kristen Gonzalez', 'Peter Harckham', 'Robert Jackson', 'Gustavo Rivera', 'Julia Salazar', 'Luis Sepulveda', 'Jose Serrano']",https://legiscan.com/NY/bill/S01739/2023,0,0,0,0,Pending - Low Exposure,0,0,0,0,0,15,2,12,1
NY,New York,A03575,Relates to the regulation of street vendors in cities with a population of one million or more by authorizing such cities to adopt a program to regulate street vendors; requires street vendors to obtain a permit; provides for penalties for failure to comply with such regulations.,1,Introduced,2023,2023-02-03,,0,General/Other,"['Jessica Gonzalez-Rojas', 'Latoya Joyner', 'Deborah Glick', 'Maritza Davila', 'Nily Rozic', 'Christopher Burdick', 'Rebecca Seawright', 'Harvey Epstein', 'Kenneth Burgos', 'Chantel Jackson', 'Phara Souffrant Forrest', 'Zohran Kwame Mamdani', 'Jo Simon', 'Marcela Mitaynes', 'Emily Gallagher', 'Catalina Cruz', 'Alfred Taylor', 'Albert Stirpe', 'Amanda Septimo', 'Manny De Los Santos', 'Eddie Gibbs', 'Jonathan Rivera']",https://legiscan.com/NY/bill/A03575/2023,0,0,0,0,Pending - Low Exposure,0,0,0,0,0,15,2,12,1
NY,New York,A08808,"Enacts into law major components of legislation necessary to implement the state transportation, economic development and environmental conservation budget for the 2024-2025 state fiscal year; extends the effectiveness of certain provisions relating to the financing of mass transportation by certain municipal corporations (Part A); provides for mass transportation payments to the Capital District Transportation District; adds Warren county to such district (Part E); extends provisions of law relating to the accident prevention course internet technology pilot program from April 1, 2024 until April 1, 2026 (Part F); extends certain provisions of law relating to certain motor vehicle transaction fees and costs of the department of motor vehicles (Part G); extends provisions of law relating to motor vehicles equipped with autonomous vehicle technology (Part J); enacts the stretch limousine passenger safety act (Part K); enacts the waterfront commission act to regulate the occupations of longshore workers, stevedores, pier superintendents, hiring agents and security officers to preserve the rights of such workers and the economic stability of the port of New York district; repeals provisions of law relating to waterfront employment and air freight industry regulation (Part L); extends provisions relating to the clean energy resources and development and incentives program until April 19, 2030; relates to renewable energy generation projects and qualified energy storage systems (Part M); authorizes the New York state energy research and development authority to finance a portion of its research, development and demonstration, policy and planning, and Fuel NY program, as well as climate change related expenses of the department of environmental conservation from an assessment on gas and electric corporations; directs unused funds to be refunded on a pro-rata basis to such gas and electric corporations (Part N); enacts the ""renewable action through project interconnection and deployment (RAPID) act"" to timely achieve certain renewable energy and greenhouse gas reduction targets; transfers the functions of the office of renewable energy siting to the department of public service and accelerating the permitting of electric utility transmission facilities; makes related provisions (Part O); authorizes utility and cable television assessments that provide funds to the department of health from cable television assessment revenues and to the department of agriculture and markets, department of environmental conservation, department of state, and the office of parks, recreation and historic preservation from utility assessment revenues (Part Q); authorizes state assistance payments toward climate smart community projects of up to eighty percent to municipalities that meet criteria relating to financial hardship or disadvantaged communities; provides that financial hardship is determined by whether a municipality has a median household income at or below eighty percent of the state median household income (Part S); relates to air quality control program fees and ozone non-attainment fee programs; establishes the air quality improvement fund (Part T); extends provisions of law relating to the powers and duties of the dormitory authority to establish subsidiaries (Part V); relates to the Battery Park city authority's authorization to issue bonds and notes (Part W); increases the cap on grants to entrepreneurship assistance centers (Part X); extends provisions of law relating to the New York state infrastructure trust fund to July 1, 2025 (Part Y); extends the authority of the New York state urban development corporation to administer the empire state economic development fund (Part Z); extends provisions of law relating to the powers of the New York state urban development corporation act to make loans (Part AA); extends provisions of the New York state health insurance continuation assistance demonstration project (Part BB); provides that covered prescription insulin drugs shall not be subject to deductible, copayment, coinsurance or other cost sharing requirements (Part EE); extends certain provisions relating to permitting videoconferencing and remote participation in public meetings (Part KK); relates to reinsurance, credits for assessments paid; relates to credit relating to life and health insurance guaranty corporation assessments (Part LL); enacts the ""artificial intelligence deceptive practices act""; provides for privacy rights involving digitization (Subpart A); requires disclosure of the use of digitization in political communications (Subpart B) (Part MM); relates to rates for livery insurance (Part NN); allows regional economic development council awardees to certify that they offer youth internship opportunities (Part OO); establishes a sales tax exemption for residential energy storage systems equipment (Part PP); directs the New York state energy research and development authority to conduct a highway and depot charging needs evaluation (Part QQ); authorizes the state to consent to binding arbitration with respect to certain contracts adopted by the Gateway Development Commission (Part RR); establishes a local authorities searchable subsidy and economic development benefits database (Subpart A); provides for the applicability of open meetings and freedom of information laws to state and local authorities (Subpart B) (Part SS); establishes the New York state empire artificial intelligence research program and the empire AI consortium; sets forth the plan of operation and financial oversight of the empire AI consortium (Subpart A); authorizes the state university of New York at Buffalo to lease a portion of lands to the empire AI consortium to create and launch a state-of-the-art artificial intelligence computing center (Subpart B) (Part TT).",4,Passed,2024,2024-04-20,"Program and documentation, General notice, Registration, Opt out/appeal",4,Healthcare; Elections; Education; Privacy; Employment; Children; Vehicles; Financial,['Budget'],https://legiscan.com/NY/bill/A08808/2023,0,1,0,1,Moderate Risk,1,0,1,1,0,15,2,12,1
NY,New York,S08308,"Enacts into law major components of legislation necessary to implement the state transportation, economic development and environmental conservation budget for the 2024-2025 state fiscal year; extends the effectiveness of certain provisions relating to the financing of mass transportation by certain municipal corporations (Part A); provides for mass transportation payments to the Capital District Transportation District; adds Warren county to such district (Part E); extends provisions of law relating to the accident prevention course internet technology pilot program from April 1, 2024 until April 1, 2026 (Part F); extends certain provisions of law relating to certain motor vehicle transaction fees and costs of the department of motor vehicles (Part G); extends provisions of law relating to motor vehicles equipped with autonomous vehicle technology (Part J); enacts the stretch limousine passenger safety act (Part K); enacts the waterfront commission act to regulate the occupations of longshore workers, stevedores, pier superintendents, hiring agents and security officers to preserve the rights of such workers and the economic stability of the port of New York district; repeals provisions of law relating to waterfront employment and air freight industry regulation (Part L); extends provisions relating to the clean energy resources and development and incentives program until April 19, 2030; relates to renewable energy generation projects and qualified energy storage systems (Part M); authorizes the New York state energy research and development authority to finance a portion of its research, development and demonstration, policy and planning, and Fuel NY program, as well as climate change related expenses of the department of environmental conservation from an assessment on gas and electric corporations; directs unused funds to be refunded on a pro-rata basis to such gas and electric corporations (Part N); enacts the ""renewable action through project interconnection and deployment (RAPID) act"" to timely achieve certain renewable energy and greenhouse gas reduction targets; transfers the functions of the office of renewable energy siting to the department of public service and accelerating the permitting of electric utility transmission facilities; makes related provisions (Part O); authorizes utility and cable television assessments that provide funds to the department of health from cable television assessment revenues and to the department of agriculture and markets, department of environmental conservation, department of state, and the office of parks, recreation and historic preservation from utility assessment revenues (Part Q); authorizes state assistance payments toward climate smart community projects of up to eighty percent to municipalities that meet criteria relating to financial hardship or disadvantaged communities; provides that financial hardship is determined by whether a municipality has a median household income at or below eighty percent of the state median household income (Part S); relates to air quality control program fees and ozone non-attainment fee programs; establishes the air quality improvement fund (Part T); extends provisions of law relating to the powers and duties of the dormitory authority to establish subsidiaries (Part V); relates to the Battery Park city authority's authorization to issue bonds and notes (Part W); increases the cap on grants to entrepreneurship assistance centers (Part X); extends provisions of law relating to the New York state infrastructure trust fund to July 1, 2025 (Part Y); extends the authority of the New York state urban development corporation to administer the empire state economic development fund (Part Z); extends provisions of law relating to the powers of the New York state urban development corporation act to make loans (Part AA); extends provisions of the New York state health insurance continuation assistance demonstration project (Part BB); provides that covered prescription insulin drugs shall not be subject to deductible, copayment, coinsurance or other cost sharing requirements (Part EE); extends certain provisions relating to permitting videoconferencing and remote participation in public meetings (Part KK); relates to reinsurance, credits for assessments paid; relates to credit relating to life and health insurance guaranty corporation assessments (Part LL); enacts the ""artificial intelligence deceptive practices act""; provides for privacy rights involving digitization (Subpart A); requires disclosure of the use of digitization in political communications (Subpart B) (Part MM); relates to rates for livery insurance (Part NN); allows regional economic development council awardees to certify that they offer youth internship opportunities (Part OO); establishes a sales tax exemption for residential energy storage systems equipment (Part PP); directs the New York state energy research and development authority to conduct a highway and depot charging needs evaluation (Part QQ); authorizes the state to consent to binding arbitration with respect to certain contracts adopted by the Gateway Development Commission (Part RR); establishes a local authorities searchable subsidy and economic development benefits database (Subpart A); provides for the applicability of open meetings and freedom of information laws to state and local authorities (Subpart B) (Part SS); establishes the New York state empire artificial intelligence research program and the empire AI consortium; sets forth the plan of operation and financial oversight of the empire AI consortium (Subpart A); authorizes the state university of New York at Buffalo to lease a portion of lands to the empire AI consortium to create and launch a state-of-the-art artificial intelligence computing center (Subpart B) (Part TT).",1,Introduced,2024,2024-01-17,"Program and documentation, General notice, Registration, Opt out/appeal",4,Healthcare; Elections; Education; Privacy; Employment; Children; Vehicles; Financial,['Budget'],https://legiscan.com/NY/bill/S08308/2023,0,1,0,1,Pending - Some Exposure,1,0,1,1,0,15,2,12,1
NY,New York,A06319,Establishes consumers' foundational data privacy rights; creates oversight mechanisms; establishes enforcement mechanisms; establishes the privacy and security victims relief fund.,1,Introduced,2023,2023-04-03,"Program and documentation, Assessments, Responsible individual, General notice, Explanation/incident reporting, Third-party review, Opt out/appeal, Nondiscrimination",8,Privacy,['Michaelle Solages'],https://legiscan.com/NY/bill/A06319/2023,1,1,1,3,Pending - High Exposure,0,0,0,0,0,15,2,12,1
NY,New York,A10579,"Incorporates the 2022 Uniform Law Commission recommended amendments to the Uniform Commercial Code to provide for emerging technologies; addresses emerging technologies, providing updated rules for commercial transactions involving virtual currencies, distributed ledger technologies (including blockchain), artificial intelligence, and other technological developments.",1,Introduced,2024,2024-06-20,Program and documentation,1,AI Policy/Task Forces,['Alex Bores'],https://legiscan.com/NY/bill/A10579/2023,0,0,0,0,Pending - Low Exposure,0,0,0,0,0,15,2,12,1
NY,New York,S07244,"Incorporates the 2022 Uniform Law Commission recommended amendments to the Uniform Commercial Code to provide for emerging technologies; addresses emerging technologies, providing updated rules for commercial transactions involving virtual currencies, distributed ledger technologies (including blockchain), artificial intelligence, and other technological developments.",1,Introduced,2023,2023-05-19,Program and documentation,1,AI Policy/Task Forces,['Brad Hoylman-Sigal'],https://legiscan.com/NY/bill/S07244/2023,0,0,0,0,Pending - Low Exposure,0,0,0,0,0,15,2,12,1
NY,New York,S04005,"Enacts into law major components of legislation necessary to implement the state public protection and general government budget for the 2023-2024 state fiscal year; relates to the psychological testing of candidates; relates to expanding the geographic area of employment of certain police officers; relates to prisoner furloughs in certain cases and the crime of absconding therefrom; relates to correctional facilities; relates to inmate work release, furlough and leave; relates to certain provisions which impact upon expenditure of certain appropriations made by chapter 50 of the laws of 1994 enacting the state operations budget; relates to taxes, surcharges, fees and funding; relates to prison and jail housing and alternatives to detention and incarceration programs; relates to taxes; extends the expiration of the mandatory surcharge and victim assistance fee; relates to the ignition interlock device program; extends the expiration date of the merit provisions; relates to prisoner litigation reform and extending the expiration of the inmate filing fee provisions of the civil practice law and rules and general filing fee provision and inmate property claims exhaustion requirement of the court of claims act of such chapter; constitutes the family protection and domestic violence intervention act of 1994; relates to extending the expiration of certain provisions requiring the arrest of certain persons engaged in family violence; relates to the use of closed-circuit television and other protective measures for certain child witnesses; extends provisions enacting the sentencing reform act of 1995; relates to electronic court appearance in certain counties; relates to enacting the interstate compact for adult offender supervision; relates to limiting the closing of certain correctional facilities; provides for the custody by the department of correctional services of inmates serving definite sentences; provides for custody of federal prisoners; requires the closing of certain correctional facilities; relates to military funds of the organized militia; relates to providing for community treatment facilities and establishing the crime of absconding from the community treatment facility; relates to the pre-criminal proceeding settlements in the City of New York (Part A); relates to criminal possession of a firearm, rifle or shotgun in a sensitive or restricted location; exempts certain law enforcement and military officers from certain vehicle gun storage requirements (Part F); relates to establishing a hazard mitigation revolving loan fund (Part G); authorizes the payment of a training stipend to volunteer firefighters by a volunteer fire company and the office of fire prevention and control (Part H); expands eligibility for World Trade Center death and disability benefits for members of New York's organized militia (Part J); extends certain provisions relating to liquidator's permits and temporary retail permits (Part O); extends provisions of law relating to the state commission on the restoration of the capitol until April 1, 2028 (Part Q); relates to the submission of electronic bids for state procurement purposes (Part R); provides that the civil service department may only establish continuing eligible lists for any class of positions filled through open competitive examination (Part S); relates to employment of certain persons with disabilities (Part T); extends effectiveness of a waiver approval and income limitations on retirees employed in school districts and board of cooperative educational services (Part V); allows participating employers of the New York state and local retirement system to withdraw from the contribution stabilization program (Part W); moves the special accidental death benefit appropriation from the department of audit and control to the general fund's miscellaneous all state department and agencies; adds such benefits paid by counties (Part Y); relates to the duration of initial terms to be served by the first class of the commission on ethics and lobbying in government (Part Z); extends certain provisions relating to sales tax exemptions and real property taxes (Part AA); repeals provisions relating to county-wide shared services panels (Part BB); extends certain provisions relating to the operation and administration of the legislature (Part DD); waives state civil service exam fees between 7/1/2023 and 12/31/2025 (Part EE); provides Suffolk county certain fees generated from certain offenses and violations for the services of the Suffolk county traffic and parking violations agency (Part FF); provides for certain death benefits to correction officers, correction officer-sergeants, correction officer-captains, assistant wardens, associate wardens or wardens employed by Westchester county (Part GG); authorizes police and fire members of the New York city fire department pension fund to obtain credit for any period of service rendered as an EMT member immediately proceeding a period of service in the uniformed force of the fire department (Part HH); provides certain death benefits to county fire marshals, supervising fire marshals, fire marshals, assistant fire marshals, assistant chief fire marshals, chief fire marshals and division supervising fire marshals employed by Nassau county (Part II); allows certain members of the New York city police pension fund to borrow from contributions (Part JJ); relates to retirement eligibility for deputy sheriffs-civil in the county of Monroe (Part KK); relates to the effect and rebuttal of certain medical presumptions relating to heart disease; provides that, for certain members, any condition of impairment of health caused by a disease of the heart, resulting in disability, shall be presumptive evidence that such disability was incurred in the performance and discharge of duty and the natural and proximate result of an accident (Part LL); relates to the transfer and disposal of certain personal property of former members of the senate and assembly (Part MM); relates to reports by the director of the office of counterterrorism; requires the chief information security officer of the state office of information technology services to participate in meetings and supplement the report (Part NN); enacts the ""unmarked burial site protection act""; requires the cessation of all ground disturbing activities upon the discovery of a burial ground, human remains or funerary objects; requires the reporting of such discovery to the local coroner; provides that if such remains are more than 50 years old, the state archaeologist shall be notified; requires state archaeologist to determine whether the remains are of Native American origin; provides that the lineal descendants or culturally affiliated group of such remains shall be notified and be given possession thereof; establishes the Native American burial site review committee to provide for notice and disposition of Native American remains; establishes criminal penalties for the violation of such provisions relating to the disturbance or failure to report the discovery of any such site, remains or objects; grants the attorney general and aggrieved parties a civil right of action for the violations of such provisions (Part OO).",1,Introduced,2023,2023-02-01,,0,Healthcare; Elections; Education; Employment; Government; Criminal; Children; Vehicles; Financial,['Budget'],https://legiscan.com/NY/bill/S04005/2023,0,0,0,0,Pending - Low Exposure,1,1,0,1,0,15,2,12,1
NY,New York,A03007,"Enacts into law major components of legislation necessary to implement the state health and mental hygiene budget for the 2023-2024 state fiscal year; relates to the year to year rate of growth of Department of Health state funds and Medicaid funding, relating to the state Medicaid spending cap and related processes (Part A); extends various provisions of laws relating to the provision of health care services, administration and programs (Part B); extends certain provisions of law relating to the health care reform act; extends provisions relating to the distribution of pool allocations and graduate medical education; extends provisions relating to health care initiative pool distributions; extends payment provisions for general hospitals; extends provisions relating to assessments on covered lives (Part C); extends the voluntary indigent care pool; establishes the definition of rural emergency hospital; expands eligibility for vital access provider assurance program funding; relates to Medicaid payments for the operating component of hospital inpatient services and hospital outpatient services (Part E); extends certain provisions of law relating to malpractice and professional medical conduct (Part F); relates to lowering the income threshold for eligibility to participate in private pay protocols for programs and services administered by the office for the aging (Part G); establishes the 1332 state innovation program; defines 1332 state innovation plan and state innovation plan individual; creates the 1332 state innovation fund; makes related provisions (Part H); extends authority to enroll certain recipients in need of more than 120 days of community based-long term care in a managed long term care plan; extends the moratorium on the processing and approval of applications seeking a certificate of authority as a managed long term care plan; provides for performance standards for managed long term care plans; provides for an additional increase in Medicaid payments made for the operating component of residential health care facilities services in addition to the increase provided by Part I of Chapter 57 of the laws of 2022 (Part I); authorizes Medicaid eligibility for certain services provided to individuals who are in a correctional institution, and for certain services provided to individuals who are in an institution for mental disease (Part K); relates to site of service clinical review for determining whether a non-urgent outpatient medical procedures and surgeries procedure will be covered when rendered by a network participating provider at a hospital-based outpatient clinic (Part L); relates to the review and oversight of material transactions (Part M); expands the Medicaid Buy-In program for people with disabilities (Part N); creates the statewide health care facility transformation program; adds debt retirement, working capital or other non-capital projects to existing health care facility transformation programs (Part P); establishes Medicaid reimbursement for community health workers for high-risk populations; permits licensed mental health counselors and licensed marriage and family therapists in community health centers to be reimbursed (Part Q); relates to expanding Medicaid coverage of preventative health care for nutrition and osteoarthritis services (Part R); modernizes the emergency medical system and workforce; creates an emergency medical services system and agency performance standards; establishes a public campaign to recruit additional personnel into the emergency medical fields; creates a state emergency medical services task force (Part S); relates to lead testing in certain multiple dwellings; establishes a state rental registry and proactive inspections to identify lead hazards for residential dwellings outside of the city of New York with two or more units built prior to nineteen hundred eighty; expands the powers of the secretary of state with respect to the New York state uniform fire prevention and building code (Part T); provides for the protection of electronic health information; sets requirements for communications to individuals about their electronic health information; prohibits law enforcement agencies and officers from purchasing or obtaining electronic health information without a warrant (Part U); relates to authorizing certain advanced home health aides to perform certain advanced tasks (Part W); provides for the registration of temporary health care services agencies; specifies requirements for registration (Part X); relates to affidavits for medical debt actions (Subpart A); requires hospitals participating in the general hospital indigent care pool to use certain forms for the collection of medical debt (Subpart C); relates to guaranty fund coverage for insurers writing health insurance; directs the superintendent of financial services to develop an assessment offset plan to limit the impact of certain assessments (Subpart D) (Part Y); requires hepatitis C screening and third trimester syphilis testing; extends provisions of law relating thereto (Part AA); adds certain fentanyl analogs to the schedules of controlled substances (Part BB); establishes a cost of living adjustment for designated human services programs (Part DD); extends certain provisions relating to services for individuals with developmental disabilities (Part EE); authorizes community behavioral health clinics to provide coordinated, comprehensive behavioral health care, including mental health and addiction services, primary care screening, and case management services (Part HH); provides for insurance coverage for behavioral health services (Subpart A); enhances utilization review standards for mental health services (Subpart B); expands coverage for substance use disorder treatment (Subpart E); provides for network adequacy for mental health and substance use disorder services (Subpart F) (Part II); authorizes the commissioner of mental hygiene to impose civil penalties and revoke certain operating certificates (Part JJ); establishes the independent developmental disability ombudsman program (Part KK); provides that coverage for abortion services shall include coverage of any drug prescribed for the purpose of an abortion, including both generic and brand name drugs, even if such drug has not been approved by the food and drug administration for abortion, provided, however, that such drug shall be a recognized medication for abortion in one of the following established reference compendia: The WHO Model Lists of Essential Medicines; The WHO Abortion Care Guidance; or The National Academies of Science, Engineering, and Medicine Consensus Study Report (Part LL); clarifies the definition of a clinical peer reviewer (Part MM); relates to wage adjustments for home care aides; provides for electronic visit verification for personal care and home health providers (Part NN); establishes the ten member ""Daniel's law task force"" to identify potential operational and financial needs to support a trauma-informed, community-led responses and diversions for anyone in the state experiencing a mental health, alcohol use, or substance use crisis; reviewing and recommending programs and systems operating within the state or nationally that could be deployed as a model crisis and emergency services system; and identifying potential funding sources for expanding mental health, alcohol use and substance use crisis response and diversion services (Part OO); directs the commissioner of mental health to establish a maternal mental health workgroup to study and issue recommendations related to maternal mental health and perinatal and postpartum mood and anxiety disorders (Part PP).",1,Introduced,2023,2023-02-01,"Program and documentation, General notice, Registration, Opt out/appeal",4,Healthcare; Elections; Education; Employment; Criminal; Financial,['Budget'],https://legiscan.com/NY/bill/A03007/2023,0,1,0,1,Pending - Some Exposure,0,0,0,0,0,15,2,12,1
NY,New York,S04007,"Enacts into law major components of legislation necessary to implement the state health and mental hygiene budget for the 2023-2024 state fiscal year; relates to the year to year rate of growth of Department of Health state funds and Medicaid funding, relating to the state Medicaid spending cap and related processes (Part A); extends various provisions of laws relating to the provision of health care services, administration and programs (Part B); extends certain provisions of law relating to the health care reform act; extends provisions relating to the distribution of pool allocations and graduate medical education; extends provisions relating to health care initiative pool distributions; extends payment provisions for general hospitals; extends provisions relating to assessments on covered lives (Part C); extends the voluntary indigent care pool; establishes the definition of rural emergency hospital; expands eligibility for vital access provider assurance program funding; relates to Medicaid payments for the operating component of hospital inpatient services and hospital outpatient services (Part E); extends certain provisions of law relating to malpractice and professional medical conduct (Part F); relates to lowering the income threshold for eligibility to participate in private pay protocols for programs and services administered by the office for the aging (Part G); establishes the 1332 state innovation program; defines 1332 state innovation plan and state innovation plan individual; creates the 1332 state innovation fund; makes related provisions (Part H); extends authority to enroll certain recipients in need of more than 120 days of community based-long term care in a managed long term care plan; extends the moratorium on the processing and approval of applications seeking a certificate of authority as a managed long term care plan; provides for performance standards for managed long term care plans; provides for an additional increase in Medicaid payments made for the operating component of residential health care facilities services in addition to the increase provided by Part I of Chapter 57 of the laws of 2022 (Part I); authorizes Medicaid eligibility for certain services provided to individuals who are in a correctional institution, and for certain services provided to individuals who are in an institution for mental disease (Part K); relates to site of service clinical review for determining whether a non-urgent outpatient medical procedures and surgeries procedure will be covered when rendered by a network participating provider at a hospital-based outpatient clinic (Part L); relates to the review and oversight of material transactions (Part M); expands the Medicaid Buy-In program for people with disabilities (Part N); creates the statewide health care facility transformation program; adds debt retirement, working capital or other non-capital projects to existing health care facility transformation programs (Part P); establishes Medicaid reimbursement for community health workers for high-risk populations; permits licensed mental health counselors and licensed marriage and family therapists in community health centers to be reimbursed (Part Q); relates to expanding Medicaid coverage of preventative health care for nutrition and osteoarthritis services (Part R); modernizes the emergency medical system and workforce; creates an emergency medical services system and agency performance standards; establishes a public campaign to recruit additional personnel into the emergency medical fields; creates a state emergency medical services task force (Part S); relates to lead testing in certain multiple dwellings; establishes a state rental registry and proactive inspections to identify lead hazards for residential dwellings outside of the city of New York with two or more units built prior to nineteen hundred eighty; expands the powers of the secretary of state with respect to the New York state uniform fire prevention and building code (Part T); provides for the protection of electronic health information; sets requirements for communications to individuals about their electronic health information; prohibits law enforcement agencies and officers from purchasing or obtaining electronic health information without a warrant (Part U); relates to authorizing certain advanced home health aides to perform certain advanced tasks (Part W); provides for the registration of temporary health care services agencies; specifies requirements for registration (Part X); relates to affidavits for medical debt actions (Subpart A); requires hospitals participating in the general hospital indigent care pool to use certain forms for the collection of medical debt (Subpart C); relates to guaranty fund coverage for insurers writing health insurance; directs the superintendent of financial services to develop an assessment offset plan to limit the impact of certain assessments (Subpart D) (Part Y); requires hepatitis C screening and third trimester syphilis testing; extends provisions of law relating thereto (Part AA); adds certain fentanyl analogs to the schedules of controlled substances (Part BB); establishes a cost of living adjustment for designated human services programs (Part DD); extends certain provisions relating to services for individuals with developmental disabilities (Part EE); authorizes community behavioral health clinics to provide coordinated, comprehensive behavioral health care, including mental health and addiction services, primary care screening, and case management services (Part HH); provides for insurance coverage for behavioral health services (Subpart A); enhances utilization review standards for mental health services (Subpart B); expands coverage for substance use disorder treatment (Subpart E); provides for network adequacy for mental health and substance use disorder services (Subpart F) (Part II); authorizes the commissioner of mental hygiene to impose civil penalties and revoke certain operating certificates (Part JJ); establishes the independent developmental disability ombudsman program (Part KK); provides that coverage for abortion services shall include coverage of any drug prescribed for the purpose of an abortion, including both generic and brand name drugs, even if such drug has not been approved by the food and drug administration for abortion, provided, however, that such drug shall be a recognized medication for abortion in one of the following established reference compendia: The WHO Model Lists of Essential Medicines; The WHO Abortion Care Guidance; or The National Academies of Science, Engineering, and Medicine Consensus Study Report (Part LL); clarifies the definition of a clinical peer reviewer (Part MM); relates to wage adjustments for home care aides; provides for electronic visit verification for personal care and home health providers (Part NN); establishes the ten member ""Daniel's law task force"" to identify potential operational and financial needs to support a trauma-informed, community-led responses and diversions for anyone in the state experiencing a mental health, alcohol use, or substance use crisis; reviewing and recommending programs and systems operating within the state or nationally that could be deployed as a model crisis and emergency services system; and identifying potential funding sources for expanding mental health, alcohol use and substance use crisis response and diversion services (Part OO); directs the commissioner of mental health to establish a maternal mental health workgroup to study and issue recommendations related to maternal mental health and perinatal and postpartum mood and anxiety disorders (Part PP).",4,Passed,2023,2023-05-03,"Program and documentation, General notice, Registration, Opt out/appeal",4,Healthcare; Elections; Education; Employment; Criminal; Financial,['Budget'],https://legiscan.com/NY/bill/S04007/2023,0,1,0,1,Moderate Risk,0,0,0,0,0,15,2,12,1
NY,New York,A10030,Incorporates the city of Staten Island; enacts a city charter; provides for all necessary technical changes for the establishment of such city; provides for a transition period prior to such establishment.,1,Introduced,2024,2024-05-01,"Program and documentation, General notice, Registration, Opt out/appeal",4,General/Other,"['Michael Tannousis', 'Michael Reilly', 'Samuel Pirozzolo']",https://legiscan.com/NY/bill/A10030/2023,0,1,0,1,Pending - Some Exposure,0,0,0,0,0,15,2,12,1
NY,New York,S08474,Incorporates the city of Staten Island; enacts a city charter; provides for all necessary technical changes for the establishment of such city; provides for a transition period prior to such establishment.,1,Introduced,2024,2024-02-02,"Program and documentation, General notice, Registration, Opt out/appeal",4,General/Other,['Andrew Lanza'],https://legiscan.com/NY/bill/S08474/2023,0,1,0,1,Pending - Some Exposure,0,0,0,0,0,15,2,12,1
NY,New York,A08804,Makes appropriations for the support of government - Capital Projects Budget.,4,Passed,2024,2024-05-01,"Program and documentation, General notice, Registration, Opt out/appeal",4,Government,['Budget'],https://legiscan.com/NY/bill/A08804/2023,0,1,0,1,Moderate Risk,0,0,0,0,0,15,2,12,1
NY,New York,A06874,Establishes the Artificial Intelligence Literacy Act which establishes an artificial intelligence literacy in the digital equity competitive grant program.,1,Introduced,2025,2025-03-18,"Program and documentation, Training",2,General/Other,"['Emerita Torres', 'John Zaccaro', 'Michaelle Solages', 'Landon Dais', 'Dana Levenberg', 'Jo Simon']",https://legiscan.com/NY/bill/A06874/2025,0,0,0,0,Pending - Low Exposure,0,0,0,0,0,15,2,12,1
NY,New York,S01962,"Enacts the ""New York artificial intelligence consumer protection act"", in relation to preventing the use of artificial intelligence algorithms to discriminate against protected classes.",1,Introduced,2025,2025-01-14,"Program and documentation, Assessments, Responsible individual, General notice, Explanation/incident reporting, Developer documentation, Third-party review, Opt out/appeal, Nondiscrimination",9,Consumer Protection,['Kristen Gonzalez'],https://legiscan.com/NY/bill/S01962/2025,1,1,1,3,Pending - High Exposure,0,0,0,0,0,15,2,12,1
NY,New York,A00768,"Enacts the ""New York artificial intelligence consumer protection act"", in relation to preventing the use of artificial intelligence algorithms to discriminate against protected classes.",1,Introduced,2025,2025-01-08,"Program and documentation, Assessments, General notice, Explanation/incident reporting, Developer documentation, Third-party review, Opt out/appeal, Nondiscrimination",8,Consumer Protection,['Alex Bores'],https://legiscan.com/NY/bill/A00768/2025,1,1,1,3,Pending - High Exposure,0,0,0,0,0,15,2,12,1
NY,New York,A01205,"Establishes the position of chief artificial intelligence officer and such person's functions, powers and duties; including, but not limited to, developing statewide artificial intelligence policies and governance, coordinating the activities of any and all state departments, boards, commissions, agencies and authorities performing any functions using artificial intelligence tools; makes related provisions.",1,Introduced,2025,2025-01-09,"Program and documentation, Assessments, Training, Responsible individual, General notice, Nondiscrimination",6,AI Policy/Task Forces,"['Michaelle Solages', 'Karines Reyes', 'Angelo Santabarbara', 'Judy Griffin']",https://legiscan.com/NY/bill/A01205/2025,1,1,1,3,Pending - High Exposure,0,0,0,0,0,15,2,12,1
NY,New York,S00933,"Establishes the position of chief artificial intelligence officer and such person's functions, powers and duties; including, but not limited to, developing statewide artificial intelligence policies and governance, coordinating the activities of any and all state departments, boards, commissions, agencies and authorities performing any functions using artificial intelligence tools; makes related provisions.",2,Engrossed,2025,2025-05-22,"Program and documentation, Assessments, Training, Responsible individual, General notice, Nondiscrimination",6,AI Policy/Task Forces,"['Kristen Gonzalez', 'Andrew Gounardes', 'Robert Jackson']",https://legiscan.com/NY/bill/S00933/2025,1,1,1,3,Pending - High Exposure,0,0,0,0,0,15,2,12,1
NY,New York,A06578,"Establishes the artificial intelligence training data transparency act requiring developers of generative artificial intelligence models or services to post on the developer's website information regarding the data used by the developer to train the generative artificial intelligence model or service, including a high-level summary of the datasets used in the development of such system or service.",2,Engrossed,2025,2025-06-10,"Program and documentation, General notice, Developer documentation",3,AI Governance,"['Alex Bores', 'Brian Cunningham', 'Anna Kelles', 'Phara Souffrant Forrest', 'Monique Chandler-Waterman', 'Emerita Torres', 'Steven Otis', 'Dana Levenberg', 'Judy Griffin']",https://legiscan.com/NY/bill/A06578/2025,0,1,0,1,Pending - Some Exposure,0,0,0,0,0,15,2,12,1
NY,New York,S06955,"Establishes the artificial intelligence training data transparency act requiring developers of generative artificial intelligence models or services to post on the developer's website information regarding the data used by the developer to train the generative artificial intelligence model or service, including a high-level summary of the datasets used in the development of such system or service.",1,Introduced,2025,2025-03-27,"Program and documentation, General notice, Developer documentation",3,AI Governance,['Andrew Gounardes'],https://legiscan.com/NY/bill/S06955/2025,0,1,0,1,Pending - Some Exposure,0,0,0,0,0,15,2,12,1
NY,New York,A01338,Sets rules and procedures for the admissibility of evidence created or processed by artificial intelligence.,1,Introduced,2025,2025-01-09,"Assessments, Explanation/incident reporting",2,General/Other,"['Clyde Vanel', 'Jacob Blumencranz', 'Alicia Hyndman', 'Deborah Glick', 'Tommy Schiavoni', 'Dana Levenberg']",https://legiscan.com/NY/bill/A01338/2025,0,0,1,1,Pending - Some Exposure,0,0,0,0,0,15,2,12,1
NY,New York,A08556,"Prescribes requirements and safeguards for the use of an artificial intelligence, algorithm, or other software tool for the purpose of utilization review for health and accident insurance.",1,Introduced,2025,2025-05-20,"Program and documentation, Assessments, General notice, Third-party review, Nondiscrimination",5,Healthcare,['Pamela Hunter'],https://legiscan.com/NY/bill/A08556/2025,1,1,1,3,Pending - High Exposure,0,0,0,0,0,15,2,12,1
NY,New York,S07896,"Prescribes requirements and safeguards for the use of an artificial intelligence, algorithm, or other software tool for the purpose of utilization review for health and accident insurance.",1,Introduced,2025,2025-05-13,"Program and documentation, Assessments, General notice, Third-party review, Nondiscrimination",5,Healthcare,['Kristen Gonzalez'],https://legiscan.com/NY/bill/S07896/2025,1,1,1,3,Pending - High Exposure,0,0,0,0,0,15,2,12,1
NY,New York,A08595,"Enacts the ""New York artificial intelligence transparency for journalism act""; requires developers of generative artificial intelligence systems or services to post certain information on the developer's website regarding video, audio, text and data from a covered publication used to train the generative artificial intelligence system or service; allows journalism providers to bring an action for damages or injunctive relief against developers.",1,Introduced,2025,2025-05-22,"Program and documentation, General notice, Labeling/notification",3,AI Governance,['Steven Otis'],https://legiscan.com/NY/bill/A08595/2025,0,1,0,1,Pending - Some Exposure,0,0,0,0,0,15,2,12,1
NY,New York,A06540,Requires synthetic content creations system providers to include provenance data on synthetic content produced or modified by a synthetic content creations system that such provider makes available.,1,Introduced,2025,2025-03-05,"Program and documentation, Responsible individual, Labeling/notification",3,Deepfakes,"['Alex Bores', 'Brian Cunningham', 'Anna Kelles', 'Phara Souffrant Forrest', 'Monique Chandler-Waterman', 'Emerita Torres', 'Steven Otis']",https://legiscan.com/NY/bill/A06540/2025,0,0,0,0,Pending - Low Exposure,0,0,0,0,0,15,2,12,1
NY,New York,A06972,"Creates an artificial intelligence working group within the department of education for the purpose of developing guidance and a model policy on the safe and effective use of artificial intelligence in ways that benefit, and do not harm, pupils and educators.",1,Introduced,2025,2025-03-18,"Program and documentation, Assessments, Responsible individual, General notice",4,Education,['Michaelle Solages'],https://legiscan.com/NY/bill/A06972/2025,0,1,1,2,Pending - High Exposure,0,0,0,0,0,15,2,12,1
NY,New York,S08331,"Enacts the ""New York artificial intelligence transparency for journalism act""; requires developers of generative artificial intelligence systems or services to post certain information on the developer's website regarding video, audio, text and data from a covered publication used to train the generative artificial intelligence system or service; allows journalism providers to bring an action for damages or injunctive relief against developers.",1,Introduced,2025,2025-06-03,"Program and documentation, General notice, Labeling/notification",3,AI Governance,['Kristen Gonzalez'],https://legiscan.com/NY/bill/S08331/2025,0,1,0,1,Pending - Some Exposure,0,0,0,0,0,15,2,12,1
NY,New York,A05429,Establishes the New York workforce stabilization act; requires certain businesses to conduct artificial intelligence impact assessments on the application and use of such artificial intelligence and to submit such impact assessments to the department of labor prior to the implementation of the artificial intelligence; establishes a surcharge on certain corporations that use artificial intelligence or data mining or have greater than a threshold number of employees displaced by artificial intelligence of a rate of 2% of the corporation's business income base; defines data mining.,1,Introduced,2025,2025-02-14,Assessments,1,Employment,['Harry Bronson'],https://legiscan.com/NY/bill/A05429/2025,0,0,1,1,Pending - Some Exposure,0,0,0,0,0,15,2,12,1
NY,New York,S01854,Establishes the New York workforce stabilization act; requires certain businesses to conduct artificial intelligence impact assessments on the application and use of such artificial intelligence and to submit such impact assessments to the department of labor prior to the implementation of the artificial intelligence; establishes a surcharge on certain corporations that use artificial intelligence or data mining or have greater than a threshold number of employees displaced by artificial intelligence of a rate of 2% of the corporation's business income base; defines data mining.,1,Introduced,2025,2025-01-14,Assessments,1,Employment,"['Michelle Hinchey', 'Kristen Gonzalez', 'Robert Jackson', 'John Liu', 'Julia Salazar']",https://legiscan.com/NY/bill/S01854/2025,0,0,1,1,Pending - Some Exposure,0,0,0,0,0,15,2,12,1
NY,New York,S06954,Requires synthetic content creations system providers to include provenance data on synthetic content produced or modified by a synthetic content creations system that such provider makes available.,2,Engrossed,2025,2025-06-12,"Program and documentation, Assessments, Labeling/notification",3,Deepfakes,['Andrew Gounardes'],https://legiscan.com/NY/bill/S06954/2025,0,0,1,1,Pending - Some Exposure,0,0,0,0,0,15,2,12,1
NY,New York,A03411,"Requires the owner, licensee or operator of a generative artificial intelligence system to conspicuously display a notice on the system's user interface that is reasonably calculated to consistently apprise the user that the outputs of the generative artificial intelligence system may be inaccurate.",1,Introduced,2025,2025-01-27,"General notice, Labeling/notification",2,Licensing,"['Clyde Vanel', 'Steven Otis', 'Angelo Santabarbara']",https://legiscan.com/NY/bill/A03411/2025,0,1,0,1,Pending - Some Exposure,0,0,0,0,0,15,2,12,1
NY,New York,A08962,"Enacts the ""New York fundamental artificial intelligence requirements in news act""; provides that any news media content published, broadcast, or otherwise disseminated or accessible within the state of New York, which was substantially composed, authored, or otherwise created through the use of generative artificial intelligence shall conspicuously imprint on the top of the page, webpage, image, graphic, video or other visual or audio/visual content, or verbally orate at the onset of audio content, that such content was substantially created by generative artificial intelligence.",1,Introduced,2025,2025-08-13,"Program and documentation, General notice, Labeling/notification",3,Digital Content/IP,['Nily Rozic'],https://legiscan.com/NY/bill/A08962/2025,0,1,0,1,Pending - Some Exposure,0,0,0,0,0,15,2,12,1
NY,New York,S08451,"Enacts the ""New York fundamental artificial intelligence requirements in (FAIR) news act""; provides requirements for fairness in disclosures to news media workers, news media consumers, oversight of AI systems, and workplace protections for news media workers.",1,Introduced,2025,2025-07-07,"Program and documentation, Responsible individual, General notice, Labeling/notification, Opt out/appeal, Nondiscrimination",6,Employment,"['Patricia Fahy', 'Andrew Gounardes', 'Rachel May']",https://legiscan.com/NY/bill/S08451/2025,1,1,0,2,Pending - High Exposure,0,0,0,0,0,15,2,12,1
NY,New York,A09097,"Requires disclosure of use of generative artificial intelligence to clients, criminal defendants, and the court.",1,Introduced,2025,2025-09-12,"Program and documentation, General notice, Explanation/incident reporting, Opt out/appeal",4,Criminal,"['Keith Brown', 'Joseph DeStefano']",https://legiscan.com/NY/bill/A09097/2025,0,1,0,1,Pending - Some Exposure,0,0,0,0,0,15,2,12,1
NY,New York,S00934,"Requires the owner, licensee or operator of a generative artificial intelligence system to conspicuously display a notice on the system's user interface that is reasonably calculated to consistently apprise the user that the outputs of the generative artificial intelligence system may be inaccurate.",2,Engrossed,2025,2025-03-10,General notice,1,Licensing,"['Kristen Gonzalez', 'Rachel May', 'Lea Webb']",https://legiscan.com/NY/bill/S00934/2025,0,1,0,1,Pending - Some Exposure,0,0,0,0,0,15,2,12,1
NY,New York,A03356,"Enacts the ""advanced artificial intelligence licensing act""; providing for regulation of advanced artificial intelligence systems (Part A); requires registration and licensing of high-risk advanced artificial intelligence systems and related provisions regarding the operation of such systems (Part B); establishes the advanced artificial intelligence ethical code of conduct (Part C); prohibits the development and operation of certain artificial intelligence systems (Part D).",1,Introduced,2025,2025-01-27,"Program and documentation, Assessments, Responsible individual, General notice, Explanation/incident reporting, Registration, Third-party review",7,Licensing,"['Clyde Vanel', 'Jacob Blumencranz', 'Alicia Hyndman', 'Dana Levenberg']",https://legiscan.com/NY/bill/A03356/2025,0,1,1,2,Pending - High Exposure,0,0,0,0,0,15,2,12,1
NY,New York,A03991,"Establishes requirements for the use of artificial intelligence, algorithm, or other software tools in utilization review and management; defines artificial intelligence.",1,Introduced,2025,2025-01-30,"Program and documentation, Assessments, General notice, Nondiscrimination",4,General/Other,['Phara Souffrant Forrest'],https://legiscan.com/NY/bill/A03991/2025,1,1,1,3,Pending - High Exposure,0,0,0,0,0,15,2,12,1
NY,New York,S07599,Regulates automated decision-making by government agencies; requires agencies to conduct impact assessments; requires disclosure of automated decision-making tools utilized by governmental agencies.,2,Engrossed,2025,2025-06-12,"Program and documentation, Assessments, Responsible individual, General notice, Explanation/incident reporting",5,Government,"['Kristen Gonzalez', 'Cordell Cleare', 'Andrew Gounardes', 'Peter Harckham', 'Robert Jackson', 'John Liu', 'Roxanne Persaud', 'Julia Salazar', 'James Sanders', 'Lea Webb']",https://legiscan.com/NY/bill/S07599/2025,0,1,1,2,Pending - High Exposure,0,0,0,0,0,15,2,12,1
NY,New York,A08295,Regulates automated decision-making by government agencies; requires agencies to conduct impact assessments; requires disclosure of automated decision-making tools utilized by governmental agencies.,1,Introduced,2025,2025-05-12,"Program and documentation, Assessments, Responsible individual, General notice, Explanation/incident reporting",5,Government,"['Steven Otis', 'John McDonald', 'Jo Simon', 'William Colton', 'Jessica Gonzalez-Rojas', 'Sarahana Shrestha', 'Doug Smith', 'Jennifer Lunsford', 'Dana Levenberg', 'Maryjane Shimsky', 'Amy Paulin', 'Rebecca Kassay', 'Karen McMahon', 'Angelo Santabarbara']",https://legiscan.com/NY/bill/A08295/2025,0,1,1,2,Pending - High Exposure,0,0,0,0,0,15,2,12,1
NY,New York,A07172,Requires the division of criminal justice services to formulate a protocol for the regulation of the use of artificial intelligence and facial recognition technology in criminal investigations; restricts the use of artificial intelligence-generated outputs in court.,1,Introduced,2025,2025-03-21,"Program and documentation, Assessments, Training, Responsible individual, General notice, Explanation/incident reporting, Third-party review, Opt out/appeal",8,Criminal,"['Rodneyse Bichotte Hermelyn', ""Kwani O'Pharrow"", 'Yudelka Tapia']",https://legiscan.com/NY/bill/A07172/2025,0,1,1,2,Pending - High Exposure,0,0,0,0,0,15,2,12,1
NY,New York,A08833,Establishes understanding artificial intelligence responsibility act requiring developers of covered models to be strictly liable for certain injuries.,1,Introduced,2025,2025-06-09,Program and documentation,1,AI Governance,['Alex Bores'],https://legiscan.com/NY/bill/A08833/2025,0,0,0,0,Pending - Low Exposure,0,0,0,0,0,15,2,12,1
NY,New York,A00433,"Relates to the disclosure of automated employment decision-making tools; requires the office of information technology services to maintain an artificial intelligence inventory; provides that the use of artificial intelligence systems shall not affect the existing rights of employees pursuant to an existing collective bargaining agreement, or the existing representational relationships among employee organizations or the bargaining relationships between the employer and an employee organization.",1,Introduced,2025,2025-01-08,"Program and documentation, General notice, Nondiscrimination",3,Employment,"['Steven Otis', 'Angelo Santabarbara']",https://legiscan.com/NY/bill/A00433/2025,1,1,0,2,Pending - High Exposure,0,0,0,0,0,15,2,12,1
NY,New York,S00822,"Relates to the disclosure of automated employment decision-making tools; requires the office of information technology services to maintain an artificial intelligence inventory; provides that the use of artificial intelligence systems shall not affect the existing rights of employees pursuant to an existing collective bargaining agreement, or the existing representational relationships among employee organizations or the bargaining relationships between the employer and an employee organization.",4,Passed,2025,2025-02-14,"Program and documentation, General notice, Nondiscrimination",3,Employment,['Kristen Gonzalez'],https://legiscan.com/NY/bill/S00822/2025,1,1,0,2,High Risk,0,0,0,0,0,15,2,12,1
NY,New York,A09106,"Regulates the use of artificial intelligence in the provision of therapy or psychotherapy services by prohibiting the use of artificial intelligence to assist in providing supplementary support where the session is recorded or transcribed unless the patient is informed of the specific purpose of such use and consents of such use; establishes penalties for violations of such provisions; excludes religious counseling, peer-support, and self-help materials and educational resources from such provisions.",1,Introduced,2025,2025-09-26,"Program and documentation, Responsible individual, General notice, Opt out/appeal",4,Education,['Jo Simon'],https://legiscan.com/NY/bill/A09106/2025,0,1,0,1,Pending - Some Exposure,0,0,0,0,0,15,2,12,1
NY,New York,S08484,"Regulates the use of artificial intelligence in the provision of therapy or psychotherapy services by prohibiting the use of artificial intelligence to assist in providing supplementary support where the session is recorded or transcribed unless the patient is informed of the specific purpose of such use and consents of such use; establishes penalties for violations of such provisions; excludes religious counseling, peer-support, and self-help materials and educational resources from such provisions.",1,Introduced,2025,2025-08-20,"Program and documentation, Responsible individual, General notice, Opt out/appeal",4,Education,['Kristen Gonzalez'],https://legiscan.com/NY/bill/S08484/2025,0,1,0,1,Pending - Some Exposure,0,0,0,0,0,15,2,12,1
NY,New York,A06767,"Prohibits the provision of an artificial intelligence companion to a user unless such artificial intelligence companion contains a protocol for addressing possible suicidal ideation or self-harm expressed by a user, possible physical harm to others expressed by a user, and possible financial harm to others expressed by a user; requires certain notifications to certain users regarding crisis service providers and the non-human nature of such companion models.",2,Engrossed,2025,2025-03-25,"Program and documentation, Labeling/notification",2,Financial,"['Clyde Vanel', 'Nily Rozic']",https://legiscan.com/NY/bill/A06767/2025,0,0,0,0,Pending - Low Exposure,0,0,0,0,0,15,2,12,1
NY,New York,S06301,"Creates a temporary state commission to study and investigate how to regulate artificial intelligence, robotics and automation; repeals such commission.",1,Introduced,2025,2025-03-10,"Program and documentation, Assessments",2,Financial,['James Sanders'],https://legiscan.com/NY/bill/S06301/2025,0,0,1,1,Pending - Some Exposure,0,0,0,0,0,15,2,12,1
NY,New York,A03361,"Creates a temporary state commission to study and investigate how to regulate artificial intelligence, robotics and automation; repeals such commission.",2,Engrossed,2025,2025-05-12,"Program and documentation, Assessments",2,Financial,"['Clyde Vanel', 'Angelo Santabarbara']",https://legiscan.com/NY/bill/A03361/2025,0,0,1,1,Pending - Some Exposure,0,0,0,0,0,15,2,12,1
NY,New York,A09219,Requires experts in professional fields to be consulted when developing and maintaining artificial intelligence technology for use in such fields.,1,Introduced,2025,2025-11-03,"Program and documentation, Assessments, Developer documentation",3,General/Other,['Brian Cunningham'],https://legiscan.com/NY/bill/A09219/2025,0,0,1,1,Pending - Some Exposure,0,0,0,0,0,15,2,12,1
NY,New York,S07892,"Directs the commissioner of education to make recommendations to the board of regents regarding the incorporation of instruction in artificial intelligence system literacy into the school curriculum at the elementary, junior high and senior high levels; directs the board of regents to adopt guidelines if the curriculum is adopted.",1,Introduced,2025,2025-05-13,"Program and documentation, Assessments",2,Education,['Kristen Gonzalez'],https://legiscan.com/NY/bill/S07892/2025,0,0,1,1,Pending - Some Exposure,0,0,0,0,0,15,2,12,1
NY,New York,A00235,"Requires the owner, licensee or operator of a visual or audio generative artificial intelligence system to take steps to prohibit its users from creating unauthorized realistic depictions of public officials.",1,Introduced,2025,2025-01-08,"Program and documentation, General notice, Opt out/appeal",3,Licensing,['Clyde Vanel'],https://legiscan.com/NY/bill/A00235/2025,0,1,0,1,Pending - Some Exposure,0,0,0,0,0,15,2,12,1
NY,New York,A08546,Requires certification of filings produced using generative artificial intelligence; requires the brief of an appellant to contain a disclosure of the use of generative artificial intelligence in the drafting of the brief and certification that the content therein was reviewed and verified by a human.,1,Introduced,2025,2025-05-20,"Program and documentation, General notice, Labeling/notification",3,Licensing,['Charles Lavine'],https://legiscan.com/NY/bill/A08546/2025,0,1,0,1,Pending - Some Exposure,0,0,0,0,0,15,2,12,1
NY,New York,S02698,Requires certification of filings produced using generative artificial intelligence; requires the brief of an appellant to contain a disclosure of the use of generative artificial intelligence in the drafting of the brief and certification that the content therein was reviewed and verified by a human.,1,Introduced,2025,2025-01-22,"Program and documentation, General notice",2,Licensing,['Brad Hoylman-Sigal'],https://legiscan.com/NY/bill/S02698/2025,0,1,0,1,Pending - Some Exposure,0,0,0,0,0,15,2,12,1
NY,New York,A04550,"Requires the department of labor to study the long-term impact of artificial intelligence on the state workforce including but not limited to job performance, productivity, training, education requirements, privacy and security; prohibits any state entity from using artificial intelligence in any way that would result in the displacement of any currently employed worker or loss of position, including partial displacement such as a reduction in the hours of non-overtime work, wages or employment benefits, or results in the impairment of existing collective bargaining agreements.",1,Introduced,2025,2025-02-04,"Assessments, Nondiscrimination",2,Education; Privacy; Employment,"['Brian Cunningham', 'Larinda Hooks', 'Alfred Taylor', 'William Colton', 'Deborah Glick', 'Andrew Hevesi', 'David McDonough', 'Judy Griffin']",https://legiscan.com/NY/bill/A04550/2025,1,0,1,2,Pending - High Exposure,0,0,0,0,0,15,2,12,1
NY,New York,A01342,"Requires the collection of oaths of responsible use from users of certain generative or surveillance advanced artificial intelligence systems by the operators of such systems, and transmission of such oaths to the attorney general.",1,Introduced,2025,2025-01-09,"Program and documentation, Responsible individual, General notice",3,Legal/Judicial,"['Clyde Vanel', 'Deborah Glick', 'Alicia Hyndman', 'Jacob Blumencranz']",https://legiscan.com/NY/bill/A01342/2025,0,1,0,1,Pending - Some Exposure,0,0,0,0,0,15,2,12,1
NY,New York,A09185,Includes communications generated using artificial intelligence in the definition of falsely reporting an incident in the third degree.,1,Introduced,2025,2025-10-17,Program and documentation,1,General/Other,"['John Zaccaro', 'Alfred Taylor', 'Tommy Schiavoni']",https://legiscan.com/NY/bill/A09185/2025,0,0,0,0,Pending - Low Exposure,0,0,0,0,0,15,2,12,1
NY,New York,A01509,"Requires publishers of books created wholly or partially with the use of generative artificial intelligence to disclose such use of generative artificial intelligence before the completion of such sale; applies to all printed and digital books consisting of text, pictures, audio, puzzles, games or any combination thereof.",1,Introduced,2025,2025-01-10,Labeling/notification,1,AI Governance,['Jonathan Rivera'],https://legiscan.com/NY/bill/A01509/2025,0,0,0,0,Pending - Low Exposure,0,0,0,0,0,15,2,12,1
NY,New York,S01815,"Requires publishers of books created wholly or partially with the use of generative artificial intelligence to disclose such use of generative artificial intelligence before the completion of such sale; applies to all printed and digital books consisting of text, pictures, audio, puzzles, games or any combination thereof.",1,Introduced,2025,2025-01-14,Labeling/notification,1,AI Governance,['Nathalia Fernandez'],https://legiscan.com/NY/bill/S01815/2025,0,0,0,0,Pending - Low Exposure,0,0,0,0,0,15,2,12,1
NY,New York,S06748,"Requires that every newspaper, magazine or other publication printed or electronically published in this state, which contains the use of generative artificial intelligence or other information communication technology, shall identify that certain parts of such newspaper, magazine, or publication were composed through the use of artificial intelligence or other information communication technology.",1,Introduced,2025,2025-03-21,Labeling/notification,1,General/Other,['Lea Webb'],https://legiscan.com/NY/bill/S06748/2025,0,0,0,0,Pending - Low Exposure,0,0,0,0,0,15,2,12,1
NY,New York,A08887,"Requires advertisements to disclose the use of a synthetic performer; imposes a $1,000 civil penalty for a first violation and a $5,000 penalty for any subsequent violation.",1,Introduced,2025,2025-06-09,Labeling/notification,1,Deepfakes; Criminal,"['Linda Rosenthal', 'Harry Bronson', 'Angelo Santabarbara', 'Maryjane Shimsky', 'Dana Levenberg']",https://legiscan.com/NY/bill/A08887/2025,0,0,0,0,Pending - Low Exposure,0,0,0,0,0,15,2,12,1
NY,New York,S02487,Establishes the New York artificial intelligence ethics commission.,1,Introduced,2025,2025-01-21,"Program and documentation, Assessments, Responsible individual, General notice, Nondiscrimination",5,AI Policy/Task Forces,['Kevin Parker'],https://legiscan.com/NY/bill/S02487/2025,1,1,1,3,Pending - High Exposure,0,0,0,0,0,15,2,12,1
NY,New York,S06953,Relates to the training and use of artificial intelligence frontier models; defines terms; establishes remedies for violations.,2,Engrossed,2025,2025-06-12,"Program and documentation, Assessments, Responsible individual, General notice, Explanation/incident reporting, Third-party review, Nondiscrimination",7,AI Governance,"['Andrew Gounardes', 'Jamaal Bailey', 'George Borrello', 'Jabari Brisport', 'Patricia Fahy', 'Kristen Gonzalez', 'Peter Harckham', 'Michelle Hinchey', 'Brad Hoylman-Sigal', 'Robert Jackson', 'Liz Krueger', 'John Liu', 'Rachel May', 'Shelley Mayer', 'Anthony Palumbo', 'Julia Salazar', 'Lea Webb']",https://legiscan.com/NY/bill/S06953/2025,1,1,1,3,Pending - High Exposure,0,0,0,0,0,15,2,12,1
NY,New York,A06453,Relates to the training and use of artificial intelligence frontier models; defines terms; establishes remedies for violations.,1,Introduced,2025,2025-03-05,"Program and documentation, Assessments, Responsible individual, General notice, Explanation/incident reporting, Third-party review, Nondiscrimination",7,AI Governance,"['Alex Bores', 'Micah Lasher', 'Rebecca Seawright', 'Amy Paulin', 'Yudelka Tapia', 'Steven Raga', 'Maryjane Shimsky', 'Karines Reyes', 'Harvey Epstein', 'Patrick Burke', 'Andrew Hevesi', 'Patrick Carroll', 'John Zaccaro', 'Alicia Hyndman', 'Donna Lupardo', 'Rebecca Kassay', 'Grace Lee', 'Maritza Davila', 'Tommy Schiavoni', 'Jennifer Lunsford', 'Keith Brown', 'Michael Tannousis', 'Emerita Torres', 'Larinda Hooks', 'Eddie Gibbs', 'Gabriella Romero', 'William Colton', 'William Conrad', 'Demond Meeks', 'Deborah Glick', 'Catalina Cruz', 'Brian Cunningham', 'Phara Souffrant Forrest', 'Monique Chandler-Waterman', 'Albert Stirpe', 'Jordan Wright', 'Jo Simon', 'Landon Dais', 'Josh Jensen', 'Nily Rozic', 'Jessica Gonzalez-Rojas', 'Michaelle Solages', 'Emily Gallagher', 'Steven Otis', 'Anna Kelles', 'David Weprin', 'Aron Wieder', 'Judy Griffin']",https://legiscan.com/NY/bill/A06453/2025,1,1,1,3,Pending - High Exposure,0,0,0,0,0,15,2,12,1
NY,New York,A01456,"Provides for notice requirements where an insurer authorized to write accident and health insurance in this state, a corporation organized pursuant to article forty-three of this chapter, or a health maintenance organization certified pursuant to article forty-four of the public health law uses artificial intelligence-based algorithms in the utilization review process.",1,Introduced,2025,2025-01-09,"Program and documentation, Assessments, General notice, Nondiscrimination",4,Healthcare,['Pamela Hunter'],https://legiscan.com/NY/bill/A01456/2025,1,1,1,3,Pending - High Exposure,0,0,0,0,0,15,2,12,1
NY,New York,S01228,"Requires advertisements to disclose the use of a synthetic performer; imposes a $1,000 civil penalty for a first violation and a $5,000 penalty for any subsequent violation.",1,Introduced,2025,2025-01-08,"General notice, Labeling/notification",2,Deepfakes; Criminal,['Michael Gianaris'],https://legiscan.com/NY/bill/S01228/2025,0,1,0,1,Pending - Some Exposure,0,0,0,0,0,15,2,12,1
NY,New York,A08523,"Requires certain political communications to include provenance data for all audios, images or videos used in such communications; provides for the repeal of certain provisions upon the expiration thereof.",1,Introduced,2025,2025-05-20,"Program and documentation, Labeling/notification",2,Elections,['Alex Bores'],https://legiscan.com/NY/bill/A08523/2025,0,0,0,0,Pending - Low Exposure,0,0,0,0,0,15,2,12,1
NY,New York,S07963,"Requires certain political communications to include provenance data for all audios, images or videos used in such communications; provides for the repeal of certain provisions upon the expiration thereof.",1,Introduced,2025,2025-05-15,"Program and documentation, Labeling/notification",2,Elections,['Kristen Gonzalez'],https://legiscan.com/NY/bill/S07963/2025,0,0,0,0,Pending - Low Exposure,0,0,0,0,0,15,2,12,1
NY,New York,S08420,"Requires advertisements to disclose the use of a synthetic performer; imposes a $1,000 civil penalty for a first violation and a $5,000 penalty for any subsequent violation.",3,Enrolled,2025,2025-12-01,Labeling/notification,1,Deepfakes; Criminal,['Michael Gianaris'],https://legiscan.com/NY/bill/S08420/2025,0,0,0,0,Pending - Low Exposure,0,0,0,0,0,15,2,12,1
NY,New York,A07029,"Directs the commissioner of education to make recommendations to the board of regents regarding the incorporation of instruction in artificial intelligence system literacy into the school curriculum at the elementary, junior high and senior high levels; directs the board of regents to adopt guidelines if the curriculum is adopted.",1,Introduced,2025,2025-03-18,"Program and documentation, Training",2,Education,"['Michaelle Solages', 'Harry Bronson']",https://legiscan.com/NY/bill/A07029/2025,0,0,0,0,Pending - Low Exposure,0,0,0,0,0,15,2,12,1
NY,New York,A00606,"Requires advertisements to disclose the use of a synthetic performer; imposes a $1,000 civil penalty for a first violation and a $5,000 penalty for any subsequent violation.",1,Introduced,2025,2025-01-08,Labeling/notification,1,Deepfakes; Criminal,"['Linda Rosenthal', 'Deborah Glick', 'Dana Levenberg', 'Maryjane Shimsky', 'Jo Simon', 'John Zaccaro', 'Angelo Santabarbara', 'Harry Bronson']",https://legiscan.com/NY/bill/A00606/2025,0,0,0,0,Pending - Low Exposure,0,0,0,0,0,15,2,12,1
NY,New York,A09091,Requires search engines inform users when showing information which was generated using artificial intelligence.,1,Introduced,2025,2025-09-12,Labeling/notification,1,General/Other,"['Keith Brown', 'Joseph DeStefano']",https://legiscan.com/NY/bill/A09091/2025,0,0,0,0,Pending - Low Exposure,0,0,0,0,0,15,2,12,1
NY,New York,A08947,"Enacts the ""youth & teen internet safety and social media literacy act""; directs the commissioner of education to provide technical assistance to school districts for the development of curricula for such study of courses which shall be age appropriate and developed according to the needs and abilities of pupils at successive grade levels in order to provide awareness, skills, information, and support to aid in the safe usage of the internet, social media, and artificial intelligence.",1,Introduced,2025,2025-07-16,"Program and documentation, Training",2,Education; Children,['Rebecca Seawright'],https://legiscan.com/NY/bill/A08947/2025,0,0,0,0,Pending - Low Exposure,1,0,0,1,0,15,2,12,1
NY,New York,A06545,Imposes liability for damages caused by a chatbot impersonating certain licensed professionals.,1,Introduced,2025,2025-03-06,"Program and documentation, General notice",2,Licensing,"['John Zaccaro', 'Yudelka Tapia', 'Steven Raga', 'David McDonough', 'Michael Novakhov', 'Phillip Steck', 'Maritza Davila', 'Jonathan Jacobson', 'Deborah Glick', ""Kwani O'Pharrow"", 'Carrie Woerner', 'Brian Miller', 'Keith Brown', 'Jeff Gallahan', 'Alicia Hyndman', 'Brian Cunningham', 'Karines Reyes', 'Kalman Yeger', 'Rebecca Kassay', 'Maryjane Shimsky', 'Samuel Pirozzolo', 'John McDonald', 'Emerita Torres', 'Marianne Buttenschon', 'Joe Sempolinski', 'Edward Ra', 'Dana Levenberg', 'Judy Griffin']",https://legiscan.com/NY/bill/A06545/2025,0,1,0,1,Pending - Some Exposure,0,0,0,0,0,15,2,12,1
NY,New York,S02414,"Enacts the ""political artificial intelligence disclaimer (PAID) act""; requires political communications that use synthetic media to disclose that they were created with the assistance of artificial intelligence; requires committees that use synthetic media to maintain records of such usage.",1,Introduced,2025,2025-01-17,"Program and documentation, General notice, Labeling/notification",3,Deepfakes; Elections,['Kevin Parker'],https://legiscan.com/NY/bill/S02414/2025,0,1,0,1,Pending - Some Exposure,0,0,0,0,0,15,2,12,1
NY,New York,S08589,Requires covered employers to provide notice to certain affected employees prior to any technological displacement; requires reporting; requires a workforce transition period; makes related provisions.,1,Introduced,2025,2025-11-21,"Program and documentation, General notice, Opt out/appeal",3,Employment,['Rachel May'],https://legiscan.com/NY/bill/S08589/2025,0,1,0,1,Pending - Some Exposure,0,0,0,0,0,15,2,12,1
NY,New York,A07278,"Prohibits state agencies and state-owned entities from utilizing large language models or any artificial intelligence systems to make decisions that affect individuals' rights, benefits, or services; requires such decisions to be made by human personnel of the respective state agency or state-owned entity; provides exceptions; provides for enforcement.",1,Introduced,2025,2025-03-21,"Program and documentation, Nondiscrimination",2,Government,['Rodneyse Bichotte Hermelyn'],https://legiscan.com/NY/bill/A07278/2025,1,0,0,1,Pending - Some Exposure,0,1,0,1,0,15,2,12,1
NY,New York,A09190,Prohibits the use of most artificial intelligence in classrooms prior to high school except for AI used for diagnostic purposes or explicit instruction interventions for students with disabilities.,1,Introduced,2025,2025-11-03,Program and documentation,1,Education,['Robert Carroll'],https://legiscan.com/NY/bill/A09190/2025,0,0,0,0,Pending - Low Exposure,0,0,0,0,0,15,2,12,1
NY,New York,A05216,Requires state units to purchase a product or service that is or contains an algorithmic decision system that adheres to responsible artificial intelligence standards; specifies content included in responsible artificial intelligence standards; requires the commissioner of taxation and finance to adopt certain regulations; alters the definition of unlawful discriminatory practice to include acts performed through algorithmic decision systems.,1,Introduced,2025,2025-02-12,"Program and documentation, Assessments, General notice, Nondiscrimination",4,Financial,['Michaelle Solages'],https://legiscan.com/NY/bill/A05216/2025,1,1,1,3,Pending - High Exposure,0,0,0,0,0,15,2,12,1
NY,New York,A08916,Prohibits licensees from relying on artificial intelligence for tracking and advertisement purposes and using such artificial intelligence to create personalized advertisements.,1,Introduced,2025,2025-07-16,Opt out/appeal,1,Licensing,"['Phillip Steck', 'John McDonald']",https://legiscan.com/NY/bill/A08916/2025,0,0,0,0,Pending - Low Exposure,0,0,0,0,0,15,2,12,1
NY,New York,A03327,"Requires any political communication, whether made by phone call, email or other message-based communication, that utilizes an artificial intelligence system to engage in human-like conversation with another shall, by reasonable means, apprise the person of the fact that they are communicating with an artificial intelligence system.",1,Introduced,2025,2025-01-27,Labeling/notification,1,Elections,['Clyde Vanel'],https://legiscan.com/NY/bill/A03327/2025,0,0,0,0,Pending - Low Exposure,0,0,0,0,0,15,2,12,1
NY,New York,S08459,Prohibits transcripts being made from video conference meetings by artificial intelligence without conspicuous disclosure during such meeting that such meeting may be transcribed by artificial intelligence.,1,Introduced,2025,2025-07-16,General notice,1,AI Governance,['Roxanne Persaud'],https://legiscan.com/NY/bill/S08459/2025,0,1,0,1,Pending - Some Exposure,0,0,0,0,0,15,2,12,1
NY,New York,S07263,Imposes liability for damages caused by a chatbot impersonating certain licensed professionals.,1,Introduced,2025,2025-04-07,"Program and documentation, General notice",2,Licensing,"['Kristen Gonzalez', 'Michelle Hinchey', 'John Liu', 'Julia Salazar']",https://legiscan.com/NY/bill/S07263/2025,0,1,0,1,Pending - Some Exposure,0,0,0,0,0,15,2,12,1
NY,New York,A09253,"Requires policing agencies to conduct an inventory of, and develop a publicly-available policy for, any artificial intelligence used to aid criminal investigations.",1,Introduced,2025,2025-11-21,"Program and documentation, Assessments, General notice, Labeling/notification",4,Criminal,['Linda Rosenthal'],https://legiscan.com/NY/bill/A09253/2025,0,1,1,2,Pending - High Exposure,0,0,0,0,0,15,2,12,1
NY,New York,A06656,Requires certain companies which utilize artificial intelligence to file responsible capability scaling policies with the chief information officer.,1,Introduced,2025,2025-03-06,"Program and documentation, Responsible individual",2,General/Other,['Jenifer Rajkumar'],https://legiscan.com/NY/bill/A06656/2025,0,0,0,0,Pending - Low Exposure,0,0,0,0,0,15,2,12,1
NY,New York,S01169,Regulates the development and use of certain artificial intelligence systems to prevent algorithmic discrimination; requires independent audits of high risk AI systems; provides for enforcement by the attorney general as well as a private right of action.,2,Engrossed,2025,2025-06-12,"Program and documentation, Assessments, General notice, Explanation/incident reporting, Third-party review, Opt out/appeal, Nondiscrimination",7,AI Governance,"['Kristen Gonzalez', 'Jamaal Bailey', 'Jabari Brisport', 'Siela Bynoe', 'Cordell Cleare', 'Patricia Fahy', 'Nathalia Fernandez', 'Andrew Gounardes', 'Michelle Hinchey', 'Robert Jackson', 'John Liu', 'Rachel May', 'Roxanne Persaud', 'Gustavo Rivera', 'Julia Salazar', 'James Sanders', 'Lea Webb']",https://legiscan.com/NY/bill/S01169/2025,1,1,1,3,Pending - High Exposure,0,0,0,0,0,15,2,12,1
NY,New York,A09028,Requires real estate brokers and online housing platforms using virtual agents and AI tools to conduct a disparate impact analysis to assess the actual impact of any such virtual agent; requires such individuals to submit a summary of the most recent disparate impact analysis to the attorney general's office; requires online housing platforms using virtual agents to provide an option to communicate with a human representative; makes certain provisions requiring anti-discriminatory measures for virtual agents and AI tools.,1,Introduced,2025,2025-09-05,"Assessments, Explanation/incident reporting, Nondiscrimination",3,Housing,['Linda Rosenthal'],https://legiscan.com/NY/bill/A09028/2025,1,0,1,2,Pending - High Exposure,0,0,0,0,0,15,2,12,1
NY,New York,A08884,Regulates the development and use of certain artificial intelligence systems to prevent algorithmic discrimination; requires independent audits of high risk AI systems; provides for enforcement by the attorney general as well as a private right of action.,1,Introduced,2025,2025-06-09,"Program and documentation, Assessments, Responsible individual, General notice, Explanation/incident reporting, Third-party review, Opt out/appeal, Nondiscrimination",8,AI Governance,"['Michaelle Solages', 'Emily Gallagher', 'Phara Souffrant Forrest', 'Marcela Mitaynes', 'Claire Valdez', 'Emerita Torres', 'Sarahana Shrestha', 'Jessica Gonzalez-Rojas', 'Alex Bores', 'Eddie Gibbs', 'Sarah Clark', 'Larinda Hooks', 'Anna Kelles', 'Steven Raga', 'Clyde Vanel', 'Harvey Epstein', 'Jonathan Jacobson', 'Grace Lee', 'George Alvarez']",https://legiscan.com/NY/bill/A08884/2025,1,1,1,3,Pending - High Exposure,0,0,0,0,0,15,2,12,1
NY,New York,A03930,Regulates the use of artificial intelligence in aiding decisions on rental housing and loans; requires a study on the impact of artificial intelligence and machine learning on housing discrimination and redlining.,1,Introduced,2025,2025-01-30,"Program and documentation, Assessments, General notice, Explanation/incident reporting, Opt out/appeal, Nondiscrimination",6,Financial,"['Linda Rosenthal', 'Charles Lavine']",https://legiscan.com/NY/bill/A03930/2025,1,1,1,3,Pending - High Exposure,0,0,0,0,0,15,2,12,1
NY,New York,A07656,"Prohibits political communication containing any photo, video or audio depiction of a candidate created in whole or in part through the use of generative artificial intelligence.",1,Introduced,2025,2025-04-04,"Program and documentation, General notice",2,Elections,['Jenifer Rajkumar'],https://legiscan.com/NY/bill/A07656/2025,0,1,0,1,Pending - Some Exposure,0,0,0,0,0,15,2,12,1
NY,New York,A03265,"Enacts the New York artificial intelligence bill of rights to provide residents of the state with rights and protections to ensure that any system making decisions without human intervention impacting their lives do so lawfully, properly, and with meaningful oversight.",1,Introduced,2025,2025-01-27,"Program and documentation, Assessments, General notice, Explanation/incident reporting, Third-party review, Opt out/appeal, Nondiscrimination",7,AI Governance,"['Clyde Vanel', 'Jacob Blumencranz', 'Rodneyse Bichotte Hermelyn', 'Alicia Hyndman', 'Dana Levenberg']",https://legiscan.com/NY/bill/A03265/2025,1,1,1,3,Pending - High Exposure,0,0,0,0,0,15,2,12,1
NY,New York,A06180,Excludes a production using artificial intelligence or autonomous vehicles in a manner which results in the displacement of employees whose salaries are qualified expenses from the definition of qualified film for the purposes of the empire state film production credit.,1,Introduced,2025,2025-02-26,"Program and documentation, Nondiscrimination",2,Vehicles; Financial,"['Demond Meeks', 'Angelo Santabarbara', 'Zohran Kwame Mamdani', 'Chantel Jackson', 'Khaleel Anderson', 'John Zaccaro', 'Eddie Gibbs', 'Sarah Clark', 'Brian Cunningham', 'Linda Rosenthal', 'Harry Bronson']",https://legiscan.com/NY/bill/A06180/2025,1,0,0,1,Pending - Some Exposure,0,0,0,0,0,15,2,12,1
NY,New York,S06751,Excludes a production using artificial intelligence or autonomous vehicles in a manner which results in the displacement of employees whose salaries are qualified expenses from the definition of qualified film for the purposes of the empire state film production credit.,1,Introduced,2025,2025-03-21,"Program and documentation, Nondiscrimination",2,Vehicles; Financial,"['Lea Webb', 'Leroy Comrie', 'John Liu', 'Jessica Ramos', 'Julia Salazar']",https://legiscan.com/NY/bill/S06751/2025,1,0,0,1,Pending - Some Exposure,0,0,0,0,0,15,2,12,1
NY,New York,A00222,"Imposes liability for misleading, incorrect, contradictory or harmful information to a user by a chatbot that results in financial loss or other demonstrable harm.",1,Introduced,2025,2025-01-08,"Program and documentation, General notice",2,Financial,"['Clyde Vanel', 'Jennifer Lunsford']",https://legiscan.com/NY/bill/A00222/2025,0,1,0,1,Pending - Some Exposure,0,0,0,0,0,15,2,12,1
NY,New York,A03924,"Relates to privacy rights involving digitization; provides that such right of privacy and action for injunction and damages shall include a portrait, picture, likeness or voice created or altered by digitization.",1,Introduced,2025,2025-01-30,"Program and documentation, Opt out/appeal",2,Privacy,['Alex Bores'],https://legiscan.com/NY/bill/A03924/2025,0,0,0,0,Pending - Low Exposure,0,0,0,0,0,15,2,12,1
NY,New York,A00773,Relates to the use of automated lending decision-making tools by banks for the purposes of making lending decisions; allows loan applicants to consent to or opt out of such use.,1,Introduced,2025,2025-01-08,"Assessments, General notice, Explanation/incident reporting, Opt out/appeal",4,Financial,"['Linda Rosenthal', 'Micah Lasher']",https://legiscan.com/NY/bill/A00773/2025,0,1,1,2,Pending - High Exposure,0,0,0,0,0,15,2,12,1
NY,New York,S08115,Relates to the use of automated lending decision-making tools by banks for the purposes of making lending decisions; allows loan applicants to consent to or opt out of such use.,1,Introduced,2025,2025-05-15,"Assessments, General notice, Explanation/incident reporting, Opt out/appeal, Nondiscrimination",5,Financial,['James Sanders'],https://legiscan.com/NY/bill/S08115/2025,1,1,1,3,Pending - High Exposure,0,0,0,0,0,15,2,12,1
NY,New York,S05668,"Imposes liability for misleading, incorrect, contradictory or harmful information to a user by a chatbot that results in financial loss or other demonstrable harm.",1,Introduced,2025,2025-02-27,"Program and documentation, General notice",2,Financial,['Kristen Gonzalez'],https://legiscan.com/NY/bill/S05668/2025,0,1,0,1,Pending - Some Exposure,0,0,0,0,0,15,2,12,1
NY,New York,A06491,Prohibits the creation and dissemination of synthetic media within sixty days of an election with intent to unduly influence the outcome of an election; makes such act a class E felony.,1,Introduced,2025,2025-03-05,"Program and documentation, General notice",2,Deepfakes; Elections,['Clyde Vanel'],https://legiscan.com/NY/bill/A06491/2025,0,1,0,1,Pending - Some Exposure,0,0,0,0,0,15,2,12,1
NY,New York,A01280,"Establishes the crime of unlawful dissemination or publication of a fabricated photographic, videographic, or audio record as a class E felony.",1,Introduced,2025,2025-01-09,Program and documentation,1,Criminal,"['Clyde Vanel', 'Alicia Hyndman', 'John Zaccaro', 'Jo Simon', 'Deborah Glick', 'Dana Levenberg']",https://legiscan.com/NY/bill/A01280/2025,0,0,0,0,Pending - Low Exposure,0,0,0,0,0,15,2,12,1
NY,New York,A07611,"Enacts the ""New York State Digital Government Modernization Act""; establishes the digital government modernization initiative and the digital government enhancements pilot program.",1,Introduced,2025,2025-04-01,"Program and documentation, Assessments, General notice",3,Government,"['Matthew Slater', 'Angelo Morinello', 'Robert Smullen', 'David McDonough', 'Keith Brown']",https://legiscan.com/NY/bill/A07611/2025,0,1,1,2,Pending - High Exposure,0,0,0,0,0,15,2,12,1
NY,New York,A03929,Requires disclosure of social media posts that are paid for by a campaign; authorizes the state board of elections to promulgate certain regulations.,1,Introduced,2025,2025-01-30,"Program and documentation, General notice, Labeling/notification",3,Elections,"['Jeffrey Dinowitz', 'Paula Kay', 'Dana Levenberg', 'George Alvarez', 'Yudelka Tapia', 'Maryjane Shimsky', 'Brian Cunningham', 'Deborah Glick', ""Kwani O'Pharrow"", 'Jennifer Lunsford', 'Rebecca Kassay']",https://legiscan.com/NY/bill/A03929/2025,0,1,0,1,Pending - Some Exposure,0,0,0,0,0,15,2,12,1
NY,New York,S02437,Requires disclosure of social media posts that are paid for by a campaign; authorizes the state board of elections to promulgate certain regulations.,2,Engrossed,2025,2025-03-25,"Program and documentation, General notice, Labeling/notification",3,Elections,"['Liz Krueger', 'Lea Webb']",https://legiscan.com/NY/bill/S02437/2025,0,1,0,1,Pending - Some Exposure,0,0,0,0,0,15,2,12,1
NY,New York,S06471,Relates to the use of automated decision tools by landlords for making housing decisions; sets conditions and rules for use of such tools.,1,Introduced,2025,2025-03-14,"Assessments, General notice, Labeling/notification, Opt out/appeal",4,AI Governance,['Cordell Cleare'],https://legiscan.com/NY/bill/S06471/2025,0,1,1,2,Pending - High Exposure,0,0,0,0,0,15,2,12,1
NY,New York,A03125,Relates to the use of automated decision tools by landlords for making housing decisions; sets conditions and rules for use of such tools.,1,Introduced,2025,2025-01-23,"Assessments, General notice, Labeling/notification, Opt out/appeal",4,AI Governance,"['Linda Rosenthal', 'Deborah Glick', 'Dana Levenberg', 'Maryjane Shimsky', 'Jo Simon', 'Christopher Burdick', 'Chantel Jackson', 'Nikki Lucas', 'Steven Otis']",https://legiscan.com/NY/bill/A03125/2025,0,1,1,2,Pending - High Exposure,0,0,0,0,0,15,2,12,1
NY,New York,A01332,"Creates a state office of algorithmic innovation to set policies and standards to ensure algorithms are safe, effective, fair, and ethical, and that the state is conducive to promoting algorithmic innovation.",1,Introduced,2025,2025-01-09,"Program and documentation, Responsible individual",2,AI Governance,"['Jenifer Rajkumar', 'George Alvarez', 'Charles Lavine', 'Patrick Burke']",https://legiscan.com/NY/bill/A01332/2025,0,0,0,0,Pending - Low Exposure,0,0,0,0,0,15,2,12,1
NY,New York,J00170,"Honoring Karen E. Roth, Chief Engineer for the Air Force Research Laboratory in Rome, New York, upon the occasion of being appointed President of the Society of Women Engineers",4,Passed,2025,2025-01-14,Program and documentation,1,Employment,['Joseph Griffo'],https://legiscan.com/NY/bill/J00170/2025,0,0,0,0,Low Risk,0,0,0,0,0,15,2,12,1
NY,New York,A01952,Requires employers and employment agencies to notify candidates for employment if machine learning technology is used to make hiring decisions prior to the use of such technology.,1,Introduced,2025,2025-01-14,"General notice, Labeling/notification, Opt out/appeal",3,Elections; Employment,"['Linda Rosenthal', 'Deborah Glick', 'Dana Levenberg', 'Maryjane Shimsky', 'Jo Simon', 'Alex Bores']",https://legiscan.com/NY/bill/A01952/2025,0,1,0,1,Pending - Some Exposure,0,0,0,0,0,15,2,12,1
NY,New York,A03437,Prohibits food service establishments from using a dynamic pricing model in determining the prices on its menu; requires fixed prices be published on a food service establishment's menu.,1,Introduced,2025,2025-01-27,Program and documentation,1,AI Governance,"['Angelo Santabarbara', 'Karines Reyes', 'Joseph DeStefano', 'Dana Levenberg']",https://legiscan.com/NY/bill/A03437/2025,0,0,0,0,Pending - Low Exposure,0,0,0,0,0,15,2,12,1
NY,New York,J00290,"Honoring Kenneth Reece upon the occasion of his designation for special recognition at the Young, Gifted, and Black Entrepreneurial Awards 20th Anniversary Gala on February 26, 2025",4,Passed,2025,2025-02-11,,0,General/Other,['Kevin Parker'],https://legiscan.com/NY/bill/J00290/2025,0,0,0,0,Low Risk,0,0,0,0,0,15,2,12,1
NY,New York,A08704,Expands the New York opportunity promise scholarship to include all SUNY AND CUNY approved programs which award certain associate's degrees.,1,Introduced,2025,2025-05-30,,0,General/Other,['Nikki Lucas'],https://legiscan.com/NY/bill/A08704/2025,0,0,0,0,Pending - Low Exposure,0,0,0,0,0,15,2,12,1
NY,New York,S08356,Expands the New York opportunity promise scholarship to include all SUNY AND CUNY approved programs which award certain associate's degrees.,1,Introduced,2025,2025-06-04,,0,General/Other,['Andrew Gounardes'],https://legiscan.com/NY/bill/S08356/2025,0,0,0,0,Pending - Low Exposure,0,0,0,0,0,15,2,12,1
NY,New York,A03071,"Establishes a five-year dental health demonstration project in the county of Monroe for the purpose of reimbursement to providers for eligible dental diagnostic services for certain eligible populations, including but not limited to pregnant persons and post-partum persons.",1,Introduced,2025,2025-01-23,,0,Healthcare,"['Jennifer Lunsford', 'Demond Meeks']",https://legiscan.com/NY/bill/A03071/2025,0,0,0,0,Pending - Low Exposure,0,0,0,0,0,15,2,12,1
NY,New York,A08843,Removes the requirement that an applicant for the New York opportunity promise scholarship have has not already obtained any postsecondary degree.,1,Introduced,2025,2025-06-09,,0,General/Other,['Jonathan Jacobson'],https://legiscan.com/NY/bill/A08843/2025,0,0,0,0,Pending - Low Exposure,0,0,0,0,0,15,2,12,1
NY,New York,S03243,"Establishes a five-year dental health demonstration project in the county of Monroe for the purpose of reimbursement to providers for eligible dental diagnostic services for certain eligible populations, including but not limited to pregnant persons and post-partum persons.",2,Engrossed,2025,2025-06-11,,0,Healthcare,['Jeremy Cooney'],https://legiscan.com/NY/bill/S03243/2025,0,0,0,0,Pending - Low Exposure,0,0,0,0,0,15,2,12,1
NY,New York,A06293,"Establishes the crime of aggravated harassment by means of electronic or digital communication; provides for a private right of action for the unlawful dissemination or publication of deep fakes, which are digitized images which are altered to incorporate a person's face or their identifiable body part onto an image and such image depicts a pornographic or lewd sex act or graphic violence.",1,Introduced,2025,2025-03-03,"Program and documentation, Opt out/appeal",2,Criminal,"['Steven Otis', 'Edward Braunstein']",https://legiscan.com/NY/bill/A06293/2025,0,0,0,0,Pending - Low Exposure,0,0,0,0,0,15,2,12,1
NY,New York,S06278,"Establishes the crime of aggravated harassment by means of electronic or digital communication; provides for a private right of action for the unlawful dissemination or publication of deep fakes, which are digitized images which are altered to incorporate a person's face or their identifiable body part onto an image and such image depicts a pornographic or lewd sex act or graphic violence.",1,Introduced,2025,2025-03-07,"Program and documentation, General notice, Opt out/appeal",3,Criminal,['Jessica Scarcella-Spanton'],https://legiscan.com/NY/bill/S06278/2025,0,1,0,1,Pending - Some Exposure,0,0,0,0,0,15,2,12,1
NY,New York,S03133,"Prohibits the manufacture, modification, sale, transfer, equipping, use, or operation of a robotic device or an uncrewed aircraft equipped or mounted with a weapon within the state.",1,Introduced,2025,2025-01-23,"Program and documentation, General notice, Opt out/appeal",3,Weapons/Defense,"['Jeremy Cooney', 'Joseph Addabbo', 'Anthony Palumbo', 'Christopher Ryan', 'James Skoufis']",https://legiscan.com/NY/bill/S03133/2025,0,1,0,1,Pending - Some Exposure,0,0,0,0,0,15,2,12,1
NY,New York,A00399,"Prohibits the manufacture, modification, sale, transfer, equipping, use, or operation of a robotic device or an uncrewed aircraft equipped or mounted with a weapon within the state.",1,Introduced,2025,2025-01-08,"Program and documentation, General notice, Opt out/appeal",3,Weapons/Defense,"['Clyde Vanel', 'Jennifer Lunsford', 'Jacob Blumencranz', 'Sam Berger', 'Alfred Taylor', 'Harvey Epstein', 'Angelo Santabarbara', 'David Weprin', 'Brian Cunningham', 'Michaelle Solages', 'Rebecca Kassay']",https://legiscan.com/NY/bill/A00399/2025,0,1,0,1,Pending - Some Exposure,0,0,0,0,0,15,2,12,1
NY,New York,A03719,Imposes a tax on certain businesses when people are displaced from their employment due to certain technologies based on the sum of any taxes or fees imposed by the state or any political subdivision thereof computed based on a displaced employee's wage.,1,Introduced,2025,2025-01-30,Program and documentation,1,Elections; Employment,['Patrick Burke'],https://legiscan.com/NY/bill/A03719/2025,0,0,0,0,Pending - Low Exposure,0,0,1,1,0,15,2,12,1
NY,New York,A02249,"Defines ""model management group""; provides for the registration process for model management groups; provides for exemption from registration requirements for model management companies and groups.",4,Passed,2025,2025-02-14,"Program and documentation, General notice, Registration, Opt out/appeal",4,AI Governance,"['Karines Reyes', 'William Colton']",https://legiscan.com/NY/bill/A02249/2025,0,1,0,1,Moderate Risk,0,0,0,0,0,15,2,12,1
NY,New York,S00823,"Defines ""model management group""; provides for the registration process for model management groups; provides for exemption from registration requirements for model management companies and groups.",1,Introduced,2025,2025-01-08,"Program and documentation, General notice, Registration, Opt out/appeal",4,AI Governance,['Brad Hoylman-Sigal'],https://legiscan.com/NY/bill/S00823/2025,0,1,0,1,Pending - Some Exposure,0,0,0,0,0,15,2,12,1
NY,New York,A04970,"Relates to classroom safety mechanisms, emergency medical equipment, and evidence-based best practices for school safety planning and training.",1,Introduced,2025,2025-02-10,"Program and documentation, Training, Responsible individual",3,Healthcare; Education,['Alicia Hyndman'],https://legiscan.com/NY/bill/A04970/2025,0,0,0,0,Pending - Low Exposure,0,0,0,0,0,15,2,12,1
NY,New York,S03005,"Enacts into law major components of legislation necessary to implement the state public protection and general government budget for the 2025-2026 state fiscal year; extends provisions of law relating to criminal justice including the psychological testing of candidates, expanding the geographic area of employment of certain police officers, prisoner furloughs in certain cases and the crime of absconding therefrom, correctional facilities, incarcerated individual work release, furlough and leave, certain provisions which impact upon expenditure of certain appropriations made by chapter 50 of the laws of 1994 enacting the state operations budget, taxes, surcharges, fees and funding, prison and jail housing and alternatives to detention and incarceration programs, taxes, expiration of the mandatory surcharge and victim assistance fee, the ignition interlock device program, the merit provisions, prisoner litigation reform and the incarcerated individual filing fee provisions of the civil practice law and rules and general filing fee provision and incarcerated individual property claims exhaustion requirement of the court of claims act of such chapter, the family protection and domestic violence intervention act of 1994, certain provisions requiring the arrest of certain persons engaged in family violence, the use of closed-circuit television and other protective measures for certain child witnesses, the counties, the interstate compact for adult offender supervision, limiting the closing of certain correctional facilities, the custody by the department of correctional services of incarcerated individual serving definite sentences, custody of federal prisoners, the closing of certain correctional facilities, military funds of the organized militia, providing for community treatment facilities and establishing the crime of absconding from the community treatment facility; relates to the pre-criminal proceeding settlements in the city of New York (Part A); expands eligibility for who may hold correction and police officer positions (Part C); expands support services for victims of financial abuse and homicide (Part G); expands protections and services to survivors of sexual assault for itemized charges related to exams for such survivors (Part H); improves access to public assistance for survivors of gender-based violence; repeals provisions relating thereto (Part I); requires certain employers to implement a model gender-based violence and the workplace policy (Part J); prohibits artificial intelligence-generated child sexual abuse material (Part L); extends provisions of law relating to liquidator's permits and temporary retail permits (Part Q); increases the bond limit for the New York city transitional finance authority (Part R); modifies the industrial and commercial abatement program (Part S); extends the civil service examination fee waiver for certain persons (Part V); provides for an optional payment election for certain employees (Part W); authorizes construction manager as constructor contracts as an alternative delivery method for authorized projects; defines construction manager as constructor contracts (Part Y); allows certain residents or fellows to render medical care in cases of workers' compensation injuries (Part AA); provides for temporary payment of compensation for medical treatment and care, including prescription drugs (Part CC); establishes a body-worn cameras program within the department of corrections and community supervision to increase accountability (Part GG); relates to the functions, powers and duties of the state commission on correction (Part HH); extends the time the New York State community commission on reparations remedies has to submit a written report of its findings and recommendations to the legislature and the governor (Part JJ); establishes the ""Oak Orchard wastewater project design-build act"" for the wastewater treatment plant in the town of Clay, county of Onondaga (Part KK); increases the amount of allowance that trial and grand jurors are entitled to in each court of the unified court system (Part LL); establishes the New York state office of gun violence prevention (Part MM); provides for ten additional judges for the New York city civil court and five additional judges for the court of claims (Part NN); relates to public campaign financing; changes certain thresholds and procedures; repeals certain provisions of chapter 58 of 2020 relating to severability (Part OO); delays implementing certain restrictions on outside earned income by members of the legislature until January 1, 2027 (Part PP); requires that candidates for the offices of governor and lieutenant governor are designated jointly; provides that ballots shall reflect that that offices of governor and lieutenant governor are voted for jointly (Part QQ); relates to civil enforcement actions initiated by the attorney-general (Part RR); restores 20 year service retirement for New York city police officers (Part SS); establishes a twenty-five year retirement plan for firefighters employed by the division of military and naval affairs (Part TT); removes eligibility or receipt of primary social security disability benefits as a condition for ordinary disability retirement for New York city enhanced plan members in active service who are not eligible for a normal retirement benefit and have completed five years or more of service (Part UU); extends the retiree earnings limitation waiver for school employees until June 30, 2027 (Part VV); authorizes courts to dispense with the personal appearance of a party or the defendant and conduct such appearance electronically; repeals provisions relating to appearances in court; provides for the repeal of such provisions upon the expiration thereof (Part WW); relates to promotions of police detectives, sergeants, and lieutenants for retirement purposes (Part XX); establishes alternative twenty and twenty-five year plans for certain law enforcement members or officers; provides for accidental disability retirement allowance for certain members (Part YY); lowers the minimum hiring age for correction officers to eighteen (Part ZZ); extends provisions related to the operation and administration of the legislature (Part AAA); relates to authorizing the department of corrections and community supervision to close up to three correctional facilities in the 2025--2026 state fiscal year; provides for the repeal of such provisions upon expiration thereof (Part BBB).",1,Introduced,2025,2025-01-22,"Program and documentation, General notice, Registration, Opt out/appeal",4,Healthcare; Elections; Education; Employment; Government; Criminal; Children; Financial,['Budget'],https://legiscan.com/NY/bill/S03005/2025,0,1,0,1,Pending - Some Exposure,1,0,0,1,0,15,2,12,1
NY,New York,S00185,Restricts the use by an employer or an employment agency of electronic monitoring or an automated employment decision tool to screen a candidate or employee for an employment decision unless such tool has been the subject of an impact assessment within the last year; requires notice to employment candidates of the use of such tools; provides remedies for violations.,1,Introduced,2025,2025-01-08,"Assessments, General notice, Opt out/appeal",3,Elections; Employment,"['Brad Hoylman-Sigal', 'Nathalia Fernandez', 'Kristen Gonzalez', 'Robert Jackson', 'John Liu']",https://legiscan.com/NY/bill/S00185/2025,0,1,1,2,Pending - High Exposure,0,0,0,0,0,15,2,12,1
NY,New York,S04928,Relates to the regulation of street vendors in cities with a population of one million or more by authorizing such cities to adopt a program to regulate street vendors; requires street vendors to obtain a permit; provides for penalties for failure to comply with such regulations.,1,Introduced,2025,2025-02-14,"Program and documentation, Registration",2,General/Other,"['Jessica Ramos', 'Jabari Brisport', 'Kristen Gonzalez', 'Peter Harckham', 'Robert Jackson', 'Gustavo Rivera', 'Julia Salazar', 'Luis Sepulveda', 'Jose Serrano']",https://legiscan.com/NY/bill/S04928/2025,0,0,0,0,Pending - Low Exposure,0,0,0,0,0,15,2,12,1
NY,New York,S03008,"Enacts into law major components of legislation necessary to implement the state transportation, economic development and environmental conservation budget for the 2025-2026 state fiscal year; relates to the waterfront commission act; makes amendments to change ""applicant"" to ""licensee or registrant"" (Part A); provides for mass transportation payments to the Central New York Regional Transportation District; adds Cortland county to such district (Part B); relates to extending the authorization for a pre-licensing course internet program (Part C); increases the value of a motor vehicle considered abandoned which can become property of the local authority the vehicle is abandoned in (Part D); extends provisions of law relating to certain tax increment financing provisions (Part I); relates to certain provisions regarding labor disputes involving the Metropolitan Transportation Authority (Part J); relates to the acquisitions or transfers of property for certain transit projects; extends the effectiveness of certain provisions of law relating thereto (Part K); relates to funding for net paratransit operating expenses for the city of New York and the metropolitan transportation authority and makes permanent certain provisions of law relating thereto (Part L); provides funding for the metropolitan transportation authority 2025-2029 capital program (Part M); establishes a demonstration program on certain covered locations to enforce vehicle weight restriction on such interstate by means of mobile or stationary weigh in motion systems (Part N); authorizes a photo monitoring program for the Triborough bridge and tunnel authority and New York state bridge authority; extends provisions relating to certain notices of liability (Part Q); relates to the effectiveness of the New York state health insurance continuation assistance demonstration project (Part S); authorizes the Olympic regional development authority to enter into agreements for membership of one or more of its ski venues in reciprocal ski pass programs where such members are required to guarantee contractual indemnity up to a capped amount (Part T); regulates artificial intelligence companion models; establishes a suicide prevention fund (Part U); relates to refund policies for online retailers (Part V); enhances disclosure requirements for automatic renewals (Part W); requires disclosure of algorithmically set prices for goods and services (Part X); relates to the regulation of buy-now-pay-later lenders; requires such lenders to be licensed or authorized; establishes prohibited acts, limitations on loans, and consumer protections (Part Y); establishes reporting requirements for pharmacy benefit managers about the rebate contracts between pharmacy benefit managers and drug manufacturers (Part Z); provides for rate increases for hire motor vehicle insurance (Part CC); extends the authority of the New York state urban development to administer the empire state economic development fund (Part EE); extends the power of the New York state urban development corporation to make loans to 07/01/2026 (Part FF); extends the authority of the dormitory authority to enter into certain design and construction management agreements (Part GG); expands certain provisions of the state finance law and the New York state infrastructure trust fund; directs a policy study analyzing ways to improve the effectiveness of the minority and women-owned business enterprise program (Part KK); increases the cap on the amount of money authorized to be on deposit pursuant to the excelsior linked deposit program at any given time (Part LL); relates to purchasing thresholds for minority- or women-owned businesses or service-disabled veteran-owned businesses (Part MM); authorizes the New York convention center operating corporation to establish a subsidiary for the purposes of forming a pure captive insurance company (Part NN); extends the waste tire management fee until December 31, 2027; requires notice of the waste tire management and recycling program to be provided to customers; removes the exclusion for mail order sales (Part PP); extends provisions of the deer hunting program to 2028 (Part QQ); relates to financial responsibility, recovery of response costs and natural resource damages, and abatement actions relating to disposal of inactive hazardous waste (Part RR); relates to the recall of a class B firefighting foam; prohibits the sale or distribution of firefighting personal protective equipment that contains intentionally added PFAS; directs the department of environmental conservation to make a recommendation to the legislature on whether to postpone the effectiveness of such provisions (Part SS); exempts conveyances of real property for open space, parks, or historic preservation purposes to any not-for-profit corporation operated for conservation, environmental, parks or historic preservation purposes (Part TT); authorizes the New York state energy research and development authority to finance a portion of its research, development and demonstration, policy and planning, Fuel NY program, climate change related expenses of the department of environmental conservation from an assessment on gas and electric corporations (Part VV); relates to utility and cable television assessments that provide funds to the department of health from cable television assessment revenues and to the department of agriculture and markets, department of state, the office of parks, recreation and historic preservation, and the department of environmental conservation from utility assessment revenues; requires accountings be submitted of such funds (Part XX); increases and redirects civil penalties for failing to comply with the department of public service's prescribed rules and regulations established for the protection of underground facilities; amends the effectiveness of certain provisions relating to establishing the underground facilities safety training account (Part YY); authorizes the department of taxation and finance to disclose certain information to the department of environmental conservation or the New York state energy research and development authority for the purpose of implementing the New York state climate leadership and community protection act (Part ZZ); establishes a commission to replace the statue of Robert R. Livingston in the National Statuary Hall of the United States Capitol with a statue of Harriet Tubman; provides that such commission shall consist of the governor or a designee, the temporary president of the senate or a designee, the speaker of the assembly or a designee, the executive director of the council on the arts or a designee, and the commissioner of the office of general services or a designee (Part BBB); extends certain rebates to municipalities for clean vehicle projects (Part CCC); relates to appointments to the cannabis board, removes provisions of law deeming a person acting as chairperson of the cannabis control board as a state officer; relates to agreements of such board with the New York state Indian nations and tribes (Part DDD); relates to a special license fee for a licensee allowed to engage in the cultivation, processing, distribution and retail of both medical cannabis and adult use cannabis; makes a conforming technical change; and provides for the repeal of certain provisions of the cannabis law (Part EEE).",4,Passed,2025,2025-05-09,"Program and documentation, General notice, Registration, Opt out/appeal",4,Healthcare; Employment; Children; Vehicles; Financial,['Budget'],https://legiscan.com/NY/bill/S03008/2025,0,1,0,1,Moderate Risk,1,0,1,1,0,15,2,12,1
NY,New York,A03008,"Enacts into law major components of legislation necessary to implement the state transportation, economic development and environmental conservation budget for the 2025-2026 state fiscal year; relates to the waterfront commission act; makes amendments to change ""applicant"" to ""licensee or registrant"" (Part A); provides for mass transportation payments to the Central New York Regional Transportation District; adds Cortland county to such district (Part B); relates to extending the authorization for a pre-licensing course internet program (Part C); increases the value of a motor vehicle considered abandoned which can become property of the local authority the vehicle is abandoned in (Part D); extends provisions of law relating to certain tax increment financing provisions (Part I); relates to certain provisions regarding labor disputes involving the Metropolitan Transportation Authority (Part J); relates to the acquisitions or transfers of property for certain transit projects; extends the effectiveness of certain provisions of law relating thereto (Part K); relates to funding for net paratransit operating expenses for the city of New York and the metropolitan transportation authority and makes permanent certain provisions of law relating thereto (Part L); provides funding for the metropolitan transportation authority 2025-2029 capital program (Part M); establishes a demonstration program on certain covered locations to enforce vehicle weight restriction on such interstate by means of mobile or stationary weigh in motion systems (Part N); authorizes a photo monitoring program for the Triborough bridge and tunnel authority and New York state bridge authority; extends provisions relating to certain notices of liability (Part Q); relates to the effectiveness of the New York state health insurance continuation assistance demonstration project (Part S); authorizes the Olympic regional development authority to enter into agreements for membership of one or more of its ski venues in reciprocal ski pass programs where such members are required to guarantee contractual indemnity up to a capped amount (Part T); regulates artificial intelligence companion models; establishes a suicide prevention fund (Part U); relates to refund policies for online retailers (Part V); enhances disclosure requirements for automatic renewals (Part W); requires disclosure of algorithmically set prices for goods and services (Part X); relates to the regulation of buy-now-pay-later lenders; requires such lenders to be licensed or authorized; establishes prohibited acts, limitations on loans, and consumer protections (Part Y); establishes reporting requirements for pharmacy benefit managers about the rebate contracts between pharmacy benefit managers and drug manufacturers (Part Z); provides for rate increases for hire motor vehicle insurance (Part CC); extends the authority of the New York state urban development to administer the empire state economic development fund (Part EE); extends the power of the New York state urban development corporation to make loans to 07/01/2026 (Part FF); extends the authority of the dormitory authority to enter into certain design and construction management agreements (Part GG); expands certain provisions of the state finance law and the New York state infrastructure trust fund; directs a policy study analyzing ways to improve the effectiveness of the minority and women-owned business enterprise program (Part KK); increases the cap on the amount of money authorized to be on deposit pursuant to the excelsior linked deposit program at any given time (Part LL); relates to purchasing thresholds for minority- or women-owned businesses or service-disabled veteran-owned businesses (Part MM); authorizes the New York convention center operating corporation to establish a subsidiary for the purposes of forming a pure captive insurance company (Part NN); extends the waste tire management fee until December 31, 2027; requires notice of the waste tire management and recycling program to be provided to customers; removes the exclusion for mail order sales (Part PP); extends provisions of the deer hunting program to 2028 (Part QQ); relates to financial responsibility, recovery of response costs and natural resource damages, and abatement actions relating to disposal of inactive hazardous waste (Part RR); relates to the recall of a class B firefighting foam; prohibits the sale or distribution of firefighting personal protective equipment that contains intentionally added PFAS; directs the department of environmental conservation to make a recommendation to the legislature on whether to postpone the effectiveness of such provisions (Part SS); exempts conveyances of real property for open space, parks, or historic preservation purposes to any not-for-profit corporation operated for conservation, environmental, parks or historic preservation purposes (Part TT); authorizes the New York state energy research and development authority to finance a portion of its research, development and demonstration, policy and planning, Fuel NY program, climate change related expenses of the department of environmental conservation from an assessment on gas and electric corporations (Part VV); relates to utility and cable television assessments that provide funds to the department of health from cable television assessment revenues and to the department of agriculture and markets, department of state, the office of parks, recreation and historic preservation, and the department of environmental conservation from utility assessment revenues; requires accountings be submitted of such funds (Part XX); increases and redirects civil penalties for failing to comply with the department of public service's prescribed rules and regulations established for the protection of underground facilities; amends the effectiveness of certain provisions relating to establishing the underground facilities safety training account (Part YY); authorizes the department of taxation and finance to disclose certain information to the department of environmental conservation or the New York state energy research and development authority for the purpose of implementing the New York state climate leadership and community protection act (Part ZZ); establishes a commission to replace the statue of Robert R. Livingston in the National Statuary Hall of the United States Capitol with a statue of Harriet Tubman; provides that such commission shall consist of the governor or a designee, the temporary president of the senate or a designee, the speaker of the assembly or a designee, the executive director of the council on the arts or a designee, and the commissioner of the office of general services or a designee (Part BBB); extends certain rebates to municipalities for clean vehicle projects (Part CCC); relates to appointments to the cannabis board, removes provisions of law deeming a person acting as chairperson of the cannabis control board as a state officer; relates to agreements of such board with the New York state Indian nations and tribes (Part DDD); relates to a special license fee for a licensee allowed to engage in the cultivation, processing, distribution and retail of both medical cannabis and adult use cannabis; makes a conforming technical change; and provides for the repeal of certain provisions of the cannabis law (Part EEE).",1,Introduced,2025,2025-01-22,"Program and documentation, General notice, Registration, Opt out/appeal",4,Healthcare; Employment; Children; Vehicles; Financial,['Budget'],https://legiscan.com/NY/bill/A03008/2025,0,1,0,1,Pending - Some Exposure,1,0,1,1,0,15,2,12,1
NY,New York,A03779,Restricts the use by an employer or an employment agency of electronic monitoring or an automated employment decision tool to screen a candidate or employee for an employment decision unless such tool has been the subject of an impact assessment within the last year; requires notice to employment candidates of the use of such tools; provides remedies for violations.,1,Introduced,2025,2025-01-30,"Assessments, General notice",2,Elections; Employment,"['George Alvarez', 'Karines Reyes', 'Steven Raga', 'Micah Lasher', 'Jonathan Jacobson', 'Maritza Davila']",https://legiscan.com/NY/bill/A03779/2025,0,1,1,2,Pending - High Exposure,0,0,0,0,0,15,2,12,1
NY,New York,A05827,Establishes consumers' foundational data privacy rights; creates oversight mechanisms; establishes enforcement mechanisms; establishes the privacy and security victims relief fund.,1,Introduced,2025,2025-02-20,"Program and documentation, Assessments, Responsible individual, General notice, Labeling/notification, Explanation/incident reporting, Registration, Third-party review, Opt out/appeal, Nondiscrimination",10,Privacy,['Michaelle Solages'],https://legiscan.com/NY/bill/A05827/2025,1,1,1,3,Pending - High Exposure,0,0,0,0,0,15,2,12,1
NY,New York,A03005,"Enacts into law major components of legislation necessary to implement the state public protection and general government budget for the 2025-2026 state fiscal year; extends provisions of law relating to criminal justice including the psychological testing of candidates, expanding the geographic area of employment of certain police officers, prisoner furloughs in certain cases and the crime of absconding therefrom, correctional facilities, incarcerated individual work release, furlough and leave, certain provisions which impact upon expenditure of certain appropriations made by chapter 50 of the laws of 1994 enacting the state operations budget, taxes, surcharges, fees and funding, prison and jail housing and alternatives to detention and incarceration programs, taxes, expiration of the mandatory surcharge and victim assistance fee, the ignition interlock device program, the merit provisions, prisoner litigation reform and the incarcerated individual filing fee provisions of the civil practice law and rules and general filing fee provision and incarcerated individual property claims exhaustion requirement of the court of claims act of such chapter, the family protection and domestic violence intervention act of 1994, certain provisions requiring the arrest of certain persons engaged in family violence, the use of closed-circuit television and other protective measures for certain child witnesses, the counties, the interstate compact for adult offender supervision, limiting the closing of certain correctional facilities, the custody by the department of correctional services of incarcerated individual serving definite sentences, custody of federal prisoners, the closing of certain correctional facilities, military funds of the organized militia, providing for community treatment facilities and establishing the crime of absconding from the community treatment facility; relates to the pre-criminal proceeding settlements in the city of New York (Part A); expands eligibility for who may hold correction and police officer positions (Part C); expands support services for victims of financial abuse and homicide (Part G); expands protections and services to survivors of sexual assault for itemized charges related to exams for such survivors (Part H); improves access to public assistance for survivors of gender-based violence; repeals provisions relating thereto (Part I); requires certain employers to implement a model gender-based violence and the workplace policy (Part J); prohibits artificial intelligence-generated child sexual abuse material (Part L); extends provisions of law relating to liquidator's permits and temporary retail permits (Part Q); increases the bond limit for the New York city transitional finance authority (Part R); modifies the industrial and commercial abatement program (Part S); extends the civil service examination fee waiver for certain persons (Part V); provides for an optional payment election for certain employees (Part W); authorizes construction manager as constructor contracts as an alternative delivery method for authorized projects; defines construction manager as constructor contracts (Part Y); allows certain residents or fellows to render medical care in cases of workers' compensation injuries (Part AA); provides for temporary payment of compensation for medical treatment and care, including prescription drugs (Part CC); establishes a body-worn cameras program within the department of corrections and community supervision to increase accountability (Part GG); relates to the functions, powers and duties of the state commission on correction (Part HH); extends the time the New York State community commission on reparations remedies has to submit a written report of its findings and recommendations to the legislature and the governor (Part JJ); establishes the ""Oak Orchard wastewater project design-build act"" for the wastewater treatment plant in the town of Clay, county of Onondaga (Part KK); increases the amount of allowance that trial and grand jurors are entitled to in each court of the unified court system (Part LL); establishes the New York state office of gun violence prevention (Part MM); provides for ten additional judges for the New York city civil court and five additional judges for the court of claims (Part NN); relates to public campaign financing; changes certain thresholds and procedures; repeals certain provisions of chapter 58 of 2020 relating to severability (Part OO); delays implementing certain restrictions on outside earned income by members of the legislature until January 1, 2027 (Part PP); requires that candidates for the offices of governor and lieutenant governor are designated jointly; provides that ballots shall reflect that that offices of governor and lieutenant governor are voted for jointly (Part QQ); relates to civil enforcement actions initiated by the attorney-general (Part RR); restores 20 year service retirement for New York city police officers (Part SS); establishes a twenty-five year retirement plan for firefighters employed by the division of military and naval affairs (Part TT); removes eligibility or receipt of primary social security disability benefits as a condition for ordinary disability retirement for New York city enhanced plan members in active service who are not eligible for a normal retirement benefit and have completed five years or more of service (Part UU); extends the retiree earnings limitation waiver for school employees until June 30, 2027 (Part VV); authorizes courts to dispense with the personal appearance of a party or the defendant and conduct such appearance electronically; repeals provisions relating to appearances in court; provides for the repeal of such provisions upon the expiration thereof (Part WW); relates to promotions of police detectives, sergeants, and lieutenants for retirement purposes (Part XX); establishes alternative twenty and twenty-five year plans for certain law enforcement members or officers; provides for accidental disability retirement allowance for certain members (Part YY); lowers the minimum hiring age for correction officers to eighteen (Part ZZ); extends provisions related to the operation and administration of the legislature (Part AAA); relates to authorizing the department of corrections and community supervision to close up to three correctional facilities in the 2025--2026 state fiscal year; provides for the repeal of such provisions upon expiration thereof (Part BBB).",4,Passed,2025,2025-05-09,"Program and documentation, General notice, Registration, Opt out/appeal",4,Healthcare; Elections; Education; Employment; Government; Criminal; Children; Financial,['Budget'],https://legiscan.com/NY/bill/A03005/2025,0,1,0,1,Moderate Risk,1,0,0,1,0,15,2,12,1
NY,New York,A03006,"Enacts into law major components of legislation necessary to implement the state education, labor, housing and family assistance budget for the 2025-2026 state fiscal year; relates to contracts for excellence; relates to calculation of state aid to school districts; relates to a statewide dual enrollment policy; extends workforce education; relates to maximum class sizes for special education; extends chapter 82 of the laws of 1995; relates to foundation aid; provides for special apportionment for salary expenses; provides for special apportionment for public pension accruals; establishes a dual enrollment program; relates to universal pre-kindergarten and the Statewide universal full-day pre-kindergarten; extends provisions relating to paperwork reduction; relates to funding a program for work force education; extends provisions for monitors in the Hempstead union free school district, the Wyandanch union free school district and the Rochester city school district; relates to supplementary funding for the East Ramapo central school district; extends provisions authorizing the Roosevelt union free school district to finance deficits by the issuance of serial bonds; relates to requirements for zero emissions school buses; relates to certain instructional requirements for nonpublic schools (Part A); establishes a universal free school meals program; repeals provisions relating to the community eligibility provision state subsidy (Part B); relates to school policies regarding the use of internet-enabled devices during the school day (Part C); relates to scholarships awarded to part-time students by the New York state higher education services corporation; makes conforming changes; repeals provisions relating to tuition awards for part-time undergraduate students; relates to the New York state part-time scholarship award program (Part D); relates to authorizing the excelsior scholarship cover the cost of tuition in the state university of New York system (Part E); creates a New York opportunity promise scholarship for certain students who matriculated at a SUNY or CUNY community college, are over 25 years of age, have applied for certain tuition assistance programs, are eligible for resident tuition rates, and have not already obtained a postsecondary degree (Part F); provides for reduction of taxes pursuant to shelter rent (Part L); utilizes reserves in the mortgage insurance fund for the neighborhood preservation program, the rural preservation program, the rural rental assistance program, and the New York state supportive housing program (Part N); extends certain provisions relating to restructuring financing for residential school placements (Part O); authorizes child care support centers which are certified by the office of children and family services to place individuals as substitute caregivers at licensed and registered child care programs (Part P); relates to the provision of public assistance allowances to public assistance recipients upon the birth of a new child (Part Q); relates to increasing the standards of monthly need for aged, blind and disabled persons living in the community (Part R); relates to the effectiveness of provisions of law relating to the powers and duties of the commissioner of social services relating to the appointment of a temporary operator (Part S); relates to the healthy terminals act; amends certain definitions relating to covered airport location and covered airport workers; provides for the applicable standard rate as meaning the wage and benefit rates designated by the commissioner of labor (Part T); limits the amount of liquidated damages for certain frequency of pay violations (Part U); relates to civil penalties for violations of certain wage payment provisions (Part V); increases the civil penalties for violations of child labor laws (Part W); establishes a database for the employment of minors; allows for registration of minors and employers in such database; digitizes the process for minors to apply for employment (Part X); expands certain payments previously made to parents of deceased service members to spouses and minor children of such service members; authorizes the commissioner of veterans' affairs to conduct an outreach program for the purpose of informing the public and persons who may be eligible to receive an annuity (Part Y); requires submission of an annual report on the New York state museum (Part AA); decreases the length of the suspension period applicable to certain individuals who lose their jobs due to a labor dispute, such as a strike, and who seek to obtain unemployment insurance benefits (Part BB); requires social services for a city of a population of a million or more shall spend a certain amount of local funds for child care block grants (Part CC); establishes the crime of evading arrest by concealment of identity (Part DD); expands the merit time allowance and limited credit time allowance programs (Part EE); authorizes the commissioner of education to appoint a monitor to oversee the Mount Vernon city school district; requires such monitor to schedule three public hearings; requires the monitor and board of education to develop a proposed financial plan for the 2025--2026 school year and the four subsequent school years (Part FF); relates to the conversion to condominium ownership for the preservation of expiring affordable housing in the city of New York; provides expanded homeownership opportunities from the conversion of certain residential rental buildings to condominium status by property owners that commit to preserve the inventory of expiring affordable housing in the city of New York (Part GG); establishes the housing access voucher pilot program (Part HH); amends section 2 of chapter 868 of the laws of 1975 constituting the New York state financial emergency act for the city of New York, in relation to the effectiveness thereof (Part II); establishes the city of Buffalo parking authority; provides for its powers, duties and obligations (Part JJ); increases the maximum benefit rate for unemployment insurance (Part KK); amends provisions relating to discovery reform (Part LL); provides for the administration of certain funds and accounts related to the 2025-2026 budget; authorizes certain payments and transfers; relates to the administration of certain funds and accounts (Part MM).",1,Introduced,2025,2025-01-22,Program and documentation,1,Healthcare; Education; Employment; Criminal; Children; Financial,['Budget'],https://legiscan.com/NY/bill/A03006/2025,0,0,0,0,Pending - Low Exposure,1,0,0,1,0,15,2,12,1
NY,New York,S03006,"Enacts into law major components of legislation necessary to implement the state education, labor, housing and family assistance budget for the 2025-2026 state fiscal year; relates to contracts for excellence; relates to calculation of state aid to school districts; relates to a statewide dual enrollment policy; extends workforce education; relates to maximum class sizes for special education; extends chapter 82 of the laws of 1995; relates to foundation aid; provides for special apportionment for salary expenses; provides for special apportionment for public pension accruals; establishes a dual enrollment program; relates to universal pre-kindergarten and the Statewide universal full-day pre-kindergarten; extends provisions relating to paperwork reduction; relates to funding a program for work force education; extends provisions for monitors in the Hempstead union free school district, the Wyandanch union free school district and the Rochester city school district; relates to supplementary funding for the East Ramapo central school district; extends provisions authorizing the Roosevelt union free school district to finance deficits by the issuance of serial bonds; relates to requirements for zero emissions school buses; relates to certain instructional requirements for nonpublic schools (Part A); establishes a universal free school meals program; repeals provisions relating to the community eligibility provision state subsidy (Part B); relates to school policies regarding the use of internet-enabled devices during the school day (Part C); relates to scholarships awarded to part-time students by the New York state higher education services corporation; makes conforming changes; repeals provisions relating to tuition awards for part-time undergraduate students; relates to the New York state part-time scholarship award program (Part D); relates to authorizing the excelsior scholarship cover the cost of tuition in the state university of New York system (Part E); creates a New York opportunity promise scholarship for certain students who matriculated at a SUNY or CUNY community college, are over 25 years of age, have applied for certain tuition assistance programs, are eligible for resident tuition rates, and have not already obtained a postsecondary degree (Part F); provides for reduction of taxes pursuant to shelter rent (Part L); utilizes reserves in the mortgage insurance fund for the neighborhood preservation program, the rural preservation program, the rural rental assistance program, and the New York state supportive housing program (Part N); extends certain provisions relating to restructuring financing for residential school placements (Part O); authorizes child care support centers which are certified by the office of children and family services to place individuals as substitute caregivers at licensed and registered child care programs (Part P); relates to the provision of public assistance allowances to public assistance recipients upon the birth of a new child (Part Q); relates to increasing the standards of monthly need for aged, blind and disabled persons living in the community (Part R); relates to the effectiveness of provisions of law relating to the powers and duties of the commissioner of social services relating to the appointment of a temporary operator (Part S); relates to the healthy terminals act; amends certain definitions relating to covered airport location and covered airport workers; provides for the applicable standard rate as meaning the wage and benefit rates designated by the commissioner of labor (Part T); limits the amount of liquidated damages for certain frequency of pay violations (Part U); relates to civil penalties for violations of certain wage payment provisions (Part V); increases the civil penalties for violations of child labor laws (Part W); establishes a database for the employment of minors; allows for registration of minors and employers in such database; digitizes the process for minors to apply for employment (Part X); expands certain payments previously made to parents of deceased service members to spouses and minor children of such service members; authorizes the commissioner of veterans' affairs to conduct an outreach program for the purpose of informing the public and persons who may be eligible to receive an annuity (Part Y); requires submission of an annual report on the New York state museum (Part AA); decreases the length of the suspension period applicable to certain individuals who lose their jobs due to a labor dispute, such as a strike, and who seek to obtain unemployment insurance benefits (Part BB); requires social services for a city of a population of a million or more shall spend a certain amount of local funds for child care block grants (Part CC); establishes the crime of evading arrest by concealment of identity (Part DD); expands the merit time allowance and limited credit time allowance programs (Part EE); authorizes the commissioner of education to appoint a monitor to oversee the Mount Vernon city school district; requires such monitor to schedule three public hearings; requires the monitor and board of education to develop a proposed financial plan for the 2025--2026 school year and the four subsequent school years (Part FF); relates to the conversion to condominium ownership for the preservation of expiring affordable housing in the city of New York; provides expanded homeownership opportunities from the conversion of certain residential rental buildings to condominium status by property owners that commit to preserve the inventory of expiring affordable housing in the city of New York (Part GG); establishes the housing access voucher pilot program (Part HH); amends section 2 of chapter 868 of the laws of 1975 constituting the New York state financial emergency act for the city of New York, in relation to the effectiveness thereof (Part II); establishes the city of Buffalo parking authority; provides for its powers, duties and obligations (Part JJ); increases the maximum benefit rate for unemployment insurance (Part KK); amends provisions relating to discovery reform (Part LL); provides for the administration of certain funds and accounts related to the 2025-2026 budget; authorizes certain payments and transfers; relates to the administration of certain funds and accounts (Part MM).",4,Passed,2025,2025-05-09,Program and documentation,1,Healthcare; Education; Employment; Criminal; Children; Financial,['Budget'],https://legiscan.com/NY/bill/S03006/2025,0,0,0,0,Low Risk,1,0,0,1,0,15,2,12,1
NY,New York,A03307,"Incorporates the 2022 Uniform Law Commission recommended amendments to the Uniform Commercial Code to provide for emerging technologies; addresses emerging technologies, providing updated rules for commercial transactions involving virtual currencies, distributed ledger technologies (including blockchain), artificial intelligence, and other technological developments.",3,Enrolled,2025,2025-12-01,Program and documentation,1,AI Policy/Task Forces,"['Alex Bores', 'Rodneyse Bichotte Hermelyn', 'Nader Sayegh', 'Alicia Hyndman']",https://legiscan.com/NY/bill/A03307/2025,0,0,0,0,Pending - Low Exposure,0,0,0,0,0,15,2,12,1
NY,New York,S01840,"Incorporates the 2022 Uniform Law Commission recommended amendments to the Uniform Commercial Code to provide for emerging technologies; addresses emerging technologies, providing updated rules for commercial transactions involving virtual currencies, distributed ledger technologies (including blockchain), artificial intelligence, and other technological developments.",1,Introduced,2025,2025-01-14,"Program and documentation, General notice",2,AI Policy/Task Forces,['Brad Hoylman-Sigal'],https://legiscan.com/NY/bill/S01840/2025,0,1,0,1,Pending - Some Exposure,0,0,0,0,0,15,2,12,1
NY,New York,S03003,Makes appropriations for the support of government - Aid to Localities Budget.,4,Passed,2025,2025-05-20,"Program and documentation, General notice, Registration, Opt out/appeal",4,Government,['Budget'],https://legiscan.com/NY/bill/S03003/2025,0,1,0,1,Moderate Risk,0,0,0,0,0,15,2,12,1
NY,New York,A03000,Makes appropriations for the support of government - State Operations Budget.,4,Passed,2025,2025-05-20,"Program and documentation, General notice, Registration, Opt out/appeal",4,Government,['Budget'],https://legiscan.com/NY/bill/A03000/2025,0,1,0,1,Moderate Risk,0,0,0,0,0,15,2,12,1
NY,New York,S03000,Makes appropriations for the support of government - State Operations Budget.,1,Introduced,2025,2025-01-22,"Program and documentation, General notice, Registration, Opt out/appeal",4,Government,['Budget'],https://legiscan.com/NY/bill/S03000/2025,0,1,0,1,Pending - Some Exposure,0,0,0,0,0,15,2,12,1
NY,New York,A03003,Makes appropriations for the support of government - Aid to Localities Budget.,1,Introduced,2025,2025-01-22,"Program and documentation, General notice, Registration, Opt out/appeal",4,Government,['Budget'],https://legiscan.com/NY/bill/A03003/2025,0,1,0,1,Pending - Some Exposure,0,0,0,0,0,15,2,12,1
NY,New York,S08578,Incorporates the city of Staten Island; enacts a city charter; provides for all necessary technical changes for the establishment of such city; provides for a transition period prior to such establishment.,1,Introduced,2025,2025-11-14,"Program and documentation, General notice, Registration, Opt out/appeal",4,General/Other,['Andrew Lanza'],https://legiscan.com/NY/bill/S08578/2025,0,1,0,1,Pending - Some Exposure,0,0,0,0,0,15,2,12,1
NC,North Carolina,H1072,Require Disclaimer/Use of AI in Political Ads,2,Engrossed,2024,2024-06-27,Labeling/notification,1,Elections,"['George Cleveland', 'Dennis Riddell', 'Eric Ager', 'Mike Clampitt', 'Kevin Crutchfield', 'Bill Ward']",https://legiscan.com/NC/bill/H1072/2023,0,0,0,0,Pending - Low Exposure,0,0,0,0,0,0,0,0,0
NC,North Carolina,H1004,AI Study Committee/Funds,1,Introduced,2024,2024-05-02,Program and documentation,1,AI Policy/Task Forces,"['Caleb Rudow', 'Carolyn Logan', 'Johnnie Autry', 'Gloristine Brown', 'Kanika Brown', 'Maria Cervania', 'Allison Dahle', 'Mary Harrison', 'Frances Jackson', 'Joe John', 'Tim Longest', 'Diamond Staton-Williams']",https://legiscan.com/NC/bill/H1004/2023,0,0,0,0,Pending - Low Exposure,0,0,0,0,0,0,0,0,0
NC,North Carolina,H1036,AI Task Force/Funds,1,Introduced,2024,2024-05-02,"Program and documentation, Assessments, Third-party review, Nondiscrimination",4,AI Policy/Task Forces,"['Zack Forde-Hawkins', 'Jason Saine', 'Gloristine Brown', 'Kanika Brown', 'Allen Buansi', 'Maria Cervania', 'Mary Harrison', 'Frances Jackson', 'Joe John', 'Ya Liu', 'Tim Longest', 'Joe Pike', 'Caleb Rudow', 'Frank Sossamon', 'Diamond Staton-Williams', 'Bill Ward', 'Shelly Willingham', 'David Willis']",https://legiscan.com/NC/bill/H1036/2023,1,0,1,2,Pending - High Exposure,0,0,0,0,0,0,0,0,0
NC,North Carolina,S88,Various Elections Changes,2,Engrossed,2024,2024-06-26,"Program and documentation, General notice",2,Elections,"['Warren Daniel', 'Paul Newton', 'Ralph Hise', 'Ted Alexander', 'Lisa Barnes', 'Kevin Corbin', 'Carl Ford', 'Amy Galey', 'Bobby Hanig', 'Steve Jarvis', 'Todd Johnson', 'Joyce Krawiec', 'Michael Lazzara', 'Michael Lee', 'Thomas McInnis', 'Timothy Moffitt', 'Buck Newton', 'Brad Overcash', 'Jim Perry', 'Eddie Settle']",https://legiscan.com/NC/bill/S88/2023,0,1,0,1,Pending - Some Exposure,0,0,0,0,0,0,0,0,0
NC,North Carolina,H986,UNC AI Hubs,1,Introduced,2024,2024-05-02,Program and documentation,1,AI Policy/Task Forces,"['Zack Forde-Hawkins', 'Jarrod Lowery', 'Eric Ager', 'Kanika Brown', 'Allison Dahle', 'Frances Jackson', 'Ya Liu', 'Tim Longest', 'Caleb Rudow']",https://legiscan.com/NC/bill/H986/2023,0,0,0,0,Pending - Low Exposure,0,0,0,0,0,0,0,0,0
NC,North Carolina,H591,Modernize Sex Crimes,4,Passed,2024,2024-07-08,,0,Criminal,"['Robert Davis', 'Vernetta Alston', 'Terry Brown', 'Maria Cervania', 'Sarah Crawford', 'John Faircloth', 'Rosa Gill', 'Marvin Lucas', 'Charles Smith', 'Bill Ward', 'Donna White']",https://legiscan.com/NC/bill/H591/2023,0,0,0,0,Low Risk,0,0,0,0,0,0,0,0,0
NC,North Carolina,S460,Study Automation and the Workforce,1,Introduced,2023,2023-03-30,"Program and documentation, Assessments",2,Employment,"['DeAndrea Salvador', 'Paul Lowe', 'Natalie Murdock', 'Kandie Smith', 'Joyce Waddell']",https://legiscan.com/NC/bill/S460/2023,0,0,1,1,Pending - Some Exposure,0,0,0,0,0,0,0,0,0
NC,North Carolina,S880,No Deepfakes in Election Communication,1,Introduced,2024,2024-05-02,"Program and documentation, Labeling/notification, Opt out/appeal",3,Deepfakes; Elections,"['DeAndrea Salvador', 'Gladys Robinson', 'Graig Meyer', 'Sydney Batch', 'Jay Chaudhuri', 'Lisa Grafstein', 'Natalie Murdock', 'Kandie Smith']",https://legiscan.com/NC/bill/S880/2023,0,0,0,0,Pending - Low Exposure,0,0,0,0,0,0,0,0,0
NC,North Carolina,S684,Stormwater Program Revisions,1,Introduced,2023,2023-04-06,"Program and documentation, Assessments, General notice",3,General/Other,"['Michael Lee', 'Steve Jarvis', 'Jim Perry', 'David Craven', 'Joyce Krawiec', 'Timothy Moffitt', 'Buck Newton']",https://legiscan.com/NC/bill/S684/2023,0,1,1,2,Pending - High Exposure,0,0,0,0,0,0,0,0,0
NC,North Carolina,S508,2023 Budget Tech/Other Corrections,4,Passed,2024,2024-05-15,,0,Government,"['Ralph Hise', 'Jim Burgin', 'David Craven', 'Joyce Krawiec', 'Thomas McInnis', 'Buck Newton']",https://legiscan.com/NC/bill/S508/2023,0,0,0,0,Low Risk,0,0,0,0,0,0,0,0,0
NC,North Carolina,H97,Various Education Changes,2,Engrossed,2023,2023-03-23,,0,Education,"['Karl Gillespie', 'David Willis', 'John Torbett', 'Jonathan Hardister', 'Mike Clampitt', 'Mary Harrison', 'Zack Forde-Hawkins', 'Frances Jackson', 'Jeffrey McNeely', 'Bill Ward', 'Jeff Zenger']",https://legiscan.com/NC/bill/H97/2023,0,0,0,0,Pending - Low Exposure,0,0,0,0,0,0,0,0,0
NC,North Carolina,S382,Disaster Relief-3/Budget/Various Law Changes,4,Passed,2024,2024-12-11,,0,Government,"['Jim Perry', 'Kevin Corbin', 'Todd Johnson', 'Gale Adcock']",https://legiscan.com/NC/bill/S382/2023,0,0,0,0,Low Risk,0,0,0,0,0,0,0,0,0
NC,North Carolina,H263,2024 Appropriations Act,2,Engrossed,2024,2024-06-20,,0,Government,"['Dean Arp', 'Jason Saine', 'Donny Lambeth', 'James Adams', 'Mike Clampitt', 'John Faircloth', 'Kyle Hall', 'Chris Humphrey', 'Bill Ward', 'David Willis']",https://legiscan.com/NC/bill/H263/2023,0,0,0,0,Pending - Low Exposure,0,0,0,0,0,0,0,0,0
NC,North Carolina,H259,2023 Appropriations Act,4,Passed,2023,2023-10-03,,0,Government,"['Donny Lambeth', 'Jason Saine', 'Dean Arp', 'James Adams', 'William Brisson', 'Mike Clampitt', 'John Faircloth', 'Kyle Hall', 'Chris Humphrey', 'Larry Strickland', 'Bill Ward', 'David Willis']",https://legiscan.com/NC/bill/H259/2023,0,0,0,0,Low Risk,0,0,0,0,0,0,0,0,0
NC,North Carolina,S747,AI Learning Agenda,1,Introduced,2025,2025-03-25,"Program and documentation, Assessments, Responsible individual, General notice, Explanation/incident reporting, Registration, Nondiscrimination",7,General/Other,"['DeAndrea Salvador', 'Val Applewhite', 'Woodson Bradley', 'Natalie Murdock', 'Kandie Smith', 'Joyce Waddell']",https://legiscan.com/NC/bill/S747/2025,1,1,1,3,Pending - High Exposure,0,0,0,0,0,0,0,0,0
NC,North Carolina,S735,AI Innovation Trust Fund,1,Introduced,2025,2025-03-25,"Program and documentation, Assessments, Responsible individual, Explanation/incident reporting, Third-party review, Nondiscrimination",6,General/Other,"['DeAndrea Salvador', 'Michael Garrett', 'Natalie Murdock', 'Val Applewhite', 'Kandie Smith', 'Joyce Waddell']",https://legiscan.com/NC/bill/S735/2025,1,0,1,2,Pending - High Exposure,0,0,0,0,0,0,0,0,0
NC,North Carolina,H375,AI/Ban Deceptive Ads,1,Introduced,2025,2025-03-11,"Program and documentation, Assessments, General notice, Labeling/notification, Opt out/appeal",5,Consumer Protection,"['Harry Warren', 'Robert Davis', 'Mike Schietzelt', 'John Blust', 'James Adams', 'Jonathan Almond', 'Jerry Branson', 'Terry Brown', 'Allen Buansi', 'Tracy Clark', 'Mary Harrison', 'Cody Huneycutt', 'Frances Jackson', 'Carolyn Logan', 'Tim Longest', 'Jarrod Lowery', 'Jeffrey McNeely', 'Garland Pierce', 'Joe Pike', 'Lindsey Prather', 'Renee Price', 'Bill Ward']",https://legiscan.com/NC/bill/H375/2025,0,1,1,2,Pending - High Exposure,0,0,0,0,0,0,0,0,0
NC,North Carolina,H934,AI Regulatory Reform Act,1,Introduced,2025,2025-04-10,Program and documentation,1,General/Other,"['Jake Johnson', 'Jeff Zenger', 'Zack Forde-Hawkins', 'Vernetta Alston', 'Eric Ager', 'Mary Belk', 'Laura Budd', 'Maria Cervania', 'Tracy Clark', 'Neal Jackson', 'Jordan Lopez', 'Garland Pierce', 'Phil Rubin', 'Bill Ward']",https://legiscan.com/NC/bill/H934/2025,0,0,0,0,Pending - Low Exposure,0,0,0,0,0,0,0,0,0
NC,North Carolina,H1004,UNC AI & Technology Hubs,1,Introduced,2025,2025-04-10,"Program and documentation, Responsible individual",2,AI Policy/Task Forces,"['Zack Forde-Hawkins', 'Jarrod Lowery', 'Robert Reives', 'Eric Ager', 'Mary Belk', 'Mike Colvin', 'Mary Harrison', 'Carolyn Logan', 'Nasif Majeed', 'Phil Rubin']",https://legiscan.com/NC/bill/H1004/2025,0,0,0,0,Pending - Low Exposure,0,0,0,0,0,0,0,0,0
NC,North Carolina,S624,AI Chatbots - Licensing/Safety/Privacy,1,Introduced,2025,2025-03-25,"Program and documentation, Assessments, Responsible individual, General notice, Labeling/notification, Explanation/incident reporting, Registration, Third-party review, Opt out/appeal",9,Privacy,['Jim Burgin'],https://legiscan.com/NC/bill/S624/2025,0,1,1,2,Pending - High Exposure,0,0,0,0,0,0,0,0,0
NC,North Carolina,S640,AI Ethics and Literacy Across Education,1,Introduced,2025,2025-03-25,Training,1,Education,"['Woodson Bradley', 'Caleb Theodros', 'Jay Chaudhuri', 'Natalie Murdock', 'DeAndrea Salvador', 'Kandie Smith', 'Joyce Waddell']",https://legiscan.com/NC/bill/S640/2025,0,0,0,0,Pending - Low Exposure,0,0,0,0,0,0,0,0,0
NC,North Carolina,S287,Safeguard Health Ins. Utilization Reviews,1,Introduced,2025,2025-03-13,Program and documentation,1,Healthcare,['Gale Adcock'],https://legiscan.com/NC/bill/S287/2025,0,0,0,0,Pending - Low Exposure,0,0,0,0,0,0,0,0,0
NC,North Carolina,S746,Study Automation and the Workforce,1,Introduced,2025,2025-03-25,"Program and documentation, Assessments",2,Employment,"['DeAndrea Salvador', 'Natalie Murdock', 'Caleb Theodros', 'Mujtaba Mohammed', 'Kandie Smith', 'Joyce Waddell']",https://legiscan.com/NC/bill/S746/2025,0,0,1,1,Pending - Some Exposure,0,0,0,0,0,0,0,0,0
NC,North Carolina,S474,The DAVE Act,2,Engrossed,2025,2025-04-08,"Program and documentation, Assessments, Explanation/incident reporting",3,General/Other,"['Philip Berger', 'Timothy Moffitt', 'Steve Jarvis', 'Ted Alexander', 'Lisa Barnes', 'Bob Brinson', 'Danny Britt', 'Jim Burgin', 'David Craven', 'Warren Daniel', 'Carl Ford', 'Amy Galey', 'Bobby Hanig', 'Ralph Hise', 'Mark Hollo', 'William Jackson', 'Todd Johnson', 'Dana Jones', 'Michael Lazzara', 'Thomas McInnis', 'Buck Newton', 'Brad Overcash', 'William Rabon', 'Norman Sanderson', 'Benton Sawrey', 'Vickie Sawyer', 'Eddie Settle']",https://legiscan.com/NC/bill/S474/2025,0,0,1,1,Pending - Some Exposure,0,0,0,0,0,0,0,0,0
NC,North Carolina,H860,Social Media Control in IT Act,1,Introduced,2025,2025-04-09,"Program and documentation, Responsible individual, General notice, Explanation/incident reporting, Opt out/appeal, Nondiscrimination",6,Social Media,"['Jeffrey McNeely', 'Chris Humphrey', 'Jake Johnson', 'Wyatt Gable', 'Mary Belk', 'Allen Buansi', 'Maria Cervania', 'Bryan Cohn', 'Mary Harrison', 'Zack Forde-Hawkins', 'Neal Jackson', 'Donnie Loftis', 'Garland Pierce', 'Larry Potts', 'Charles Smith', 'Bill Ward', 'Donna White']",https://legiscan.com/NC/bill/H860/2025,1,1,0,2,Pending - High Exposure,0,0,0,0,0,0,0,0,0
NC,North Carolina,S315,More Transparency/Efficiency in Utiliz. Rev,1,Introduced,2025,2025-03-17,"Program and documentation, General notice, Opt out/appeal",3,AI Governance,"['Jim Burgin', 'Amy Galey', 'Benton Sawrey', 'Ted Alexander', 'Bob Brinson', 'Carl Ford', 'Bobby Hanig', 'Ralph Hise', 'Mark Hollo', 'William Jackson', 'Dana Jones', 'Michael Lee', 'Timothy Moffitt', 'Paul Newton', 'Brad Overcash', 'William Rabon', 'Norman Sanderson', 'Eddie Settle']",https://legiscan.com/NC/bill/S315/2025,0,1,0,1,Pending - Some Exposure,0,0,0,0,0,0,0,0,0
NC,North Carolina,S514,Social Media Control in IT Act,1,Introduced,2025,2025-03-25,"Program and documentation, Responsible individual, General notice, Labeling/notification, Opt out/appeal, Nondiscrimination",6,Social Media,"['Bobby Hanig', 'Woodson Bradley', 'Jim Burgin', 'Paul Lowe', 'Norman Sanderson']",https://legiscan.com/NC/bill/S514/2025,1,1,0,2,Pending - High Exposure,0,0,0,0,0,0,0,0,0
NC,North Carolina,S579,Transforming the High School Experience,1,Introduced,2025,2025-03-25,"Program and documentation, Assessments, Responsible individual",3,Education,"['Michael Lee', 'Vickie Sawyer', 'Eddie Settle', 'Val Applewhite', 'Woodson Bradley', 'Jay Chaudhuri', 'Kandie Smith']",https://legiscan.com/NC/bill/S579/2025,0,0,1,1,Pending - Some Exposure,0,0,0,0,0,0,0,0,0
NC,North Carolina,S483,The Children First Act,1,Introduced,2025,2025-03-25,"Program and documentation, Responsible individual, General notice",3,Children,"['Sydney Batch', 'Lisa Grafstein', 'Terence Everitt', 'Woodson Bradley', 'Michael Garrett', 'Julie Mayfield', 'Natalie Murdock', 'DeAndrea Salvador', 'Kandie Smith', 'Caleb Theodros', 'Joyce Waddell']",https://legiscan.com/NC/bill/S483/2025,0,1,0,1,Pending - Some Exposure,1,0,0,1,0,0,0,0,0
NC,North Carolina,H507,The Children First Act,1,Introduced,2025,2025-03-25,"Program and documentation, Responsible individual, General notice, Nondiscrimination",4,Children,"['Lindsey Prather', 'Dante Pittman', 'Rodney Pierce', 'Monika Johnson-Hostler', 'Eric Ager', 'Vernetta Alston', 'Amber Baker', 'Cynthia Ball', 'Mary Belk', 'Gloristine Brown', 'Kanika Brown', 'Allen Buansi', 'Laura Budd', 'Deb Butler', 'Tracy Clark', 'Sarah Crawford', 'Allison Dahle', 'Julia Greenfield', 'Mary Harrison', 'Zack Forde-Hawkins', 'Beth Helfrich', 'Frances Jackson', 'Ray Jeffers', 'Ya Liu', 'Carolyn Logan', 'Tim Longest', 'Jordan Lopez', 'Nasif Majeed', 'Marcia Morey', 'Garland Pierce', 'Amos Quick', 'James Roberson', 'Brian Turner', 'Julie von Haefen']",https://legiscan.com/NC/bill/H507/2025,1,1,0,2,Pending - High Exposure,1,0,0,1,0,0,0,0,0
NC,North Carolina,S530,Ag Manufacturing Economic Development,1,Introduced,2025,2025-03-25,Program and documentation,1,General/Other,['Jim Burgin'],https://legiscan.com/NC/bill/S530/2025,0,0,0,0,Pending - Low Exposure,0,0,0,0,0,0,0,0,0
NC,North Carolina,S738,Digital Content Provenance Initiative/Funds,1,Introduced,2025,2025-03-25,"Program and documentation, Assessments, General notice",3,AI Governance,"['DeAndrea Salvador', 'Caleb Theodros', 'Michael Garrett', 'Woodson Bradley', 'Kandie Smith', 'Joyce Waddell']",https://legiscan.com/NC/bill/S738/2025,0,1,1,2,Pending - High Exposure,0,0,0,0,0,0,0,0,0
NC,North Carolina,S619,AI Academic Support Grant Program,1,Introduced,2025,2025-03-25,"Program and documentation, Assessments, Explanation/incident reporting",3,Education,"['Michael Lee', 'Brad Overcash', 'Kevin Corbin', 'Val Applewhite', 'Woodson Bradley', 'David Craven', 'Timothy Moffitt']",https://legiscan.com/NC/bill/S619/2025,0,0,1,1,Pending - Some Exposure,0,0,0,0,0,0,0,0,0
NC,North Carolina,H638,Equit. Escalation of Electricity Demand Act,1,Introduced,2025,2025-04-01,Program and documentation,1,Infrastructure,"['Donnie Loftis', 'Bill Ward', 'Steve Tyson', 'Dudley Greene', 'Ben Moss']",https://legiscan.com/NC/bill/H638/2025,0,0,0,0,Pending - Low Exposure,0,0,0,0,0,0,0,0,0
NC,North Carolina,H723,Technology Coalitions Strategic Support Fund,1,Introduced,2025,2025-04-02,"Program and documentation, Responsible individual",2,General/Other,"['Carolyn Logan', 'Stephen Ross', 'Mary Belk', 'Robert Reives', 'Maria Cervania', 'Mary Harrison', 'Zack Forde-Hawkins', 'Frances Jackson', 'Nasif Majeed', 'Garland Pierce']",https://legiscan.com/NC/bill/H723/2025,0,0,0,0,Pending - Low Exposure,0,0,0,0,0,0,0,0,0
NC,North Carolina,H1002,Rate Payer Protection Act,1,Introduced,2025,2025-04-10,Program and documentation,1,General/Other,"['Mary Harrison', 'Donnie Loftis', 'Maria Cervania', 'Eric Ager', 'Mary Belk', 'Deb Butler', 'Lindsey Prather', 'Phil Rubin', 'Brian Turner', 'Bill Ward']",https://legiscan.com/NC/bill/H1002/2025,0,0,0,0,Pending - Low Exposure,0,0,0,0,0,0,0,0,0
NC,North Carolina,H970,Preventing Algorithmic Rent Fixing,1,Introduced,2025,2025-04-10,"Program and documentation, Nondiscrimination",2,AI Governance,"['Tim Longest', 'Jordan Lopez', 'Marcia Morey', 'Lindsey Prather', 'Eric Ager', 'Mary Belk', 'Deb Butler', 'Maria Cervania', 'Mary Harrison', 'Carolyn Logan', 'Renee Price', 'Phil Rubin']",https://legiscan.com/NC/bill/H970/2025,1,0,0,1,Pending - Some Exposure,0,0,0,0,0,0,0,0,0
NC,North Carolina,H552,Ag Manufacturing Economic Development,2,Engrossed,2025,2025-05-07,Program and documentation,1,General/Other,"['Robert Reives', 'James Dixon', 'Howard Penny', 'Ray Jeffers', 'Jerry Branson', 'Gloristine Brown', 'Deb Butler', 'Maria Cervania', 'Sarah Crawford', 'Allison Dahle', 'Aisha Dew', 'Julia Greenfield', 'Mary Harrison', 'Zack Forde-Hawkins', 'Frances Jackson', 'Ya Liu', 'Carolyn Logan', 'Tim Longest', 'Jarrod Lowery', 'Nasif Majeed', 'Dante Pittman', 'Renee Price', 'Brian Turner', 'Bill Ward', 'Donna White', 'Shelly Willingham']",https://legiscan.com/NC/bill/H552/2025,0,0,0,0,Pending - Low Exposure,0,0,0,0,0,0,0,0,0
NC,North Carolina,S316,Lower Healthcare Costs,2,Engrossed,2025,2025-03-27,"Program and documentation, General notice, Labeling/notification",3,Healthcare,"['Jim Burgin', 'Amy Galey', 'Benton Sawrey', 'Ted Alexander', 'Lisa Barnes', 'Philip Berger', 'Bob Brinson', 'Kevin Corbin', 'Warren Daniel', 'Carl Ford', 'Bobby Hanig', 'Ralph Hise', 'Mark Hollo', 'William Jackson', 'Dana Jones', 'Michael Lee', 'Timothy Moffitt', 'Paul Newton', 'Brad Overcash', 'William Rabon', 'Norman Sanderson', 'Eddie Settle']",https://legiscan.com/NC/bill/S316/2025,0,1,0,1,Pending - Some Exposure,0,0,0,0,0,0,0,0,0
NC,North Carolina,H125,Continuing Budget Operations,4,Passed,2025,2025-08-06,,0,Government,"['Donny Lambeth', 'Erin Pare', 'Kyle Hall', 'Donna White']",https://legiscan.com/NC/bill/H125/2025,0,0,0,0,Low Risk,0,0,0,0,0,0,0,0,0
NC,North Carolina,H434,Lower Healthcare Costs,2,Engrossed,2025,2025-05-01,"Program and documentation, Assessments, General notice, Opt out/appeal",4,Healthcare,"['John Bell', 'Timothy Reeder', 'Patricia Cotham', 'Grant Campbell', 'Eric Ager', 'Jonathan Almond', 'Dean Arp', 'Amber Baker', 'Jennifer Balkcom', 'Mary Belk', 'Brian Biggs', 'Cecil Brockman', 'Gloristine Brown', 'Kanika Brown', 'Allen Buansi', 'Laura Budd', 'Becky Carney', 'Richard Carver', 'Maria Cervania', 'Allen Chesser', 'Mike Clampitt', 'Tracy Clark', 'Bryan Cohn', 'Mike Colvin', 'Allison Dahle', 'Aisha Dew', 'James Dixon', 'Julia Greenfield', 'Mary Harrison', 'Zack Forde-Hawkins', 'Chris Humphrey', 'Cody Huneycutt', 'Neal Jackson', 'Ray Jeffers', 'Jake Johnson', 'Donny Lambeth', 'Donnie Loftis', 'Brandon Lofton', 'Tim Longest', 'Jarrod Lowery', 'Jeffrey McNeely', 'Ray Pickett', 'Larry Potts', 'Lindsey Prather', 'Heather Rhyne', 'Stephen Ross', 'Phil Rubin', 'Mike Schietzelt', 'Paul Scott', 'Mitchell Setzer', 'Charles Smith', 'Larry Strickland', 'Brian Turner', 'Steve Tyson', 'Bill Ward', 'Harry Warren', 'Diane Wheatley', 'Donna White', 'Shelly Willingham', 'Jeff Zenger']",https://legiscan.com/NC/bill/H434/2025,0,1,1,2,Pending - High Exposure,0,0,0,0,0,0,0,0,0
NC,North Carolina,S440,2025 Governor's Budget,1,Introduced,2025,2025-03-24,"Program and documentation, General notice, Registration, Opt out/appeal",4,Government,"['William Jackson', 'Ralph Hise', 'Michael Lee', 'Gale Adcock', 'Val Applewhite', 'Sydney Batch', 'Jay Chaudhuri', 'Sophia Chitlik', 'Terence Everitt', 'Michael Garrett', 'Lisa Grafstein', 'Julie Mayfield', 'Graig Meyer', 'Mujtaba Mohammed', 'Natalie Murdock', 'DeAndrea Salvador', 'Caleb Theodros', 'Joyce Waddell']",https://legiscan.com/NC/bill/S440/2025,0,1,0,1,Pending - Some Exposure,0,0,0,0,0,0,0,0,0
NC,North Carolina,S257,2025 Appropriations Act,2,Engrossed,2025,2025-04-15,,0,Government,"['William Jackson', 'Ralph Hise', 'Michael Lee', 'Norman Sanderson']",https://legiscan.com/NC/bill/S257/2025,0,0,0,0,Pending - Low Exposure,0,0,0,0,0,0,0,0,0
ND,North Dakota,HB1361,The definition of person; and to declare an emergency.,4,Passed,2023,2023-04-12,,0,General/Other,"['Cole Christensen', 'Larry Bellew', 'Matthew Heilman', 'Jeff Hoverson', 'James Kasper', 'Keith Kempenich', 'Ben Koppelman', 'Nathan Toman', 'Doug Larsen', 'Jeffery Magrum', 'Shawn Vedaa', 'Mike Wobbema']",https://legiscan.com/ND/bill/HB1361/2023,0,0,0,0,Low Risk,0,0,0,0,0,6,0,2,4
ND,North Dakota,HB1003,Matching grants for legal education and the workforce education advisory council; to provide for a transfer; to provide for a legislative management study; to provide loan authorization for the Mayville state university old main project; to provide for a report; to provide an exemption; to provide legislative intent; and to declare an emergency.,4,Passed,2023,2023-05-18,Program and documentation,1,Education; Employment,['Appropriations'],https://legiscan.com/ND/bill/HB1003/2023,0,0,0,0,Low Risk,0,0,0,0,0,6,0,2,4
ND,North Dakota,SB2150,"Abortions, sex-selective abortions, genetic abnormality abortions, human dismemberment abortions, and abortions after a detectable heartbeat; to provide a penalty; and to declare an emergency.",4,Passed,2023,2023-04-24,,0,Criminal,"['Janne Myrdal', 'Keith Boehm', 'Larry Luick', 'Todd Porter', 'Karen Rohr', 'Matthew Ruby']",https://legiscan.com/ND/bill/SB2150/2023,0,0,0,0,Low Risk,0,0,0,0,0,6,0,2,4
ND,North Dakota,HB1167,Artificial intelligence disclosure statements.,4,Passed,2025,2025-04-11,"General notice, Labeling/notification",2,AI Governance,"['Jonathan Warrey', 'Landon Bahl', 'Nels Christianson', 'Josh Christy', 'Gretchen Dobervich', 'Dan Vollmer', 'Scott Meyer', 'Jonathan Sickler', 'Mark Weber']",https://legiscan.com/ND/bill/HB1167/2025,0,1,0,1,Moderate Risk,0,0,0,0,0,6,0,2,4
ND,North Dakota,SB2278,AN ACT to provide a legislative management study relating to the retention of library materials.,4,Passed,2025,2025-03-31,Assessments,1,General/Other,"['Keith Boehm', 'Jose Castaneda', 'Mike Wobbema', 'Kathy Frelich', 'Donna Henderson', 'Dawson Holle']",https://legiscan.com/ND/bill/SB2278/2025,0,0,1,1,Moderate Risk,0,0,0,0,0,6,0,2,4
ND,North Dakota,HB1265,"The state information technology research center, advanced technology review committee, compute credits grant program, and advanced technology grant fund.",2,Engrossed,2025,2025-02-25,"Program and documentation, Assessments, Explanation/incident reporting, Third-party review",4,Financial,"['Josh Christy', 'Austin Foss', 'Karla Hanson', ""Emily O'Brien"", 'Greg Stemen', 'Nathan Toman', 'Jonathan Warrey', 'Kyle Davison', 'Scott Meyer', 'Jonathan Sickler']",https://legiscan.com/ND/bill/HB1265/2025,0,0,1,1,Pending - Some Exposure,0,0,1,1,0,6,0,2,4
ND,North Dakota,HB1429,Harassment and stalking with a robot; and to provide a penalty.,4,Passed,2025,2025-04-23,Program and documentation,1,Criminal,"['Dawson Holle', 'Michael Brandenburg', 'Gretchen Dobervich', 'Craig Headland', 'Donna Henderson', 'Ben Koppelman', 'Bill Tveit', 'Randy Lemm', 'Jeffery Magrum']",https://legiscan.com/ND/bill/HB1429/2025,0,0,0,0,Low Risk,0,0,0,0,0,6,0,2,4
ND,North Dakota,SB2256,A research technology park grant program; to provide an appropriation; and to provide for a report.,4,Passed,2025,2025-05-17,"Program and documentation, Assessments",2,Government,"['Ronald Sorvaag', 'Kyle Davison', 'Dale Patten', 'Jonathan Sickler', 'Mike Nathe', 'Steve Swiontek']",https://legiscan.com/ND/bill/SB2256/2025,0,0,1,1,Moderate Risk,0,0,0,0,0,6,0,2,4
ND,North Dakota,HB1386,A prohibition on possessing certain computer-generated images; and to provide a penalty.,4,Passed,2025,2025-04-23,Program and documentation,1,Criminal,"['Josh Christy', 'Landon Bahl', 'Mike Berg', 'Liz Conmy', 'Karen Grindberg', 'Jeff Hoverson', 'Alisa Mitskog', 'Jeremy Olson', 'Joshua Boschee', 'Janne Myrdal', 'Jonathan Sickler', 'Paul Thomas']",https://legiscan.com/ND/bill/HB1386/2025,0,0,0,0,Low Risk,0,0,1,1,0,6,0,2,4
ND,North Dakota,HB1410,AN ACT to provide for a legislative management study regarding a review of state laws relating to criminal conduct against children.,4,Passed,2025,2025-04-18,Program and documentation,1,Criminal; Children,"['Mary Schneider', 'Liz Conmy', 'Jayme Davis', 'Gretchen Dobervich', 'Lauriebeth Hager', 'Karla Hanson', ""Emily O'Brien"", 'Matthew Ruby', 'Bernie Satrom', 'David Clemens', 'Diane Larson', 'Judy Lee']",https://legiscan.com/ND/bill/HB1410/2025,0,0,0,0,Low Risk,1,0,0,1,0,6,0,2,4
ND,North Dakota,HB1448,"The advanced technology review committee, advanced technology grant program, and advanced technology grant fund.",4,Passed,2025,2025-05-02,"Program and documentation, Assessments",2,AI Policy/Task Forces,"['Josh Christy', 'Landon Bahl', 'Jason Dockter', 'Jared Hagert', 'Zachary Ista', 'Mike Nathe', ""Emily O'Brien"", 'Nathan Toman', 'Jonathan Warrey', 'Joshua Boschee', 'Kyle Davison', 'Scott Meyer']",https://legiscan.com/ND/bill/HB1448/2025,0,0,1,1,Moderate Risk,0,0,0,0,0,6,0,2,4
ND,North Dakota,HB1320,Prohibiting deepfake videos and images; and to provide a penalty.,1,Introduced,2025,2025-01-13,"Program and documentation, Opt out/appeal",2,Deepfakes; Criminal,"['Josh Christy', 'Liz Conmy', 'James Kasper', 'Ben Koppelman', 'Scott Louser', 'Alisa Mitskog', 'Brandy Pyle', 'Bernie Satrom', 'Austen Schauer', 'Keith Boehm', 'Jeffery Magrum', 'Janne Myrdal']",https://legiscan.com/ND/bill/HB1320/2025,0,0,0,0,Pending - Low Exposure,0,0,0,0,0,6,0,2,4
ND,North Dakota,SB2186,Interference with court-ordered parenting time; to create a child custody review task force; to provide for a legislative management report; and to provide a penalty.,4,Passed,2025,2025-04-23,,0,Criminal; Children,"['David Clemens', 'Larry Luick', 'Ben Koppelman', 'Andrew Marschall']",https://legiscan.com/ND/bill/SB2186/2025,0,0,0,0,Low Risk,1,0,0,1,0,6,0,2,4
ND,North Dakota,HB1064,The authorization of a postsecondary educational institution not operating in this state.,4,Passed,2025,2025-04-11,"Program and documentation, Assessments, General notice, Registration, Opt out/appeal",5,Education,['Education'],https://legiscan.com/ND/bill/HB1064/2025,0,1,1,2,High Risk,0,0,0,0,0,6,0,2,4
ND,North Dakota,HB1613,Law enforcement use of a robot.,4,Passed,2025,2025-04-29,Program and documentation,1,Criminal,"['Jared Hendrix', 'Nels Christianson', 'Ben Koppelman', 'Nathan Toman', 'Lori VanWinkle', 'Jose Castaneda', 'Jeffery Magrum', 'Bob Paulson']",https://legiscan.com/ND/bill/HB1613/2025,0,0,0,0,Low Risk,0,0,0,0,0,6,0,2,4
ND,North Dakota,HB1031,"Technical corrections and improper, inaccurate, redundant, missing, or obsolete references; and to provide an effective date.",4,Passed,2025,2025-03-18,,0,General/Other,['Legislative Management'],https://legiscan.com/ND/bill/HB1031/2025,0,0,0,0,Low Risk,0,0,0,0,0,6,0,2,4
OH,Ohio,SB217,"Regards AI-generated products, simulated porn, identity fraud",1,Introduced,2024,2024-01-24,"Program and documentation, Labeling/notification",2,Adult Content,"['Louis Blessing', 'Terry Johnson', 'Catherine Ingram']",https://legiscan.com/OH/bill/SB217/2023,0,0,0,0,Pending - Low Exposure,0,0,0,0,0,2,0,2,0
OH,Ohio,SB196,Regards authority of advanced practice registered nurses,4,Passed,2025,2025-03-20,Program and documentation,1,General/Other,"['Kristina Roegner', 'Nickie Antonio', 'Jerry Cirino', 'Hearcel Craig', 'William DeMora', 'Robert Hackett', 'Stephanie Kunze', 'George Lang', 'Bill Reineke', 'Michele Reynolds', 'Mark Romanchuk', 'Steve Wilson']",https://legiscan.com/OH/bill/SB196/2023,0,0,0,0,Low Risk,0,0,0,0,0,2,0,2,0
OH,Ohio,HB33,Establishes operating appropriations for fiscal years 2024-2025,4,Passed,2023,2023-07-04,"Program and documentation, General notice, Registration, Opt out/appeal",4,Government,"['Jay Edwards', 'Andrew Brenner', 'Jerry Cirino', 'Matthew Dolan', 'Theresa Gavarone', 'Robert Hackett', 'Frank Hoagland', 'Stephen Huffman', 'Terry Johnson', 'George Lang', 'Robert McColley', 'Bill Reineke', 'Kristina Roegner', 'Mark Romanchuk', 'Michael Rulli', 'Timothy Schaffer', 'Shane Wilkin']",https://legiscan.com/OH/bill/HB33/2023,0,1,0,1,Moderate Risk,0,0,0,0,0,2,0,2,0
OH,Ohio,HB12,Rename and revise duties of Department of Education and Workforce,1,Introduced,2023,2023-02-15,"Program and documentation, General notice, Registration, Opt out/appeal",4,Education; Employment,"['Don Jones', 'Dave Dobos']",https://legiscan.com/OH/bill/HB12/2023,0,1,0,1,Pending - Some Exposure,0,0,0,0,0,2,0,2,0
OH,Ohio,SB1,Revise Education Law and Department duties; rename the Department,2,Engrossed,2023,2023-03-01,"Program and documentation, General notice, Registration, Opt out/appeal",4,Education,"['Bill Reineke', 'Niraj Antani', 'Andrew Brenner', 'Jerry Cirino', 'Theresa Gavarone', 'Frank Hoagland', 'Stephen Huffman', 'George Lang', 'Robert McColley', ""Sandra O'Brien"", 'Michele Reynolds', 'Mark Romanchuk', 'Michael Rulli', 'Timothy Schaffer', 'Kirk Schuring', 'Steve Wilson']",https://legiscan.com/OH/bill/SB1/2023,0,1,0,1,Pending - Some Exposure,0,0,0,0,0,2,0,2,0
OH,Ohio,HB525,Regards use of artificial intelligence in therapy services,1,Introduced,2025,2025-10-15,"Program and documentation, Responsible individual, General notice",3,General/Other,"['Christine Cockley', 'Ty Mathews', 'Munira Abdullahi', 'Sean Brennan', 'Juanita Brent', 'Ashley Bryant Bailey', 'Tex Fischer', 'Derrick Hall', 'Dontavius Jarrells', 'Crystal Lett', 'Joseph Miller', 'Ismail Mohamed', 'Johnathan Newman', 'Phillip Robinson', 'Allison Russo', 'Veronica Sims', 'Anita Somani', 'Eric Synenberg', 'Terrence Upchurch', 'Erika White']",https://legiscan.com/OH/bill/HB525/2025,0,1,0,1,Pending - Some Exposure,0,0,0,0,0,2,0,2,0
OH,Ohio,SB163,"Regards AI images, simulated child porn, replica identity fraud",1,Introduced,2025,2025-04-01,"Program and documentation, Labeling/notification",2,Children,"['Louis Blessing', 'Terry Johnson', 'William DeMora', 'Catherine Ingram']",https://legiscan.com/OH/bill/SB163/2025,0,0,0,0,Pending - Low Exposure,1,0,0,1,0,2,0,2,0
OH,Ohio,HB524,Impose penalties for AI models suggesting harming self or another,1,Introduced,2025,2025-10-15,Program and documentation,1,AI Governance,"['Christine Cockley', 'Ty Mathews', 'Munira Abdullahi', 'Sean Brennan', 'Juanita Brent', 'Darnell Brewer', 'Derrick Hall', 'Dontavius Jarrells', 'Marilyn John', 'Crystal Lett', 'Lauren McNally', 'Joseph Miller', 'Phillip Robinson', 'Allison Russo', 'Jodi Salvo', 'Veronica Sims', 'Anita Somani', 'Eric Synenberg', 'Erika White', 'Heidi Workman']",https://legiscan.com/OH/bill/HB524/2025,0,0,0,0,Pending - Low Exposure,0,0,0,0,0,2,0,2,0
OH,Ohio,HB392,Enact the Ohio Right to Compute Act,1,Introduced,2025,2025-07-07,"Program and documentation, Assessments",2,General/Other,"['Tex Fischer', 'Steve Demetriou']",https://legiscan.com/OH/bill/HB392/2025,0,0,1,1,Pending - Some Exposure,0,0,1,1,0,2,0,2,0
OH,Ohio,SB164,Regulate the use of artificial intelligence by health insurers,1,Introduced,2025,2025-04-01,"Program and documentation, Assessments, General notice, Explanation/incident reporting, Third-party review, Opt out/appeal",6,Healthcare,['Alessandro Cutrona'],https://legiscan.com/OH/bill/SB164/2025,0,1,1,2,Pending - High Exposure,0,0,0,0,0,2,0,2,0
OH,Ohio,HB579,Regulate the use of artificial intelligence by health insurers,1,Introduced,2025,2025-11-05,"Program and documentation, Assessments, General notice, Explanation/incident reporting, Third-party review",5,Healthcare,['Jean Schmidt'],https://legiscan.com/OH/bill/HB579/2025,0,1,1,2,Pending - High Exposure,0,0,0,0,0,2,0,2,0
OH,Ohio,HB106,Enact Alyssa's Law,1,Introduced,2025,2025-02-18,"Program and documentation, Assessments, Training",3,General/Other,"['Angela King', 'Melanie Miller', 'Sean Brennan', 'Gary Click', 'Kellie Deeter', 'Beth Lear', 'Josh Williams']",https://legiscan.com/OH/bill/HB106/2025,0,0,1,1,Pending - Some Exposure,0,0,0,0,0,2,0,2,0
OH,Ohio,HB469,Declare A.I. systems nonsentient; prohibit legal personhood,1,Introduced,2025,2025-09-23,"Program and documentation, Assessments, Labeling/notification, Explanation/incident reporting",4,Legal/Judicial,['Thaddeus Claggett'],https://legiscan.com/OH/bill/HB469/2025,0,0,1,1,Pending - Some Exposure,0,0,0,0,0,2,0,2,0
OH,Ohio,HB362,Regulate fraudulent synthetic media for influencing elections,1,Introduced,2025,2025-06-12,"Program and documentation, Labeling/notification",2,Deepfakes; Elections,"['Joseph Miller', 'Munira Abdullahi', 'Sean Brennan', 'Juanita Brent', 'Michele Grim', 'Lauren McNally', 'Tristan Rader', 'Allison Russo', 'Daniel Troy', 'Erika White']",https://legiscan.com/OH/bill/HB362/2025,0,0,0,0,Pending - Low Exposure,0,0,0,0,0,2,0,2,0
OH,Ohio,SB79,Regulate the use of pricing algorithms,1,Introduced,2025,2025-02-04,"Program and documentation, General notice, Labeling/notification",3,General/Other,"['Louis Blessing', 'Willis Blackshear']",https://legiscan.com/OH/bill/SB79/2025,0,1,0,1,Pending - Some Exposure,0,0,0,0,0,2,0,2,0
OH,Ohio,HR11,Urge Ohio expansion of manufacturing of domestic drones,1,Introduced,2025,2025-01-28,"Program and documentation, Training",2,General/Other,['Ty Mathews'],https://legiscan.com/OH/bill/HR11/2025,0,0,0,0,Pending - Low Exposure,0,0,0,0,0,2,0,2,0
OH,Ohio,HCR16,Reaffirm commitment to Taiwan; regards Taiwan status,1,Introduced,2025,2025-06-04,,0,General/Other,"['Ty Mathews', 'Angela King', 'Tim Barhorst', 'Jennifer Gross', 'Beth Lear', 'Johnathan Newman', 'David Thomas']",https://legiscan.com/OH/bill/HCR16/2025,0,0,0,0,Pending - Low Exposure,0,0,0,0,0,2,0,2,0
OH,Ohio,SB326,Require students complete a high school computer science course,1,Introduced,2025,2025-11-12,"Program and documentation, Training",2,Education,"['Jerry Cirino', 'Catherine Ingram', 'Kyle Koehler', 'Kent Smith', 'Casey Weinstein']",https://legiscan.com/OH/bill/SB326/2025,0,0,0,0,Pending - Low Exposure,0,0,1,1,0,2,0,2,0
OH,Ohio,HB594,Require students complete a high school computer science course,1,Introduced,2025,2025-11-18,"Program and documentation, Training",2,Education,"['Mike Odioso', 'Thomas Hall', 'Gary Click', 'Tex Fischer', 'Kevin Ritter', 'Eric Synenberg', 'Terrence Upchurch', 'Andrea White']",https://legiscan.com/OH/bill/HB594/2025,0,0,0,0,Pending - Low Exposure,0,0,1,1,0,2,0,2,0
OH,Ohio,HB59,Revise and streamline the state's occupational regulations,2,Engrossed,2025,2025-11-19,,0,General/Other,"['Sarah Fowler Arthur', 'Mark Hiner', 'Juanita Brent', 'Jamie Callender', 'Thaddeus Claggett', 'Gary Click', 'Kellie Deeter', 'Ron Ferguson', 'Haraz Ghanbari', 'Derrick Hall', 'Thomas Hall', 'Adam Holmes', 'Marilyn John', 'Mark Johnson', 'Roy Klopfenstein', 'Brian Lorenz', 'Adam Mathews', 'Melanie Miller', 'Johnathan Newman', 'Bob Peterson', 'Phil Plummer', 'Sharon Ray', 'Bill Roemer', 'Allison Russo', 'Jean Schmidt', 'Veronica Sims', 'D. J. Swearingen', 'Eric Synenberg', 'Cecil Thomas', 'Terrence Upchurch', 'Josh Williams', 'Bernard Willis', 'Heidi Workman', 'Tom Young']",https://legiscan.com/OH/bill/HB59/2025,0,0,0,0,Pending - Low Exposure,0,0,0,0,0,2,0,2,0
OH,Ohio,HB96,Make state operating appropriations for FY 2026-27,4,Passed,2025,2025-06-30,"Program and documentation, General notice, Registration, Opt out/appeal",4,Government,"['Brian Stewart', 'Andrew Brenner', 'Jerry Cirino', 'Theresa Gavarone', 'Terry Johnson', 'George Lang', 'Kristina Roegner', 'Mark Romanchuk']",https://legiscan.com/OH/bill/HB96/2025,0,1,0,1,Moderate Risk,0,0,0,0,0,2,0,2,0
OH,Ohio,HB455,Regards the operation of public schools and the DEW,2,Engrossed,2025,2025-11-19,"Program and documentation, General notice, Registration, Opt out/appeal",4,Education,"['Gayle Manning', 'Adam Bird', 'Sean Brennan', 'Gary Click', 'Kellie Deeter', 'Michael Dovilla', 'Tex Fischer', 'Sarah Fowler Arthur', 'Derrick Hall', 'Mark Hiner', 'Adam Holmes', 'James Hoops', 'Marilyn John', 'Brian Lampton', 'Adam Mathews', 'Ty Mathews', 'Riordan McClain', 'Melanie Miller', 'Johnathan Newman', 'Mike Odioso', 'Bob Peterson', 'Phil Plummer', 'Tracy Richardson', 'Kevin Ritter', 'Nick Santucci', 'Mark Sigrist', 'David Thomas', 'Daniel Troy', 'Andrea White', 'Josh Williams', 'Tom Young']",https://legiscan.com/OH/bill/HB455/2025,0,1,0,1,Pending - Some Exposure,0,0,0,0,0,2,0,2,0
OH,Ohio,SB197,"Legalize, tax internet gambling; make other Gambling Law changes",1,Introduced,2025,2025-05-13,"Program and documentation, General notice, Registration, Opt out/appeal",4,Legal/Judicial,['Nathan Manning'],https://legiscan.com/OH/bill/SB197/2025,0,1,0,1,Pending - Some Exposure,0,0,0,0,0,2,0,2,0
OK,Oklahoma,HB3453,Artificial intelligence; definitions; establishing the rights of Oklahomans when interacting with artificial intelligence; effective date.,2,Engrossed,2024,2024-03-18,"Assessments, General notice, Labeling/notification, Opt out/appeal, Nondiscrimination",5,General/Other,"['Jeff Boatman', 'Todd Gollihare', 'Daniel Pae', 'Cody Maynard']",https://legiscan.com/OK/bill/HB3453/2024,1,1,1,3,Pending - High Exposure,0,0,0,0,0,0,0,0,0
OK,Oklahoma,HB3828,State government; Office of Management and Enterprise Services; artificial intelligence; Administrative Office of the Courts; inventory; procedures; effective date.,2,Engrossed,2024,2024-03-18,"Program and documentation, Assessments, General notice, Nondiscrimination",4,Government,"['Arturo Alonso-Sandoval', 'Dave Rader', 'Daniel Pae', 'Melissa Provenzano']",https://legiscan.com/OK/bill/HB3828/2024,1,1,1,3,Pending - High Exposure,0,0,0,0,0,0,0,0,0
OK,Oklahoma,HB3577,Health insurance; Artificial Intelligence Utilization Review Act; definitions; notice; human review; civil liability; penalties; penalty caps; effective date.,1,Introduced,2024,2024-02-05,,0,Healthcare; Criminal,"['Daniel Pae', 'Dave Rader']",https://legiscan.com/OK/bill/HB3577/2024,0,0,0,0,Pending - Low Exposure,0,0,0,0,0,0,0,0,0
OK,Oklahoma,HB3827,Schools; State Department of Education; artificial intelligence; training; curriculum; revolving fund.,1,Introduced,2024,2024-02-05,"Program and documentation, Training",2,Education,"['Arturo Alonso-Sandoval', 'Daniel Pae']",https://legiscan.com/OK/bill/HB3827/2024,0,0,0,0,Pending - Low Exposure,0,0,0,0,0,0,0,0,0
OK,Oklahoma,HB3865,Crimes and punishments; expanding scope of crime to include materials and pornography generated via artificial intelligence; effective date.,1,Introduced,2024,2024-02-05,Program and documentation,1,Criminal,['Andy Fugate'],https://legiscan.com/OK/bill/HB3865/2024,0,0,0,0,Pending - Low Exposure,0,0,0,0,0,0,0,0,0
OK,Oklahoma,HB3835,Technology; title; Ethical Artificial Intelligence Act; deployers; developers; algorithmic discrimination; attorney general; effective date.,1,Introduced,2024,2024-02-05,"Program and documentation, Assessments, Developer documentation, Nondiscrimination",4,AI Governance,['Arturo Alonso-Sandoval'],https://legiscan.com/OK/bill/HB3835/2024,1,0,1,2,Pending - High Exposure,0,0,0,0,0,0,0,0,0
OK,Oklahoma,HB3293,Artificial intelligence technology; creating the Oklahoma Artificial Intelligence Act of 2024; effective date.,1,Introduced,2024,2024-02-05,Program and documentation,1,AI Governance,['Kyle Hilbert'],https://legiscan.com/OK/bill/HB3293/2024,0,0,0,0,Pending - Low Exposure,0,0,0,0,0,0,0,0,0
OK,Oklahoma,SB1975,State government; creating the Citizen's Bill of Rights. Emergency.,1,Introduced,2024,2024-02-05,"Program and documentation, General notice, Nondiscrimination, Opt out/appeal",4,Government,['Shane Jett'],https://legiscan.com/OK/bill/SB1975/2024,1,1,0,2,Pending - High Exposure,0,0,0,0,0,0,0,0,0
OK,Oklahoma,HB3125,Property; prohibiting foreign ownership of real property and agricultural land; effective date.,1,Introduced,2024,2024-02-05,Program and documentation,1,General/Other,"['Danny Williams', 'Darrell Weaver', 'Shane Jett']",https://legiscan.com/OK/bill/HB3125/2024,0,0,0,0,Pending - Low Exposure,0,0,0,0,0,0,0,0,0
OK,Oklahoma,HB3077,Property; prohibiting foreign ownership of real property and agricultural land; effective date.,1,Introduced,2024,2024-02-05,Program and documentation,1,General/Other,['Neil Hays'],https://legiscan.com/OK/bill/HB3077/2024,0,0,0,0,Pending - Low Exposure,0,0,0,0,0,0,0,0,0
OK,Oklahoma,SB1268,Child pornography; modifying definition. Effective date.,2,Engrossed,2024,2024-03-05,,0,Children,"['Dave Rader', 'Melissa Provenzano', 'Tammy West']",https://legiscan.com/OK/bill/SB1268/2024,0,0,0,0,Pending - Low Exposure,1,0,0,1,0,0,0,0,0
OK,Oklahoma,SB1221,Child pornography; modifying terms. Effective date.,1,Introduced,2024,2024-02-05,,0,Children,['Darrell Weaver'],https://legiscan.com/OK/bill/SB1221/2024,0,0,0,0,Pending - Low Exposure,1,0,0,1,0,0,0,0,0
OK,Oklahoma,HB1916,Artificial intelligence; Responsible Deployment of AI Systems Act; AI Council; AI Regulatory Sandbox Program; Artificial Intelligence Workforce Development Program; effective date.,1,Introduced,2025,2025-02-03,"Program and documentation, Assessments, Responsible individual, General notice, Explanation/incident reporting, Third-party review, Opt out/appeal",7,Employment,['Arturo Alonso-Sandoval'],https://legiscan.com/OK/bill/HB1916/2025,0,1,1,2,Pending - High Exposure,0,0,0,0,0,0,0,0,0
OK,Oklahoma,HB1364,Crimes and punishments; sexual obscenity; making certain acts unlawful; effective date.,4,Passed,2025,2025-05-05,Program and documentation,1,Criminal,"['Toni Hasenbeck', 'Jerry Alvord', 'Mark Lepak', 'Warren Hamilton']",https://legiscan.com/OK/bill/HB1364/2025,0,0,0,0,Low Risk,0,0,0,0,0,0,0,0,0
OK,Oklahoma,SB746,Artificial intelligence; requiring certain disclosure for certain media. Effective date.,1,Introduced,2025,2025-02-03,"General notice, Labeling/notification, Opt out/appeal",3,AI Governance,['Ally Seifried'],https://legiscan.com/OK/bill/SB746/2025,0,1,0,1,Pending - Some Exposure,0,0,0,0,0,0,0,0,0
OK,Oklahoma,HB1915,Artificial intelligence; AI devices in health care; qualified end-user; deployer; quality assurance program; State Department of Health; effective date.,1,Introduced,2025,2025-02-03,"Program and documentation, Assessments, Responsible individual, Registration",4,Healthcare,['Arturo Alonso-Sandoval'],https://legiscan.com/OK/bill/HB1915/2025,0,0,1,1,Pending - Some Exposure,0,0,0,0,0,0,0,0,0
OK,Oklahoma,SB611,State government; creating the Citizen's Bill of Rights. Emergency.,1,Introduced,2025,2025-02-03,"Program and documentation, General notice, Nondiscrimination",3,Government,['Shane Jett'],https://legiscan.com/OK/bill/SB611/2025,1,1,0,2,Pending - High Exposure,0,0,0,0,0,0,0,0,0
OK,Oklahoma,SB894,Artificial intelligence; prohibiting distribution of certain media and requiring certain disclosures. Effective date.,1,Introduced,2025,2025-02-03,"Program and documentation, General notice, Labeling/notification, Opt out/appeal",4,AI Governance,"['Bill Coleman', 'Carl Newton', 'Ally Seifried']",https://legiscan.com/OK/bill/SB894/2025,0,1,0,1,Pending - Some Exposure,0,0,0,0,0,0,0,0,0
OK,Oklahoma,SB885,Social media; creating the Safe Screens for Kids Act. Effective date.,1,Introduced,2025,2025-02-03,"Program and documentation, Responsible individual, General notice, Opt out/appeal, Nondiscrimination",5,Children,"['Ally Seifried', 'Chad Caldwell']",https://legiscan.com/OK/bill/SB885/2025,1,1,0,2,Pending - High Exposure,0,0,0,0,0,0,0,0,0
OK,Oklahoma,HB1917,Artificial intelligence; Artificial Intelligence Act of 2025; effective date.,1,Introduced,2025,2025-02-03,,0,AI Governance,['Arturo Alonso-Sandoval'],https://legiscan.com/OK/bill/HB1917/2025,0,0,0,0,Pending - Low Exposure,0,0,0,0,0,0,0,0,0
OK,Oklahoma,HB1899,Artificial intelligence; Artificial Intelligence Act of 2025; effective date.,1,Introduced,2025,2025-02-03,,0,AI Governance,['Stan May'],https://legiscan.com/OK/bill/HB1899/2025,0,0,0,0,Pending - Low Exposure,0,0,0,0,0,0,0,0,0
OK,Oklahoma,HB2016,Evidence; artificial intelligence expert testimony; effective date.,1,Introduced,2025,2025-02-03,"Program and documentation, Explanation/incident reporting",2,General/Other,['Daniel Pae'],https://legiscan.com/OK/bill/HB2016/2025,0,0,0,0,Pending - Low Exposure,0,0,0,0,0,0,0,0,0
OK,Oklahoma,HB2371,Schools; mental health; pilot programs; revolving fund; effective date.,1,Introduced,2025,2025-02-03,"Program and documentation, Assessments",2,Healthcare; Education,['Brian Hill'],https://legiscan.com/OK/bill/HB2371/2025,0,0,1,1,Pending - Some Exposure,0,0,0,0,0,0,0,0,0
OK,Oklahoma,SB224,Student data; creating the Oklahoma Education and Workforce Statewide Longitudinal Data System.,2,Engrossed,2025,2025-03-26,"Program and documentation, Responsible individual",2,Education; Employment,"['Ally Seifried', 'Chad Caldwell', 'John Waldron']",https://legiscan.com/OK/bill/SB224/2025,0,0,0,0,Pending - Low Exposure,0,0,0,0,0,0,0,0,0
OK,Oklahoma,SCR3,Concurrent Resolution; expressing support for partnership with Taiwan; supporting tax agreement; celebrating the 46th anniversary of Taiwan Relations Act of 1979.,4,Passed,2025,2025-04-17,Program and documentation,1,Housing,"['Roland Pederson', 'Daniel Pae', 'Kyle Hilbert', 'Mark Lawson', 'Judd Strom']",https://legiscan.com/OK/bill/SCR3/2025,0,0,0,0,Low Risk,0,0,0,0,0,0,0,0,0
OK,Oklahoma,HB1453,Property; foreign owners; procedures; divesting requirements; penalties; Attorney General; enforcement; effective date.,1,Introduced,2025,2025-02-03,Program and documentation,1,Legal/Judicial,"['Jim Shaw', 'David Bullard', 'Justin Humphrey']",https://legiscan.com/OK/bill/HB1453/2025,0,0,0,0,Pending - Low Exposure,0,0,0,0,0,0,0,0,0
OK,Oklahoma,HB1308,Foreign ownership of property; defining terms; prohibiting real property ownership by certain parties; repealer; codification; effective date.,1,Introduced,2025,2025-02-03,Program and documentation,1,General/Other,['Justin Humphrey'],https://legiscan.com/OK/bill/HB1308/2025,0,0,0,0,Pending - Low Exposure,0,0,0,0,0,0,0,0,0
OK,Oklahoma,HB1983,"Schools; media literacy and cybersecurity to be taught in sixth, seventh, or eighth grades; State Department of Education to adopt curriculum standards; effective date.",1,Introduced,2025,2025-02-03,"Program and documentation, Training",2,Education,"['Trish Ranson', 'Darrell Weaver']",https://legiscan.com/OK/bill/HB1983/2025,0,0,0,0,Pending - Low Exposure,0,0,0,0,0,0,0,0,0
OK,Oklahoma,SB410,Schools; requiring students beginning certain school year to complete a computer science unit to graduate with standard diploma. Effective date. Emergency.,2,Engrossed,2025,2025-03-26,"Program and documentation, Training",2,Education,"['Brenda Stanley', 'Dick Lowe']",https://legiscan.com/OK/bill/SB410/2025,0,0,0,0,Pending - Low Exposure,0,0,1,1,0,0,0,0,0
OK,Oklahoma,HB1304,Schools; subject matter standards; computer science courses; curriculum; rules; effective date; emergency.,1,Introduced,2025,2025-02-03,Program and documentation,1,Education,"['Dick Lowe', 'Brenda Stanley']",https://legiscan.com/OK/bill/HB1304/2025,0,0,0,0,Pending - Low Exposure,0,0,1,1,0,0,0,0,0
OK,Oklahoma,HB1537,Amusements and sports; Supporting Affordability and Fairness with Every Bet Act of 2025; SAFE Bet Act; terms; prohibition; exceptions; Attorney General; civil action; jury; civil penalties; jurisdiction; application; information; notice; renew; standards; Indian Tribe; severability; codification; effective date.,1,Introduced,2025,2025-02-03,"Program and documentation, Assessments, General notice, Third-party review, Opt out/appeal",5,Legal/Judicial,['Mickey Dollens'],https://legiscan.com/OK/bill/HB1537/2025,0,1,1,2,Pending - High Exposure,0,0,0,0,0,0,0,0,0
OK,Oklahoma,HB1521,Schools; subject matter standards; personal financial literacy; AP courses; updating references; permitting alternate diploma for certain students; repealer; effective date; emergency.,5,Vetoed,2025,2025-05-28,Program and documentation,1,Education; Financial,"['Dick Lowe', 'Adam Pugh']",https://legiscan.com/OK/bill/HB1521/2025,0,0,0,0,Pending - Low Exposure,0,0,0,0,0,0,0,0,0
OR,Oregon,HB4153,Relating to artificial intelligence; declaring an emergency.,4,Passed,2024,2024-03-28,Program and documentation,1,General/Other,"['Daniel Nguyen', 'Aaron Woods', 'Janelle Bynum', 'Farrah Chaichi', 'Julianne Fahey', 'Hai Pham', 'Werner Reschke', 'Jules Walters', 'Wlnsvey Campos', 'Deb Patterson', 'Rob Wagner']",https://legiscan.com/OR/bill/HB4153/2024,0,0,0,0,Low Risk,0,0,0,0,0,2,0,1,1
OR,Oregon,SB1571,Relating to the use of artificial intelligence in campaign communications; declaring an emergency.,4,Passed,2024,2024-03-28,General notice,1,Elections,"['Aaron Woods', 'James Manning', 'Sara Gelser Blouin', 'Courtney Neron Misslin', 'Wlnsvey Campos', 'Michael Dembrow', 'Lew Frederick', 'Jeffrey Golden', 'Bill Hansell', 'Cedric Hayden', 'Kayse Jama', 'Tim Knopp', 'Deb Patterson', 'Floyd Prozanski', 'David Smith', 'Suzanne Weber', 'Tom Andersen', 'Ben Bowman', 'Janelle Bynum', 'Maxine Dexter', 'Paul Evans', 'Julianne Fahey', 'Mark Gamba', 'David Gomberg', 'Dacia Grayber', 'Annessa Hartman', 'Zach Hudson', 'Emerson Levy', 'John Lively', 'Kevin Mannix', 'Nancy Nathanson', 'Travis Nelson', 'Daniel Nguyen', 'Hai Pham', 'Khanh Pham', 'Nathan Sosa']",https://legiscan.com/OR/bill/SB1571/2024,0,1,0,1,Moderate Risk,0,0,0,0,0,2,0,1,1
OR,Oregon,SB5701,Relating to state financial administration; declaring an emergency.,4,Passed,2024,2024-04-18,,0,Financial,['Ways and Means'],https://legiscan.com/OR/bill/SB5701/2024,0,0,0,0,Low Risk,0,0,0,0,0,2,0,1,1
OR,Oregon,HB3592,Relating to artificial intelligence.,6,Failed,2025,2025-06-27,"Program and documentation, Responsible individual, General notice, Nondiscrimination",4,General/Other,"['Daniel Nguyen', 'Aaron Woods', 'Ben Bowman', 'Tom Andersen', 'Farrah Chaichi', 'Lisa Fragala', 'Zach Hudson', 'Shannon Isadore', 'Kevin Mannix', 'Pam Marsh', 'Sarah Finger McDonald', 'Susan McLain', 'Courtney Neron Misslin', 'Hoa Nguyen', 'Robert Nosse', 'Jules Walters']",https://legiscan.com/OR/bill/HB3592/2025,1,1,0,2,Pending - High Exposure,0,0,0,0,0,2,0,1,1
OR,Oregon,HB3936,Relating to the security of state assets.,4,Passed,2025,2025-07-25,Program and documentation,1,General/Other,"['Darcey Edwards', 'Travis Nelson']",https://legiscan.com/OR/bill/HB3936/2025,0,0,0,0,Low Risk,0,0,0,0,0,2,0,1,1
OR,Oregon,HB3771,Relating to the regulation of artificial intelligence.,6,Failed,2025,2025-06-27,Program and documentation,1,General/Other,['Dacia Grayber'],https://legiscan.com/OR/bill/HB3771/2025,0,0,0,0,Pending - Low Exposure,0,0,0,0,0,2,0,1,1
OR,Oregon,HB2556,Relating to Portland State University designation.,4,Passed,2025,2025-06-19,Program and documentation,1,Education,"['Dacia Grayber', 'Katherine Lieber', 'Shannon Isadore', 'Lew Frederick', 'Khanh Pham', 'Lisa Reynolds', 'Rob Wagner']",https://legiscan.com/OR/bill/HB2556/2025,0,0,0,0,Low Risk,0,0,0,0,0,2,0,1,1
OR,Oregon,HB2330,Relating to fraudulent schemes targeting the elderly; declaring an emergency.,6,Failed,2025,2025-06-27,"Program and documentation, Responsible individual",2,General/Other,"['Mark Owens', 'Virgle Osborne']",https://legiscan.com/OR/bill/HB2330/2025,0,0,0,0,Pending - Low Exposure,0,0,0,0,0,2,0,1,1
OR,Oregon,SB541,Relating to computer science education; declaring an emergency.,6,Failed,2025,2025-06-27,"Program and documentation, Training",2,Education,['Janeen Sollman'],https://legiscan.com/OR/bill/SB541/2025,0,0,0,0,Pending - Low Exposure,0,0,1,1,0,2,0,1,1
OR,Oregon,HB2230,Relating to explicit digital forgeries.,6,Failed,2025,2025-06-27,Program and documentation,1,Adult Content,['Virgle Osborne'],https://legiscan.com/OR/bill/HB2230/2025,0,0,0,0,Pending - Low Exposure,0,0,0,0,0,2,0,1,1
OR,Oregon,SB626,Relating to encouraging child sexual abuse; declaring an emergency.,6,Failed,2025,2025-06-27,,0,Children,['Daniel Bonham'],https://legiscan.com/OR/bill/SB626/2025,0,0,0,0,Pending - Low Exposure,1,0,0,1,0,2,0,1,1
OR,Oregon,HB3315,Relating to the website of the Oregon Business Development Department; declaring an emergency.,6,Failed,2025,2025-06-27,"Program and documentation, General notice",2,General/Other,['Daniel Nguyen'],https://legiscan.com/OR/bill/HB3315/2025,0,1,0,1,Pending - Some Exposure,0,0,0,0,0,2,0,1,1
OR,Oregon,SB1089,Relating to information technology; declaring an emergency.,6,Failed,2025,2025-06-27,"Program and documentation, Responsible individual",2,Cybersecurity,"['Aaron Woods', 'Lew Frederick']",https://legiscan.com/OR/bill/SB1089/2025,0,0,0,0,Pending - Low Exposure,0,0,0,0,0,2,0,1,1
OR,Oregon,SB810,Relating to developmental disabilities services; and prescribing an effective date.,4,Passed,2025,2025-06-06,"Program and documentation, Responsible individual",2,General/Other,[],https://legiscan.com/OR/bill/SB810/2025,0,0,0,0,Low Risk,0,0,0,0,0,2,0,1,1
OR,Oregon,SB1090,Relating to information technology; and declaring an emergency.,4,Passed,2025,2025-07-02,"Program and documentation, Assessments",2,Cybersecurity,"['Aaron Woods', 'James Manning', 'Lew Frederick', 'Kayse Jama', 'Courtney Neron Misslin', 'Mark Gamba']",https://legiscan.com/OR/bill/SB1090/2025,0,0,1,1,Moderate Risk,0,0,0,0,0,2,0,1,1
PA,Pennsylvania,SR143,Directing the Joint State Government Commission to establish an advisory committee to conduct a study on the field of artificial intelligence and its impact and potential future impact in Pennsylvania.,1,Introduced,2023,2023-07-06,"Program and documentation, Assessments",2,Government,"['John Kane', 'Christine Tartaglione', 'Wayne Fontana', 'Jimmy Dillon', 'Jay Costa', 'Timothy Kearney', 'Steven Santarsiero', 'Judy Schwank', 'Amanda Cappelletti', 'James Brewster', 'Maria Collett', 'Nicholas Miller']",https://legiscan.com/PA/bill/SR143/2023,0,0,1,1,Pending - Some Exposure,0,0,0,0,0,4,0,3,1
PA,Pennsylvania,SB1213,"In sexual offenses, further providing for the offense of unlawful dissemination of intimate image; in minors, further providing for the offense of sexual abuse of children and for the offense of transmission of sexually explicit images by minor; and making editorial changes to replace references to the term ""child pornography"" with references to the term ""child sexual abuse material.""",4,Passed,2024,2024-10-29,Program and documentation,1,Criminal; Children,"['Tracy Pennycuick', 'Jimmy Dillon', 'Lisa Boscola', 'John Kane', 'Christine Tartaglione', 'James Brewster', 'Wayne Langerholc', 'Kristin Phillips-Hill', 'Arthur Haywood', 'Rosemary Brown', 'Judy Schwank', 'Steven Santarsiero', 'Elder Vogel', 'Devlin Robinson', 'Nicholas Miller', 'Camera Bartolotta', 'Cris Dush', 'Ryan Aument', 'Daniel Laughlin']",https://legiscan.com/PA/bill/SB1213/2023,0,0,0,0,Low Risk,1,0,0,1,0,4,0,3,1
PA,Pennsylvania,HB49,"In powers and duties of the Department of State and its departmental administrative board, providing for artificial intelligence registry.",1,Introduced,2023,2023-03-07,"Program and documentation, General notice, Registration",3,Infrastructure,"['Rob Mercuri', 'Mike Armanini', 'Donald Cook', 'Lynda Schlegel Culver', 'Jamie Flick', 'Robert James', 'Barry Jozwiak', 'Tina Pickett', 'Brian Smith', 'Stephenie Scialabba']",https://legiscan.com/PA/bill/HB49/2023,0,1,0,1,Pending - Some Exposure,0,0,0,0,0,4,0,3,1
PA,Pennsylvania,HB1598,Further providing for definitions and for unlawful acts or practices and exclusions; and providing for child sexual abuse material generated by artificial intelligence.,2,Engrossed,2024,2024-04-10,"Program and documentation, General notice",2,Children,"['Christopher Pielli', 'Robert Merski', ""Jennifer O'Mara"", 'Maureen Madden', 'Carol Hill-Evans', 'Dan Williams', 'Steven Malagari', 'David Delloso', 'Kristine Howard', 'Ed Neilson', 'Matthew Gergely', 'Ben Sanchez', 'Kyle Donahue', 'James Haddock', 'Daniel Miller', 'Joseph Ciresi', 'Melissa Shusterman', 'Tarik Khan', 'Mike Jones', 'Roni Green', 'Gregory Scott', 'Danielle Otten', 'Nick Pisciottano', 'Jeanne McNeill']",https://legiscan.com/PA/bill/HB1598/2023,0,1,0,1,Pending - Some Exposure,1,0,0,1,0,4,0,3,1
PA,Pennsylvania,HB2660,"In computer offenses, providing for artificial intelligence; and imposing a penalty.",1,Introduced,2024,2024-11-06,"Program and documentation, Labeling/notification",2,Criminal,"['Johanny Cepeda-Freytiz', 'Tarah Probst', 'Carol Hill-Evans', 'Christopher Pielli', 'Ben Sanchez', 'Jeanne McNeill', 'Michael Schlossberg', 'Jose Giral', 'Danielle Otten', 'Lindsay Powell', 'Robert Merski', 'Kyle Donahue', 'Heather Boyd', 'Mary Jo Daley', 'Roni Green']",https://legiscan.com/PA/bill/HB2660/2023,0,0,0,0,Pending - Low Exposure,0,0,1,1,0,4,0,3,1
PA,Pennsylvania,HR170,Directing the Joint State Government Commission to establish an advisory committee to conduct a study on the field of artificial intelligence and its impact and potential future impact in Pennsylvania.,4,Passed,2024,2024-07-03,"Program and documentation, Assessments, General notice",3,Government,"['Robert Merski', 'Christopher Pielli', 'Maureen Madden', 'Ed Neilson', 'Roni Green', 'Arvind Venkat', 'Paul Friel', 'Matthew Gergely', 'Brett Miller', 'Michael Schlossberg', 'Ben Sanchez', 'Steven Malagari', 'Robert James', 'Kristine Howard', 'Patrick Gallagher', 'Timothy Brennan', 'Carol Hill-Evans', 'Patrick Harkins', 'Tarik Khan', 'Kyle Donahue', ""Jennifer O'Mara"", 'Dan Williams', 'Joseph Ciresi', 'Stephen Kinsey']",https://legiscan.com/PA/bill/HR170/2023,0,1,1,2,High Risk,0,0,0,0,0,4,0,3,1
PA,Pennsylvania,HB1063,"In sexual offenses, providing for the offense of unlawful dissemination of artificially generated depiction; and, in minors, further providing for the offense of sexual abuse of children and for the offense of transmission of sexually explicit images by minor.",1,Introduced,2023,2023-04-28,Program and documentation,1,Criminal; Children,"['Ryan Mackenzie', 'Jamie Flick', 'Robert Kauffman', 'Malcolm Kenyatta', 'Robert Leadbeter', 'Milou Mackenzie', 'Tina Pickett', 'Stephenie Scialabba', 'Melissa Shusterman', 'Craig Staats', 'Mark Gillen', 'Rob Mercuri', 'Doyle Heffley']",https://legiscan.com/PA/bill/HB1063/2023,0,0,0,0,Pending - Low Exposure,1,0,0,1,0,4,0,3,1
PA,Pennsylvania,HB1663,Providing for disclosure by health insurers of the use of artificial intelligence-based algorithms in the utilization review process.,1,Introduced,2023,2023-09-07,"Program and documentation, General notice, Nondiscrimination",3,Healthcare,"['Arvind Venkat', 'Joseph Hogan', 'Tarik Khan', 'Bridget Kosierowski', 'Rob Mercuri', 'Nick Pisciottano', 'David Delloso', 'Darisha Parker', 'Tarah Probst', 'Carol Hill-Evans', 'Maureen Madden', 'Liz Hanbidge', 'Ben Sanchez', 'Robert Freeman', 'Kyle Donahue', 'Steven Malagari', 'Kristine Howard', 'James Haddock', ""La'Tasha Mayes"", 'Johanny Cepeda-Freytiz', 'Melissa Shusterman', 'Lisa Borowski', 'David Madsen', 'Danilo Burgos', 'Mandy Steele', 'Scott Conklin', 'Roni Green', 'Danielle Otten', 'Christopher Pielli', 'Stephen Samuelson']",https://legiscan.com/PA/bill/HB1663/2023,1,1,0,2,Pending - High Exposure,0,0,0,0,0,4,0,3,1
PA,Pennsylvania,HB2353,Providing for civil liability for fraudulent misrepresentation of candidates; and imposing penalties.,1,Introduced,2024,2024-05-29,"Program and documentation, General notice, Nondiscrimination",3,Elections,"['Tarik Khan', 'Rob Mercuri', 'Roni Green', 'Robert Merski', 'Christopher Pielli', 'Kristin Marcell', 'Jeanne McNeill', 'Carol Hill-Evans', 'Stephen Kinsey', 'Nancy Guenst', 'Ben Sanchez', 'Liz Hanbidge', 'Kyle Donahue', 'Malcolm Kenyatta', 'Tarah Probst', 'Gregory Scott', 'Jose Giral', 'Timothy Brennan', 'Emily Kinkead', 'Joseph Ciresi', 'Lisa Borowski', 'Melissa Shusterman', 'Robert James', 'Mark Rozzi', 'Robert Freeman', 'James Haddock', 'Eddie Pashinski', 'Perry Warren']",https://legiscan.com/PA/bill/HB2353/2023,1,1,0,2,Pending - High Exposure,0,0,0,0,0,4,0,3,1
PA,Pennsylvania,SB1083,"In minors, further providing for the offense of sexual abuse of children and for the offense of transmission of sexually explicit images by minor.",1,Introduced,2024,2024-02-26,Program and documentation,1,Criminal; Children,"['Lisa Boscola', 'Christine Tartaglione', 'Wayne Langerholc', 'Wayne Fontana', 'Arthur Haywood', 'John Kane', 'Frank Farry', 'Greg Rothman', 'Timothy Kearney', 'Steven Santarsiero', 'Nicholas Miller', 'Jimmy Dillon', 'Cris Dush', 'Daniel Laughlin', 'Rosemary Brown']",https://legiscan.com/PA/bill/SB1083/2023,0,0,0,0,Pending - Low Exposure,1,0,0,1,0,4,0,3,1
PA,Pennsylvania,HB1373,"In forgery and fraudulent practices, providing for the offense of unauthorized dissemination of artificially generated impersonation of individual.",1,Introduced,2023,2023-06-12,"Program and documentation, Nondiscrimination",2,Criminal,"['Robert Merski', 'Christopher Pielli', 'Robert Freeman', 'Maureen Madden', 'Anita Kulik', 'Dan Williams', 'Timothy Brennan', 'Patrick Harkins', 'Melissa Cerrato', 'David Delloso', 'Liz Hanbidge', 'Ben Sanchez', 'Perry Warren', 'David Madsen', 'Kyle Donahue', 'Kristine Howard', 'Melissa Shusterman']",https://legiscan.com/PA/bill/HB1373/2023,1,0,0,1,Pending - Some Exposure,0,0,0,0,0,4,0,3,1
PA,Pennsylvania,SB1045,"In forgery and fraudulent practices, providing for the offense of unauthorized dissemination of artificially generated impersonation of individual.",1,Introduced,2024,2024-01-29,"Program and documentation, Nondiscrimination",2,Criminal,"['John Kane', 'Jimmy Dillon', 'Wayne Fontana', 'Christine Tartaglione', 'Arthur Haywood', 'Jay Costa', 'Amanda Cappelletti', 'Katie Muth']",https://legiscan.com/PA/bill/SB1045/2023,1,0,0,1,Pending - Some Exposure,0,0,0,0,0,4,0,3,1
PA,Pennsylvania,HB1753,"In minors, further providing for sexual abuse of children and for transmission of sexually explicit images by minor.",1,Introduced,2023,2023-10-16,Program and documentation,1,Children,"['Christopher Pielli', 'Carol Kazeem', 'Tarah Probst', 'Maureen Madden', 'Timothy Brennan', 'David Delloso', 'Ryan Mackenzie', 'Danielle Otten', 'Kyle Donahue', 'Nancy Guenst', 'Ben Sanchez', 'Kristine Howard', 'Mary Jo Daley', 'Melissa Cerrato']",https://legiscan.com/PA/bill/HB1753/2023,0,0,0,0,Pending - Low Exposure,1,0,0,1,0,4,0,3,1
PA,Pennsylvania,HB2079,"In penalties, providing for the offense of fraudulent misrepresentation of a candidate; and imposing a penalty.",1,Introduced,2024,2024-03-05,"Program and documentation, Labeling/notification",2,Elections; Criminal,"['Tarik Khan', 'Rob Mercuri', 'Roni Green', 'Robert Merski', 'Christopher Pielli', 'Tarah Probst', 'Carol Hill-Evans', 'Stephen Kinsey', 'Robert Freeman', 'Ben Sanchez', 'Timothy Brennan', 'Robert James', 'Patrick Gallagher', 'Steven Malagari', 'Danilo Burgos', 'James Haddock', 'Melissa Shusterman', 'Johanny Cepeda-Freytiz', 'Joseph Ciresi', 'Lisa Borowski', 'Danielle Otten', 'Darisha Parker', 'Tim Twardzik', 'Heather Boyd', 'Nancy Guenst', 'Jose Giral', 'Lindsay Powell', 'Emily Kinkead', 'Malcolm Kenyatta', 'Joseph Hohenstein', 'Kyle Donahue', 'Benjamin Waxman', 'Patty Kim', 'David Delloso', 'Melissa Cerrato', 'Gregory Scott', 'Matthew Gergely']",https://legiscan.com/PA/bill/HB2079/2023,0,0,0,0,Pending - Low Exposure,0,0,0,0,0,4,0,3,1
PA,Pennsylvania,SB1217,Providing for civil liability for fraudulent misrepresentation of candidates; and imposing penalties.,1,Introduced,2024,2024-05-29,"Program and documentation, Labeling/notification, Nondiscrimination",3,Elections,"['Tracy Pennycuick', 'Jimmy Dillon', 'Chris Gebhard', 'John Kane', 'Greg Rothman', 'Christine Tartaglione', 'Timothy Kearney', 'Carolyn Comitta', 'Arthur Haywood', 'Judith Ward', 'Jay Costa', 'Rosemary Brown', 'Lynda Schlegel Culver', 'Nicholas Miller']",https://legiscan.com/PA/bill/SB1217/2023,1,0,0,1,Pending - Some Exposure,0,0,0,0,0,4,0,3,1
PA,Pennsylvania,SB1264,"Prohibiting solar radiation modification, cloud seeding and polluting atmospheric activity within this Commonwealth; imposing duties on the Pennsylvania State Police and sheriffs; and imposing penalties.",1,Introduced,2024,2024-06-20,Program and documentation,1,Criminal,"['Doug Mastriano', 'Cris Dush']",https://legiscan.com/PA/bill/SB1264/2023,0,0,0,0,Pending - Low Exposure,0,0,0,0,0,4,0,3,1
PA,Pennsylvania,SB1044,Further providing for definitions and for unlawful acts or practices and exclusions.,1,Introduced,2024,2024-05-16,"General notice, Labeling/notification",2,General/Other,"['Jimmy Dillon', 'John Kane', 'Wayne Fontana', 'Christine Tartaglione', 'Arthur Haywood', 'Jay Costa', 'Amanda Cappelletti', 'Lisa Boscola']",https://legiscan.com/PA/bill/SB1044/2023,0,1,0,1,Pending - Some Exposure,0,0,0,0,0,4,0,3,1
PA,Pennsylvania,HB2291,Further providing for definitions and for unlawful acts or practices and exclusions.,1,Introduced,2024,2024-05-20,Program and documentation,1,General/Other,"['Craig Williams', 'David Rowe', 'Mark Gillen', 'Stephenie Scialabba']",https://legiscan.com/PA/bill/HB2291/2023,0,0,0,0,Pending - Low Exposure,0,0,0,0,0,4,0,3,1
PA,Pennsylvania,HR496,Urging the Congress of the United States to amend 17 U.S.C. §§ 102 and 107 to protect creative workers against displacement by artificial intelligence technology.,1,Introduced,2024,2024-07-11,"Program and documentation, Nondiscrimination",2,Employment,"['Kristine Howard', 'Jose Giral', 'Nancy Guenst', 'Ben Sanchez', 'Robert Merski', 'Danielle Otten', 'Johanny Cepeda-Freytiz', 'Mary Jo Daley', 'Roni Green']",https://legiscan.com/PA/bill/HR496/2023,1,0,0,1,Pending - Some Exposure,0,0,0,0,0,4,0,3,1
PA,Pennsylvania,SB913,Providing for parental consent for virtual mental health services provided by a school entity.,2,Engrossed,2024,2024-06-27,"Program and documentation, General notice, Opt out/appeal",3,Healthcare; Education,"['Wayne Langerholc', 'Lisa Baker', 'David Argall', 'Scott Martin', 'Cris Dush', 'Kristin Phillips-Hill', 'Doug Mastriano', 'Greg Rothman', 'Judith Ward', 'Scott Hutchinson', 'Chris Gebhard', 'Ryan Aument']",https://legiscan.com/PA/bill/SB913/2023,0,1,0,1,Pending - Some Exposure,0,0,0,0,0,4,0,3,1
PA,Pennsylvania,HB2418,"In minors, further providing for the offense of sexual abuse of children.",1,Introduced,2024,2024-06-13,,0,Criminal; Children,"['Stephenie Scialabba', 'Tina Pickett', 'Craig Staats', 'Barry Jozwiak', 'Jacob Banta', 'Scott Conklin', 'Kristin Marcell', 'Robert Leadbeter', 'Mark Gillen', 'Dawn Keefer', 'Thomas Jones', 'Andrew Kuzma']",https://legiscan.com/PA/bill/HB2418/2023,0,0,0,0,Pending - Low Exposure,1,0,0,1,0,4,0,3,1
PA,Pennsylvania,HB1380,"In public assistance, further providing for administration of assistance programs.",1,Introduced,2023,2023-06-12,"Program and documentation, Assessments",2,General/Other,"['Seth Grove', 'Keith Greiner', 'Dawn Keefer', 'Jamie Flick', 'Dan Moul', 'James Struzzi']",https://legiscan.com/PA/bill/HB1380/2023,0,0,1,1,Pending - Some Exposure,0,0,0,0,0,4,0,3,1
PA,Pennsylvania,HR313,"Recognizing the week of March 8 through 17, 2024, as ""National Science and Engineering Week"" in Pennsylvania.",1,Introduced,2024,2024-02-05,,0,General/Other,"['Joseph Webster', 'Arvind Venkat', 'Keith Greiner', 'Carol Hill-Evans', 'Stephen Samuelson', 'Heather Boyd', 'Stephen Kinsey', 'Patty Kim', 'Gregory Vitali', 'Ben Sanchez', 'Steven Malagari', 'Ed Neilson', 'Lisa Borowski', 'Joseph Ciresi', 'Mary Jo Daley', 'Tarik Khan', 'Roni Green']",https://legiscan.com/PA/bill/HR313/2023,0,0,0,0,Pending - Low Exposure,0,0,0,0,0,4,0,3,1
PA,Pennsylvania,HR289,"Recognizing January 21 through 27, 2024, as ""Data Privacy Week"" in Pennsylvania.",4,Passed,2024,2024-03-27,"Program and documentation, General notice",2,Privacy,"['Arvind Venkat', 'Napoleon Nelson', 'Michael Schlossberg', 'Stephen Kinsey', 'Ben Sanchez', 'Donna Bullock', 'Johanny Cepeda-Freytiz', 'Tarah Probst', 'Carol Hill-Evans', 'Daniel Miller', 'James Haddock', 'Steven Malagari', 'Patty Kim', 'Ed Neilson', 'Mary Jo Daley', 'Tarik Khan', 'Roni Green', 'Justin Fleming']",https://legiscan.com/PA/bill/HR289/2023,0,1,0,1,Moderate Risk,0,0,0,0,0,4,0,3,1
PA,Pennsylvania,HR516,"Recognizing October 10, 2024, as ""National Day of the Republic of China (Taiwan)"" in Pennsylvania.",4,Passed,2024,2024-10-02,,0,General/Other,"['Melissa Shusterman', ""Jennifer O'Mara"", 'David Rowe', 'Carol Hill-Evans', 'Ryan Mackenzie', 'Robert Freeman', 'Ben Sanchez', 'Andrew Kuzma', 'Nancy Guenst', 'Christopher Pielli', 'Ann Flood', 'Robert Merski', 'Jamie Flick', 'Michael Schlossberg', 'Maureen Madden', 'Patrick Gallagher', 'Ed Neilson', 'Roni Green', 'Joseph Webster']",https://legiscan.com/PA/bill/HR516/2023,0,0,0,0,Low Risk,0,0,0,0,0,4,0,3,1
PA,Pennsylvania,HB1304,Amending Title 35 (Health and Safety) of the Pennsylvania,4,Passed,2024,2024-11-18,General notice,1,Healthcare,"['Jared Solomon', 'Maureen Madden', 'Joseph Webster', 'Stephen Kinsey', 'Ben Sanchez', 'Carol Hill-Evans', 'Nancy Guenst', 'Manuel Guzman', 'Roni Green', 'Joseph Ciresi', 'Tarik Khan']",https://legiscan.com/PA/bill/HB1304/2023,0,1,0,1,Moderate Risk,0,0,0,0,0,4,0,3,1
PA,Pennsylvania,HB428,"In assault, further providing for the offense of aggravated assault and for probable cause arrests in domestic violence cases; repealing provisions relating to abortion; in incapacitated persons, further providing for provisions concerning powers, duties and liabilities; providing for reproductive rights; imposing duties on the Department of Health; and imposing penalties.",1,Introduced,2023,2023-03-15,Program and documentation,1,Healthcare; Criminal,"['Kristine Howard', 'Ben Sanchez', 'Stephen Kinsey', 'Nancy Guenst', 'Michael Schlossberg', 'Maureen Madden', 'Christopher Pielli', 'Elizabeth Fiedler', 'Tarah Probst', 'Joseph Hohenstein', 'David Delloso', 'Carol Hill-Evans', 'Michael Sturla', 'Emily Kinkead', 'Patty Kim', 'Danielle Otten', 'Melissa Shusterman', ""Jennifer O'Mara"", 'Tarik Khan', 'Mary Jo Daley']",https://legiscan.com/PA/bill/HB428/2023,0,0,0,0,Pending - Low Exposure,0,0,0,0,0,4,0,3,1
PA,Pennsylvania,HB2304,"In provisions relating to abortion, repealing provisions relating to short title of chapter and to legislative intent, further providing for definitions, repealing provisions relating to medical consultation and judgment, to informed consent, to parental consent, to abortion facilities, to printed information, to Commonwealth interference prohibited, to spousal notice, to determination of gestational age, to abortion on unborn child of 24 or more weeks gestational age, to infanticide, to prohibited acts and to reporting, further providing for publicly owned facilities, public officials and public funds and for fetal experimentation and repealing provisions relating to civil penalties, to criminal penalties, to State Board of Medicine and State Board of Osteopathic Medicine and to construction; providing for reproductive rights; repealing provisions relating to compliance with Federal health care legislation as to regulation of insurers and related persons generally; imposing penalties; and making an editorial change.",1,Introduced,2024,2024-05-20,,0,Healthcare; Criminal; Children,"['Kristine Howard', 'Arvind Venkat', 'Emily Kinkead', 'Michael Sturla', 'Stephen Kinsey', 'Michael Schlossberg', 'Melissa Shusterman', 'Kyle Donahue', 'Ben Sanchez', 'Carol Hill-Evans', 'Tarah Probst', 'Christopher Pielli', 'Joseph Hohenstein', ""Jennifer O'Mara"", 'Christina Sappey', 'Johanny Cepeda-Freytiz', 'Mary Jo Daley', 'Tarik Khan', 'David Delloso', 'Melissa Cerrato', 'Lisa Borowski', 'Justin Fleming', 'Rick Krajewski', ""La'Tasha Mayes"", 'Benjamin Waxman', 'Mark Rozzi', 'Mary Isaacson', 'Danielle Otten', 'Malcolm Kenyatta', 'Liz Hanbidge', 'Joshua Siegel', 'Timothy Briggs', 'Tina Davis', 'Roni Green', 'Lindsay Powell']",https://legiscan.com/PA/bill/HB2304/2023,0,0,0,0,Pending - Low Exposure,1,0,0,1,0,4,0,3,1
PA,Pennsylvania,HB1300,"In emergency COVID-19 response, providing for",4,Passed,2023,2023-12-13,,0,General/Other,"['Thomas Mehaffie', 'Patty Kim', 'Maureen Madden', 'Carol Hill-Evans', 'Tarik Khan', 'Michael Schlossberg', 'David Delloso', 'Nancy Guenst', 'Joseph Ciresi', 'Ben Sanchez', 'Roni Green', 'Malcolm Kenyatta', 'Tina Davis', 'Joseph Webster']",https://legiscan.com/PA/bill/HB1300/2023,0,0,0,0,Low Risk,0,0,0,0,0,4,0,3,1
PA,Pennsylvania,HB1925,"Providing for artificial intelligence in facilities, for artificial intelligence use by insurers and for artificial intelligence use by MA or CHIP managed care plans; imposing duties on the Department of Health, the Insurance Department and the Department of Human Services; and imposing penalties.",1,Introduced,2025,2025-10-06,"Program and documentation, Assessments, Responsible individual, General notice, Explanation/incident reporting, Third-party review, Nondiscrimination",7,Healthcare,"['Arvind Venkat', 'Joseph Hogan', 'Tarik Khan', 'Bridget Kosierowski', 'Gregory Scott', 'Carol Hill-Evans', 'Robert Freeman', 'Nikki Rivera', 'Liz Hanbidge', 'James Haddock', 'Ben Sanchez', ""La'Tasha Mayes"", 'Kristine Howard', 'Manuel Guzman', 'Kyle Donahue', 'Mark Gillen', 'Roni Green', 'Benjamin Waxman', 'Tarah Probst', 'Christopher Pielli', 'Jeanne McNeill', 'Lisa Borowski', 'Melissa Shusterman', 'Darisha Parker', 'Johanny Cepeda-Freytiz', 'Steven Malagari', 'Roman Kozak']",https://legiscan.com/PA/bill/HB1925/2025,1,1,1,3,Pending - High Exposure,0,0,0,0,0,4,0,3,1
PA,Pennsylvania,SB293,Providing for a report on artificial intelligence in the workforce; and imposing duties on the Department of Labor and Industry and Department of Community and Economic Development.,1,Introduced,2025,2025-05-12,"Program and documentation, Assessments",2,Employment,"['Vincent Hughes', 'Kristin Phillips-Hill', 'Steven Santarsiero', 'Christine Tartaglione', 'Arthur Haywood', 'John Kane', 'Jay Costa', 'Nikil Saval', 'Rosemary Brown', 'Amanda Cappelletti', 'Nicholas Miller']",https://legiscan.com/PA/bill/SB293/2025,0,0,1,1,Pending - Some Exposure,0,0,0,0,0,4,0,3,1
PA,Pennsylvania,HB1993,Providing for the use of artificial intelligence in mental health therapy and for enforcement.,1,Introduced,2025,2025-10-24,"Program and documentation, Responsible individual, General notice, Opt out/appeal",4,Healthcare,"['Melissa Shusterman', 'Tarah Probst', 'Christopher Pielli', 'Carol Hill-Evans', 'Nikki Rivera', 'Joseph Hohenstein', 'Dan Frankel', 'Ben Sanchez', 'James Haddock', 'Roni Green', 'Gregory Scott', 'Ismail Smith-Wade-El', 'Benjamin Waxman']",https://legiscan.com/PA/bill/HB1993/2025,0,1,0,1,Pending - Some Exposure,0,0,0,0,0,4,0,3,1
PA,Pennsylvania,SB939,"Providing for high impact data centers; establishing the Office of Transformation and Opportunity and the Artificial Intelligence, Data Center and Emerging Technology Regulatory Sandbox Program; and providing for powers and duties of office.",1,Introduced,2025,2025-07-14,"Program and documentation, Assessments, General notice, Explanation/incident reporting, Registration",5,Infrastructure,"['Greg Rothman', 'Tracy Pennycuick', 'Martin Flynn', 'Elder Vogel']",https://legiscan.com/PA/bill/SB939/2025,0,1,1,2,Pending - High Exposure,0,0,1,1,0,4,0,3,1
PA,Pennsylvania,HB1533,"In culpability, providing for liability for deployment of artificial intelligence system.",1,Introduced,2025,2025-05-30,"Program and documentation, Assessments, Nondiscrimination",3,General/Other,"['Kristine Howard', 'Christopher Pielli', 'Ben Sanchez', 'Carol Hill-Evans', 'Arvind Venkat', 'Joseph Webster', 'Ed Neilson', 'Dan Williams']",https://legiscan.com/PA/bill/HB1533/2025,1,0,1,2,Pending - High Exposure,0,0,0,0,0,4,0,3,1
PA,Pennsylvania,HB1625,Establishing the Keystone Artificial Intelligence Authority within the Department of Community and Economic Development; providing for the duties of authority and its governing board; providing for duties of other entities; establishing the Artificial Intelligence Permitting System Pilot Program within the Department of Environmental Protection; establishing the Keystone Artificial Intelligence Development Fund; and providing for sovereign immunity.,1,Introduced,2025,2025-06-20,"Program and documentation, Responsible individual, General notice",3,General/Other,"['Jason Ortitay', 'Donald Cook', 'Jeff Olsommer', 'Jill Cooper']",https://legiscan.com/PA/bill/HB1625/2025,0,1,0,1,Pending - Some Exposure,0,0,0,0,0,4,0,3,1
PA,Pennsylvania,HB1188,Providing for protection of State-owned electronic devices and networks from applications controlled by foreign adversaries.,1,Introduced,2025,2025-04-10,Program and documentation,1,General/Other,"['Napoleon Nelson', 'Carol Hill-Evans', 'Charity Grimm Krupa', 'Nancy Guenst', 'Christopher Pielli', 'Malcolm Kenyatta', 'Ben Sanchez', 'Johanny Cepeda-Freytiz', 'Gregory Scott', 'Mandy Steele', 'Roni Green']",https://legiscan.com/PA/bill/HB1188/2025,0,0,0,0,Pending - Low Exposure,0,0,0,0,0,4,0,3,1
PA,Pennsylvania,SB1090,Providing for disclosures and safeguards relating to the use of artificial intelligence; and imposing duties on the Attorney General.,1,Introduced,2025,2025-11-14,"Program and documentation, General notice, Labeling/notification",3,Legal/Judicial,"['Tracy Pennycuick', 'Nicholas Miller', 'David Argall', 'Elder Vogel', 'Jay Costa', 'Wayne Langerholc', 'Scott Martin', 'Arthur Haywood', 'Chris Gebhard', 'Judith Ward', 'Lisa Baker', 'Devlin Robinson', 'Patrick Stefano', 'Amanda Cappelletti', 'Frank Farry']",https://legiscan.com/PA/bill/SB1090/2025,0,1,0,1,Pending - Some Exposure,0,0,0,0,0,4,0,3,1
PA,Pennsylvania,HB2006,Providing for safety regarding artificial intelligence in companionship applications; and imposing a penalty.,1,Introduced,2025,2025-11-06,"Program and documentation, General notice, Labeling/notification",3,Criminal,"['Melissa Shusterman', 'Ben Sanchez', 'Keith Harris', 'Ismail Smith-Wade-El', 'Benjamin Waxman', 'Tarah Probst']",https://legiscan.com/PA/bill/HB2006/2025,0,1,0,1,Pending - Some Exposure,0,0,0,0,0,4,0,3,1
PA,Pennsylvania,HB317,"In computer offenses, providing for artificial intelligence; and imposing a penalty.",1,Introduced,2025,2025-01-27,"Program and documentation, Labeling/notification",2,Criminal,"['Johanny Cepeda-Freytiz', 'Jose Giral', 'Ben Sanchez', 'Tarik Khan', 'Liz Hanbidge', 'Jeanne McNeill', 'Ed Neilson', 'James Haddock', 'Michael Schlossberg', 'Kyle Donahue', 'Robert Freeman', 'Carol Hill-Evans', 'Danielle Otten', 'Christopher Pielli', 'Malcolm Kenyatta', 'Tarah Probst', 'Melissa Shusterman', 'Lisa Borowski', 'Roni Green', 'Robert Merski', 'Nancy Guenst', 'Robert James']",https://legiscan.com/PA/bill/HB317/2025,0,0,0,0,Pending - Low Exposure,0,0,1,1,0,4,0,3,1
PA,Pennsylvania,HB1857,Requiring business entities to disclose the use of artificial intelligence in certain consumer interactions; establishing the right of consumers to human review in high-impact decisions; and providing for enforcement by Attorney General.,1,Introduced,2025,2025-09-10,"General notice, Opt out/appeal",2,Consumer Protection,"['Benjamin Waxman', 'Carol Hill-Evans', 'Robert Freeman', 'Kyle Donahue', 'Tarah Probst', 'Ben Sanchez', 'Christopher Pielli', 'John Inglis', 'Dan Frankel', 'Johanny Cepeda-Freytiz']",https://legiscan.com/PA/bill/HB1857/2025,0,1,0,1,Pending - Some Exposure,0,0,0,0,0,4,0,3,1
PA,Pennsylvania,SB431,"In preliminary provisions, further providing for definitions; and, in procedure, providing for acceptable denials.",1,Introduced,2025,2025-03-21,"Program and documentation, Opt out/appeal",2,General/Other,"['Tracy Pennycuick', 'Rosemary Brown', 'Camera Bartolotta', 'Lynda Schlegel Culver', 'Timothy Kearney', 'Lisa Baker', 'Nicholas Miller', 'Patrick Stefano', 'Cris Dush']",https://legiscan.com/PA/bill/SB431/2025,0,0,0,0,Pending - Low Exposure,0,0,0,0,0,4,0,3,1
PA,Pennsylvania,HB811,Providing for civil liability for fraudulent misrepresentation of candidates; and imposing penalties.,2,Engrossed,2025,2025-06-23,"Program and documentation, Labeling/notification",2,Elections,"['Tarik Khan', 'Jeremy Shaffer', 'Roni Green', 'Robert Merski', 'Christopher Pielli', 'Carol Hill-Evans', 'Kyle Donahue', 'Robert Freeman', 'Tarah Probst', 'Justin Fleming', 'Joseph Ciresi', 'Emily Kinkead', 'Danielle Otten', 'Malcolm Kenyatta', 'Melissa Cerrato', 'Johanny Cepeda-Freytiz', 'Ben Sanchez', 'Patrick Harkins', 'Lisa Borowski', 'Dan Williams', 'Joseph Hohenstein', 'Melissa Shusterman', 'Mandy Steele', 'Joseph Webster', 'Perry Warren', 'Mary Jo Daley', ""Jennifer O'Mara"", 'John Inglis', 'Jeanne McNeill', 'Abigail Salisbury', 'Tina Davis', 'Gina Curry', 'Craig Williams', 'David Madsen', 'Paul Takac']",https://legiscan.com/PA/bill/HB811/2025,0,0,0,0,Pending - Low Exposure,0,0,0,0,0,4,0,3,1
PA,Pennsylvania,HB431,"In forgery and fraudulent practices, providing for the offense of unauthorized dissemination of artificially generated impersonation of individual.",1,Introduced,2025,2025-01-31,"Program and documentation, Nondiscrimination",2,Criminal,"['Robert Merski', 'Christopher Pielli', 'Ben Sanchez', 'Carol Hill-Evans', 'Kyle Donahue', 'Michael Schlossberg', 'Patrick Harkins', 'Melissa Shusterman', 'Roni Green']",https://legiscan.com/PA/bill/HB431/2025,1,0,0,1,Pending - Some Exposure,0,0,0,0,0,4,0,3,1
PA,Pennsylvania,SB508,"Prohibiting solar radiation modification or sunlight reflection methods, cloud seeding and polluting atmospheric interventions within this Commonwealth; imposing duties on the Pennsylvania State Police and sheriffs; and imposing penalties.",1,Introduced,2025,2025-03-21,Program and documentation,1,Criminal,"['Doug Mastriano', 'Camera Bartolotta', 'Dawn Keefer']",https://legiscan.com/PA/bill/SB508/2025,0,0,0,0,Pending - Low Exposure,0,0,0,0,0,4,0,3,1
PA,Pennsylvania,HB1167,"Prohibiting solar radiation modification or sunlight reflection methods, cloud seeding and polluting atmospheric interventions within this Commonwealth; imposing duties on the Pennsylvania State Police and sheriffs; and imposing penalties.",1,Introduced,2025,2025-04-07,Program and documentation,1,Criminal,"['John Schlegel', 'Jacob Banta', 'Robert Kauffman', 'Joe Hamm', 'Nancy Guenst', 'David Zimmerman', 'Wendy Fink', 'Roni Green']",https://legiscan.com/PA/bill/HB1167/2025,0,0,0,0,Pending - Low Exposure,0,0,0,0,0,4,0,3,1
PA,Pennsylvania,HR81,Urging the Congress of the United States to amend 17 U.S.C. §§ 102 and 107 to protect creative workers against displacement by artificial intelligence technology.,1,Introduced,2025,2025-02-20,Nondiscrimination,1,Employment,"['Kristine Howard', 'Christopher Pielli', 'Ben Sanchez', 'Ed Neilson', 'Roni Green']",https://legiscan.com/PA/bill/HR81/2025,1,0,0,1,Pending - Some Exposure,0,0,0,0,0,4,0,3,1
PA,Pennsylvania,HR331,Recognizing the exclusive constitutional authority of the Pennsylvania Supreme Court to regulate the practice of law in this Commonwealth and urging the Court to adopt safeguards governing the use of artificial intelligence by attorneys and judges.,1,Introduced,2025,2025-09-29,"Program and documentation, Assessments, Training, Responsible individual",4,Legal/Judicial,"['Charity Grimm Krupa', 'Jacob Banta']",https://legiscan.com/PA/bill/HR331/2025,0,0,1,1,Pending - Some Exposure,0,0,0,0,0,4,0,3,1
PA,Pennsylvania,HB95,Further providing for definitions.,1,Introduced,2025,2025-01-14,"General notice, Labeling/notification",2,General/Other,"['Christopher Pielli', 'Tarik Khan', 'Robert Merski', ""Jennifer O'Mara"", 'Malcolm Kenyatta', 'Nancy Guenst', 'Benjamin Waxman', 'Johanny Cepeda-Freytiz', 'Patrick Harkins', 'Jose Giral', 'Robert Freeman', 'Liz Hanbidge', 'Joseph Hohenstein', 'Danilo Burgos', 'Ben Sanchez', 'Kyle Donahue', 'Melissa Shusterman', 'Kristine Howard', 'Joseph Webster', 'Ed Neilson', 'James Haddock', 'Tarah Probst', 'Danielle Otten', 'Lisa Borowski', 'Carol Hill-Evans', 'Mandy Steele', 'Elizabeth Fiedler', 'Roni Green', 'Maureen Madden', 'Perry Warren', 'John Inglis', 'Joseph Ciresi']",https://legiscan.com/PA/bill/HB95/2025,0,1,0,1,Pending - Some Exposure,0,0,0,0,0,4,0,3,1
PA,Pennsylvania,HB518,Further providing for definitions and for unlawful acts or practices and exclusions.,1,Introduced,2025,2025-02-05,Program and documentation,1,General/Other,"['Craig Williams', 'Liz Hanbidge', 'Christopher Pielli', 'Robert James', 'Craig Staats', 'Tina Pickett', 'Mike Armanini', 'Jill Cooper']",https://legiscan.com/PA/bill/HB518/2025,0,0,0,0,Pending - Low Exposure,0,0,0,0,0,4,0,3,1
PA,Pennsylvania,SB631,Providing for parental consent for virtual mental health services provided by a school entity.,1,Introduced,2025,2025-04-11,"Program and documentation, General notice, Opt out/appeal",3,Healthcare; Education,"['Wayne Langerholc', 'Kristin Phillips-Hill', 'David Argall', 'Tracy Pennycuick', 'Scott Hutchinson', 'Lisa Baker', 'Judith Ward', 'Patrick Stefano', 'Cris Dush', 'Chris Gebhard', 'Rosemary Brown', 'Greg Rothman', 'Doug Mastriano']",https://legiscan.com/PA/bill/SB631/2025,0,1,0,1,Pending - Some Exposure,0,0,0,0,0,4,0,3,1
PA,Pennsylvania,SB806,Further providing for definitions.,1,Introduced,2025,2025-06-03,"General notice, Labeling/notification",2,General/Other,"['Nick Pisciottano', 'Tracy Pennycuick', 'Nicholas Miller', 'John Kane', 'Christine Tartaglione', 'Wayne Fontana', 'Arthur Haywood', 'Vincent Hughes', 'Elder Vogel', 'Jay Costa', 'Nikil Saval', 'Steven Santarsiero', 'Chris Gebhard', 'James Andrew Malone', 'Michele Brooks']",https://legiscan.com/PA/bill/SB806/2025,0,1,0,1,Pending - Some Exposure,0,0,0,0,0,4,0,3,1
PA,Pennsylvania,HB399,"In public assistance, further providing for administration of assistance programs.",1,Introduced,2025,2025-01-28,"Program and documentation, Assessments",2,General/Other,"['Seth Grove', 'Robert James', 'Mike Jones', 'Mark Gillen', 'Andrew Kuzma', 'Kate Klunk']",https://legiscan.com/PA/bill/HB399/2025,0,0,1,1,Pending - Some Exposure,0,0,0,0,0,4,0,3,1
PA,Pennsylvania,SR136,"Designating the week of August 17 through 23, 2025, as ""Social Media Safety and Parental Awareness Week"" in Pennsylvania.",1,Introduced,2025,2025-07-31,Program and documentation,1,Children,"['Scott Martin', 'Tracy Pennycuick', 'Frank Farry', 'Rosemary Brown', 'Greg Rothman', 'Lisa Boscola', 'Lynda Schlegel Culver', 'John Kane', 'Daniel Laughlin', 'Kristin Phillips-Hill', 'Nick Pisciottano', 'Steven Santarsiero', 'Elder Vogel', 'Judith Ward', 'James Andrew Malone', 'Devlin Robinson', 'Cris Dush']",https://legiscan.com/PA/bill/SR136/2025,0,0,0,0,Pending - Low Exposure,0,0,0,0,0,4,0,3,1
PA,Pennsylvania,HR284,"Recognizing October 10, 2025, as ""National Day of the Republic of China (Taiwan)"" in Pennsylvania.",4,Passed,2025,2025-10-08,,0,General/Other,"['Melissa Shusterman', ""Jennifer O'Mara"", 'David Rowe', 'Jamie Flick', 'Christopher Pielli', 'Arvind Venkat', 'Andrew Kuzma', 'Nikki Rivera', 'Tarah Probst', 'Tarik Khan', 'Robert Merski', 'Ben Sanchez', 'Anthony Bellmon', 'Mark Gillen', 'Jill Cooper', 'Kristin Marcell', 'Tina Davis', 'Patrick Gallagher', 'Roni Green', 'Malcolm Kenyatta', 'David Madsen']",https://legiscan.com/PA/bill/HR284/2025,0,0,0,0,Low Risk,0,0,0,0,0,4,0,3,1
PA,Pennsylvania,HR294,"Directing the Joint State Government Commission to establish an advisory committee and, in collaboration with the advisory committee, conduct a study on impediments to interspecialty and interdisciplinary medical research and the most promising means of incorporating emerging technologies into medical research.",1,Introduced,2025,2025-08-15,"Program and documentation, Assessments",2,Healthcare; Employment; Government,"['Kristine Howard', 'Arvind Venkat', 'Carol Hill-Evans', 'Nikki Rivera', 'Benjamin Waxman', ""La'Tasha Mayes"", 'Robert Freeman', 'Joseph Hohenstein', 'Ben Sanchez', 'Joseph Ciresi', 'Roni Green']",https://legiscan.com/PA/bill/HR294/2025,0,0,1,1,Pending - Some Exposure,0,0,0,0,0,4,0,3,1
PA,Pennsylvania,HB416,"Amending the act of April 9, 1929 (P.L.343, No.176), entitled ""An act relating to the finances of the State government; providing for cancer control, prevention and research, for ambulatory surgical center data collection, for the Joint Underwriting Association, for entertainment business financial management firms, for private dam financial assurance and for reinstatement of item vetoes; providing for the settlement, assessment, collection, and lien of taxes, bonus, and all other accounts due the Commonwealth, the collection and recovery of fees and other money or property due or belonging to the Commonwealth, or any agency thereof, including escheated property and the proceeds of its sale, the custody and disbursement or other disposition of funds and securities belonging to or in the possession of the Commonwealth, and the settlement of claims against the Commonwealth, the resettlement of accounts and appeals to the courts, refunds of moneys erroneously paid to the Commonwealth, auditing the accounts of the Commonwealth and all agencies thereof, of all public officers collecting moneys payable to the Commonwealth, or any agency thereof, and all receipts of appropriations from the Commonwealth, authorizing the Commonwealth to issue tax anticipation notes to defray current expenses, implementing the provisions of section 7(a) of Article VIII of the Constitution of Pennsylvania authorizing and restricting the incurring of certain debt and imposing penalties; affecting every department, board, commission, and officer of the State government, every political subdivision of the State, and certain officers of such subdivisions, every person, association, and corporation required to pay, assess, or collect taxes, or to make returns or reports under the laws imposing taxes for State purposes, or to pay license fees or other moneys to the Commonwealth, or any agency thereof, every State depository and every debtor or creditor of the Commonwealth,"" providing for Child Care Staff Recruitment and Retention Program; in 911 Emergency Communication Services, further providing for surcharge; in Department of Revenue, further providing for exclusion from classes of income and providing for research and experimental expenditures and qualified production property, for report to General Assembly and for interest expense; in joint underwriting association, further providing for findings and for definitions, repealing provisions relating to sunset and providing for risk-based capital certification, for fund transfers, for association oversight and additional duties, for Joint Underwriting Association Board, for board meetings, for construction, for dissolution, for appropriations and for reports and hearings; in State Health Insurance Exchange Affordability Program, further providing for Exchange Affordability Assistance Account; providing for Rural Health Transformation Program; in Treasury Department, providing for waiver of interest, costs and fees; in procedure for disbursement of money from the State Treasury, further providing for use and appropriation of unused Commonwealth funds; in oil and gas wells, further providing for Oil and Gas Lease Fund; providing for advanced air mobility sites and for public transportation vehicles; in human services, further providing for resident care and related costs; in Attorney General, providing for home improvement contractor registration fee; providing for Rare Disease Advisory Council, for affordable housing tax credit and for working Pennsylvanians tax credit; in additional keystone opportunity expansion zones, providing for additional keystone opportunity expansion zones for certain counties of the fourth class; providing for additional extensions of keystone opportunity zones; in special funds, further providing for funding, for expiration and for other grants; in additional special funds and restricted accounts, further providing for establishment of special fund and account, for use of fund and for distributions from Pennsylvania Race Horse Development Fund and providing for refund of 2003 assessment by Insurance Department; in additional special funds and restricted accounts relating to Service and Infrastructure Improvement Fund, further providing for deposits and providing for Property Tax Relief Fund; in general budget implementation, further providing Executive Offices, for Department of Community and Economic Development, for Department of Environmental Protection, for Pennsylvania Fish and Boat Commission, for Pennsylvania Higher Education Assistance Agency and for Commonwealth Financing Authority, providing for stenography services, further providing for surcharges, for Federal and Commonwealth use of forest land and for Multimodal Transportation Fund and providing for State Sexual Offenders Assessment Board, for interest transfers, for fund transfers and for miscellaneous provisions; in 2024-2025 budget implementation, further providing for Department of Education, for Department of Environmental Protection and for Department of Human Services; in Streamlining Permits for Economic Expansion and Development Program, further providing for scope of article, for definitions and for the Streamlining Permits for Economic Expansion and Development Program, providing for review and determination of specific permits and for State agency permits and further providing for construction; providing for electricity load forecast accountability, for 2025-2026 budget implementation and for 2025-2026 restrictions on appropriations for funds and accounts; making repeals; and making editorial changes.",4,Passed,2025,2025-11-12,,0,Healthcare; Elections; Education; Government; Children; Vehicles; Financial,"['Tarik Khan', 'Christopher Pielli', 'Liz Hanbidge', 'Carol Hill-Evans', 'Michael Schlossberg', 'Timothy Brennan', 'Dan Frankel', 'Robert Freeman', 'Danielle Otten', 'Roni Green', 'Jared Solomon', 'Stephen Samuelson', 'Joseph Webster', 'Keith Harris', 'Tina Davis']",https://legiscan.com/PA/bill/HB416/2025,0,0,0,0,Low Risk,1,1,1,1,0,4,0,3,1
PA,Pennsylvania,SB837,"In provisions relating to abortion, repealing provisions relating to short title of chapter and to legislative intent, further providing for definitions, repealing provisions relating to medical consultation and judgment, to informed consent, to parental consent, to abortion facilities, to printed information, to Commonwealth interference prohibited, to spousal notice, to determination of gestational age, to abortion on unborn child of 24 or more weeks gestational age, to infanticide, to prohibited acts and to reporting, further providing for publicly owned facilities, public officials and public funds and for fetal experimentation and repealing provisions relating to civil penalties, to criminal penalties, to State Board of Medicine and State Board of Osteopathic Medicine and to construction; providing for reproductive rights; repealing provisions relating to compliance with Federal health care legislation as to regulation of insurers and related persons generally; imposing penalties; and making an editorial change.",1,Introduced,2025,2025-06-27,,0,Healthcare; Criminal; Children,"['Amanda Cappelletti', 'Judy Schwank', 'Sharif Street', 'Katie Muth', 'Arthur Haywood', 'Jay Costa', 'Nikil Saval', 'Vincent Hughes', 'Christine Tartaglione', 'Wayne Fontana', 'Lindsey Williams', 'Maria Collett', 'Carolyn Comitta', 'John Kane']",https://legiscan.com/PA/bill/SB837/2025,0,0,0,0,Pending - Low Exposure,1,0,0,1,0,4,0,3,1
PA,Pennsylvania,HB26,"In provisions relating to abortion, repealing provisions relating to short title of chapter and to legislative intent, further providing for definitions, repealing provisions relating to medical consultation and judgment, to informed consent, to parental consent, to abortion facilities, to printed information, to Commonwealth interference prohibited, to spousal notice, to determination of gestational age, to abortion on unborn child of 24 or more weeks gestational age, to infanticide, to prohibited acts and to reporting, further providing for publicly owned facilities, public officials and public funds and for fetal experimentation and repealing provisions relating to civil penalties, to criminal penalties, to State Board of Medicine and State Board of Osteopathic Medicine and to construction; providing for reproductive rights; repealing provisions relating to compliance with Federal health care legislation as to regulation of insurers and related persons generally; and imposing penalties.",1,Introduced,2025,2025-01-08,,0,Healthcare; Criminal; Children,"['Kristine Howard', 'Tarah Probst', 'Liz Hanbidge', 'Ben Sanchez', 'Christopher Pielli', 'Jose Giral', 'Arvind Venkat', 'Nancy Guenst', 'Elizabeth Fiedler', 'Tarik Khan', 'Emily Kinkead', 'Mary Isaacson', 'Lisa Borowski', 'Johanny Cepeda-Freytiz', 'Joseph Hohenstein', 'Joseph Ciresi', 'David Delloso', 'Michael Schlossberg', 'Melissa Shusterman', 'Steven Malagari', 'Carol Hill-Evans', 'Dan Frankel', 'Kyle Donahue', 'Mary Jo Daley', 'Christina Sappey', 'Melissa Cerrato', 'Lindsay Powell', 'Danielle Otten', 'Timothy Briggs', ""Jennifer O'Mara"", 'Roni Green', 'Sean Dougherty', 'Tina Davis', 'Abigail Salisbury']",https://legiscan.com/PA/bill/HB26/2025,0,0,0,0,Pending - Low Exposure,1,0,0,1,0,4,0,3,1
PA,Pennsylvania,SB962,"Eliminating school district property taxes; imposing county and school district taxes; establishing the School District Emergency Fund and the School District Property Tax Elimination Fund; consolidating Articles II and III of the Tax Reform Code of 1971; in preliminary provisions relating to sales and use tax, providing for definitions; in taxation generally relating to sales and use tax, providing for exclusions and for transfer to county sales and use tax accounts; in preliminary provisions relating to personal income tax, providing for definitions; and making repeals.",1,Introduced,2025,2025-07-31,"Program and documentation, General notice, Registration, Opt out/appeal",4,Education,['Dawn Keefer'],https://legiscan.com/PA/bill/SB962/2025,0,1,0,1,Pending - Some Exposure,0,0,0,0,0,4,0,3,1
PA,Pennsylvania,HB1649,"Eliminating school district property taxes; imposing county and school district taxes; establishing the School District Emergency Fund and the School District Property Tax Elimination Fund; consolidating Articles II and III of the Tax Reform Code of 1971; in preliminary provisions relating to sales and use tax, providing for definitions; in taxation generally relating to sales and use tax, providing for exclusions and for transfer to county sales and use tax accounts; in preliminary provisions relating to personal income tax, providing for definitions; and making repeals.",1,Introduced,2025,2025-06-24,"Program and documentation, General notice, Registration, Opt out/appeal",4,Education,"['Wendy Fink', 'Craig Staats', 'Scott Barger', 'David Zimmerman', 'Bradley Roae', 'Donald Cook', 'Marc Anderson', 'Alec Ryncavage', 'Barbara Gleim', 'Jamie Walsh', 'Jamie Flick', 'Mike Jones', 'Doyle Heffley', 'Dane Watro']",https://legiscan.com/PA/bill/HB1649/2025,0,1,0,1,Pending - Some Exposure,0,0,0,0,0,4,0,3,1
RI,Rhode Island,H6286,General Regulatory Provisions -- Generative Artificial Intelligence Models,1,Introduced,2023,2023-04-19,"Program and documentation, Assessments, General notice, Registration, Nondiscrimination",5,AI Governance,"['Lauren Carson', 'Jacquelyn Baginski', 'Joseph McNamara']",https://legiscan.com/RI/bill/H6286/2023,1,1,1,3,Pending - High Exposure,0,0,0,0,0,1,0,0,1
RI,Rhode Island,H6423,House Resolution Respectfully Requesting The Department Of Administration And The Office Of Information Technology To Review And Evaluate The Use And Development Of Artificial Intelligence (ai) And Automated Decision Systems And Provide Recommendations Regarding Ongoing And Upcoming Plans To Expand Their Use And Current Security And Implementation Procedures,4,Passed,2023,2023-06-13,"Program and documentation, Assessments, Explanation/incident reporting",3,AI Governance,"['Jennifer Stewart', 'Jacquelyn Baginski', 'Lauren Carson', 'David Morales', 'Jennifer Boylan', 'Karen Alzate', 'Hagan McEntee', 'Tina Spears', 'Arthur Handy', 'Evan Shanley']",https://legiscan.com/RI/bill/H6423/2023,0,0,1,1,Moderate Risk,0,0,0,0,0,1,0,0,1
RI,Rhode Island,S0117,Commission To Monitor The Use Of Artificial Intelligence In State Government,1,Introduced,2023,2023-02-01,"Program and documentation, Assessments, Training, Responsible individual, General notice, Explanation/incident reporting, Third-party review, Opt out/appeal, Nondiscrimination",9,Government,"['Louis Dipalma', 'Walter Felag', 'Victoria Gu', 'Samuel Zurier', 'Jonathon Acosta', 'Bridget Valverde']",https://legiscan.com/RI/bill/S0117/2023,1,1,1,3,Pending - High Exposure,0,0,0,0,0,1,0,0,1
RI,Rhode Island,H6285,Mental Health Counselors And Marriage And Family Therapists,1,Introduced,2023,2023-04-19,"Program and documentation, Responsible individual, General notice, Opt out/appeal",4,Healthcare,"['Lauren Carson', 'Terri-Denise Cortvriend', 'Jacquelyn Baginski', 'Susan Donovan', 'Joseph McNamara']",https://legiscan.com/RI/bill/H6285/2023,0,1,0,1,Pending - Some Exposure,0,0,0,0,0,1,0,0,1
RI,Rhode Island,S0146,"Video Lottery Games, Table Games And Sports Wagering -- The Rhode Island Consumer Protection Gaming Act",1,Introduced,2023,2023-02-01,Program and documentation,1,Employment,"['Louis Dipalma', 'Walter Felag', 'Victoria Gu', 'Jonathon Acosta', 'Samuel Zurier', 'Bridget Valverde']",https://legiscan.com/RI/bill/S0146/2023,0,0,0,0,Pending - Low Exposure,0,0,0,0,0,1,0,0,1
RI,Rhode Island,H5866,The Atmosphere Protection Act,1,Introduced,2023,2023-03-01,"Program and documentation, Responsible individual, General notice",3,General/Other,"['Robert Quattrocchi', 'David Place', 'Michael Chippendale', 'Brian Rea', 'George Nardone']",https://legiscan.com/RI/bill/H5866/2023,0,1,0,1,Pending - Some Exposure,0,0,0,0,0,1,0,0,1
RI,Rhode Island,H7158,Requires DOA provide inventory of all state agencies using artificial intelligence (AI); establishes a permanent commission to monitor the use of AI in state government and makes recommendations for state government policy and other decisions.,1,Introduced,2024,2024-01-11,"Program and documentation, Assessments, Responsible individual, General notice, Nondiscrimination",5,Government,"['John Lombardi', 'Raymond Hull', 'Leonela Felix', 'Jennifer Stewart', 'Cherie Cruz']",https://legiscan.com/RI/bill/H7158/2024,1,1,1,3,Pending - High Exposure,0,0,0,0,0,1,0,0,1
RI,Rhode Island,H8073,Provides that health insurance plans would provide coverage the use of artificial intelligence technology for analysis of breast tissue diagnostic imaging.,1,Introduced,2024,2024-03-15,Program and documentation,1,Healthcare,"['Kathleen Fogarty', 'Teresa Tanzi', 'Susan Donovan', 'Julie Casimiro', 'Megan Cotter', 'Lauren Carson', 'June Speakman', 'Brianna Henries', 'Justine Caldwell', 'Maryann Shallcross-Smith']",https://legiscan.com/RI/bill/H8073/2024,0,0,0,0,Pending - Low Exposure,0,0,0,0,0,1,0,0,1
RI,Rhode Island,H7387,Prohibits synthetic media within ninety (90) days of an election.,2,Engrossed,2024,2024-05-02,"Program and documentation, Labeling/notification, Opt out/appeal",3,Deepfakes; Elections,"['Jacquelyn Baginski', 'Jon Brien', 'Arthur Corvese', 'Joseph Solomon']",https://legiscan.com/RI/bill/H7387/2024,0,0,0,0,Pending - Low Exposure,0,0,0,0,0,1,0,0,1
RI,Rhode Island,H7521,Creates requirements for the developers or deployers of artificial intelligence and allows civil action against these developers or deployers by the attorney general and local solicitors.,1,Introduced,2024,2024-02-07,"Program and documentation, Assessments, Responsible individual, General notice, Explanation/incident reporting, Developer documentation, Opt out/appeal, Nondiscrimination",8,Legal/Judicial,"['Jacquelyn Baginski', 'Lauren Carson', 'Jennifer Boylan']",https://legiscan.com/RI/bill/H7521/2024,1,1,1,3,Pending - High Exposure,0,0,0,0,0,1,0,0,1
RI,Rhode Island,H8058,Prohibits use of algorithm or artificial intelligence to set residential rental amounts and prohibits landlord price fixing of residential rents. Violations constitute a deceptive trade practice and violators are subject to civil suit.,1,Introduced,2024,2024-03-13,"Program and documentation, Opt out/appeal",2,Consumer Protection,"['Jacquelyn Baginski', 'Anthony DeSimone', 'Scott Slater']",https://legiscan.com/RI/bill/H8058/2024,0,0,0,0,Pending - Low Exposure,0,0,0,0,0,1,0,0,1
RI,Rhode Island,S2892,Prohibits use of algorithm or artificial intelligence to set residential rental amounts and prohibits landlord price fixing of residential rents. Violations constitute a deceptive trade practice and violators are subject to civil suit.,1,Introduced,2024,2024-03-22,"Program and documentation, Opt out/appeal",2,Consumer Protection,"['Jacob Bissaillon', 'Tiara Mack', 'Louis Dipalma', 'Meghan Kallman']",https://legiscan.com/RI/bill/S2892/2024,0,0,0,0,Pending - Low Exposure,0,0,0,0,0,1,0,0,1
RI,Rhode Island,H7295,"Establishes regulations to prohibit stratospheric aerosol injection (SAI), solar radiation modification (SRM) experimentation, and other hazardous weather engineering activities.",1,Introduced,2024,2024-01-26,"Program and documentation, Responsible individual, General notice",3,General/Other,"['Evan Shanley', 'David Bennett']",https://legiscan.com/RI/bill/H7295/2024,0,1,0,1,Pending - Some Exposure,0,0,0,0,0,1,0,0,1
RI,Rhode Island,S2540,"Establishes regulations to prohibit stratospheric aerosol injection (SAI), solar radiation modification (SRM) experimentation, and other hazardous weather engineering activities.",1,Introduced,2024,2024-03-01,Program and documentation,1,General/Other,['Elaine Morgan'],https://legiscan.com/RI/bill/S2540/2024,0,0,0,0,Pending - Low Exposure,0,0,0,0,0,1,0,0,1
RI,Rhode Island,H7786,"Requires companies that develop or deploy high-risk AI systems to conduct impact assessments and adopt risk management programs, would apply to both developers and deployers of AI systems with different obligations based on their role in AI ecosystem.",1,Introduced,2024,2024-02-29,"Program and documentation, Assessments, Responsible individual",3,Housing,"['Jacquelyn Baginski', 'Alex Finkelman', 'Jennifer Boylan']",https://legiscan.com/RI/bill/H7786/2024,0,0,1,1,Pending - Some Exposure,0,0,0,0,0,1,0,0,1
RI,Rhode Island,S2888,"Requires companies that develop or deploy high-risk AI systems to conduct impact assessments and adopt risk management programs, would apply to both developers and deployers of AI systems with different obligations based on their role in AI ecosystem.",1,Introduced,2024,2024-03-22,"Program and documentation, Assessments, Responsible individual, Developer documentation",4,Housing,"['Louis Dipalma', 'Victoria Gu', 'Roger Picard', 'Hanna Gallo', 'Valarie Lawson', 'Jacob Bissaillon']",https://legiscan.com/RI/bill/S2888/2024,0,0,1,1,Pending - Some Exposure,0,0,0,0,0,1,0,0,1
RI,Rhode Island,S2456,Prohibits synthetic media within ninety (90) days of an election.,1,Introduced,2024,2024-02-12,"Program and documentation, Labeling/notification, Opt out/appeal",3,Deepfakes; Elections,"['Louis Dipalma', 'Walter Felag', 'Linda Ujifusa', 'David Tikoian', 'John Burke', 'Gordon Rogers', 'Samuel Zurier', 'Jacob Bissaillon', 'Victoria Gu', 'Robert Britto']",https://legiscan.com/RI/bill/S2456/2024,0,0,0,0,Pending - Low Exposure,0,0,0,0,0,1,0,0,1
RI,Rhode Island,S3018,"SENATE RESOLUTION CELEBRATING MAY 2, 2024, AS ""RHODE ISLAND COLLEGE DAY"" IN THE STATE OF RHODE ISLAND",4,Passed,2024,2024-05-02,,0,Education,"['Valarie Lawson', 'Leonidas Raptakis', 'Walter Felag', 'Susan Sosnowski', 'Joshua Miller', 'Dawn Euer', 'Jacob Bissaillon', 'Robert Britto', 'Gordon Rogers', 'Anthony Deluca']",https://legiscan.com/RI/bill/S3018/2024,0,0,0,0,Low Risk,0,0,0,0,0,1,0,0,1
RI,Rhode Island,H8228,"HOUSE RESOLUTION CELEBRATING MAY 2, 2024, AS ""RHODE ISLAND COLLEGE DAY"" IN THE STATE OF RHODE ISLAND",4,Passed,2024,2024-05-02,,0,Education,"['Karen Alzate', 'Joseph Shekarchi', 'Christopher Blazejewski', 'Michael Chippendale', 'Brandon Potter', 'Mary Messier', 'Enrique Sanchez', 'David Bennett', 'Leonela Felix', 'John Lombardi']",https://legiscan.com/RI/bill/H8228/2024,0,0,0,0,Low Risk,0,0,0,0,0,1,0,0,1
RI,Rhode Island,S2402,SENATE RESOLUTION RESPECTFULLY URGING THE UNITED STATES CONGRESS TO PROTECT PATIENTS AND TRADITIONAL MEDICARE FROM MEDICARE ADVANTAGE,1,Introduced,2024,2024-02-12,"Program and documentation, General notice, Third-party review, Nondiscrimination",4,Healthcare,"['Linda Ujifusa', 'Bridget Valverde', 'Melissa Murray', 'Pamela Lauria', 'Samuel Bell', 'Jonathon Acosta', 'Alana DiMario', 'Joshua Miller', 'Tiara Mack', 'Samuel Zurier']",https://legiscan.com/RI/bill/S2402/2024,1,1,0,2,Pending - High Exposure,0,0,0,0,0,1,0,0,1
RI,Rhode Island,H7887,HOUSE RESOLUTION RESPECTFULLY URGING THE UNITED STATES CONGRESS TO PROTECT PATIENTS AND TRADITIONAL MEDICARE FROM MEDICARE ADVANTAGE,1,Introduced,2024,2024-03-04,"Program and documentation, General notice, Nondiscrimination",3,Healthcare,"['Jennifer Stewart', 'David Morales', 'Teresa Tanzi', 'Julie Casimiro', 'Rebecca Kislak', 'Terri-Denise Cortvriend', 'David Bennett', 'Edith Ajello', 'Mia Ackerman', 'Brandon Potter']",https://legiscan.com/RI/bill/H7887/2024,1,1,0,2,Pending - High Exposure,0,0,0,0,0,1,0,0,1
RI,Rhode Island,H8129,"Includes visual images that are created or manipulated by digitization, or without the consent of the person, within the purview of the crime of unauthorized dissemination of indecent material and expands jurisdiction of the crime.",1,Introduced,2024,2024-04-03,"Program and documentation, Nondiscrimination",2,Criminal,"['John Edwards', 'Robert Craven', 'Sherry Roberts', 'Hagan McEntee', 'Katherine Kazarian', 'Karen Alzate', 'Brandon Potter', 'Cherie Cruz', 'Joseph Solomon', 'Grace Diaz']",https://legiscan.com/RI/bill/H8129/2024,1,0,0,1,Pending - Some Exposure,0,0,0,0,0,1,0,0,1
RI,Rhode Island,S0627,"Establishes regulations to ensure the ethical development, integration, and deployment of high-risk AI systems, particularly those influencing consequential decisions.",1,Introduced,2025,2025-03-07,"Program and documentation, Assessments, Responsible individual, General notice, Explanation/incident reporting, Developer documentation, Opt out/appeal, Nondiscrimination",8,General/Other,"['Louis Dipalma', 'Victoria Gu', 'John Burke', 'Thomas Paolino', 'Lori Urso', 'Samuel Zurier', 'Ryan Pearson']",https://legiscan.com/RI/bill/S0627/2025,1,1,1,3,Pending - High Exposure,0,0,0,0,0,1,0,0,1
RI,Rhode Island,H5123,Requires DOA provide inventory of all state agencies using artificial intelligence (AI); establishes a 13 member permanent commission to monitor the use of AI in state government and makes recommendations for state government policy and other decisions.,1,Introduced,2025,2025-01-22,"Program and documentation, Assessments, Responsible individual, General notice, Nondiscrimination",5,Government,"['John Lombardi', 'Raymond Hull', 'Edith Ajello', 'Brandon Potter', 'Jennifer Stewart', 'Leonela Felix']",https://legiscan.com/RI/bill/H5123/2025,1,1,1,3,Pending - High Exposure,0,0,0,0,0,1,0,0,1
RI,Rhode Island,H5224,Provides a civil cause of action for individuals injured by artificial intelligence.,1,Introduced,2025,2025-01-29,"Program and documentation, Opt out/appeal",2,General/Other,"['Lauren Carson', 'Tina Spears', 'Megan Cotter']",https://legiscan.com/RI/bill/H5224/2025,0,0,0,0,Pending - Low Exposure,0,0,0,0,0,1,0,0,1
RI,Rhode Island,S0358,Provides a civil cause of action for individuals injured by artificial intelligence.,1,Introduced,2025,2025-02-21,"Program and documentation, Opt out/appeal",2,General/Other,"['Victoria Gu', 'Samuel Zurier', 'Louis Dipalma', 'John Burke', 'Samuel Bell', 'Meghan Kallman', 'Jacob Bissaillon', 'Dawn Euer', 'David Tikoian']",https://legiscan.com/RI/bill/S0358/2025,0,0,0,0,Pending - Low Exposure,0,0,0,0,0,1,0,0,1
RI,Rhode Island,S0013,Promotes transparency and accountability in the use of artificial intelligence by health insurers to manage coverage and claims.,2,Engrossed,2025,2025-06-10,"Program and documentation, Assessments, General notice, Labeling/notification, Opt out/appeal, Nondiscrimination",6,Healthcare,"['Linda Ujifusa', 'Valarie Lawson', 'Samuel Bell', 'Victoria Gu', 'Samuel Zurier', 'Tiara Mack', 'Jonathon Acosta', 'Alana DiMario', 'John Burke', 'Pamela Lauria']",https://legiscan.com/RI/bill/S0013/2025,1,1,1,3,Pending - High Exposure,0,0,0,0,0,1,0,0,1
RI,Rhode Island,S0008,SENATE RESOLUTION AMENDING THE RULES OF THE SENATE FOR THE YEARS 2023-2024 (This resolution would amend the rules of the Senate relative to committees and would create a new committee on artificial intelligence and emerging technologies.),4,Passed,2025,2025-01-14,Program and documentation,1,AI Policy/Task Forces,"['Mark McKenney', 'Victoria Gu', 'Dominick Ruggerio', 'Frank Ciccone', 'David Tikoian', 'Valarie Lawson', 'Samuel Zurier', 'Matthew LaMountain', 'Walter Felag', 'Lori Urso']",https://legiscan.com/RI/bill/S0008/2025,0,0,0,0,Low Risk,0,0,0,0,0,1,0,0,1
RI,Rhode Island,S0405,Establishes the Rhode Island Clean Air Preservation Act that establishes a regulatory process to prohibit polluting atmospheric experimentation.,1,Introduced,2025,2025-02-26,Program and documentation,1,General/Other,"['Elaine Morgan', 'Leonidas Raptakis']",https://legiscan.com/RI/bill/S0405/2025,0,0,0,0,Pending - Low Exposure,0,0,0,0,0,1,0,0,1
RI,Rhode Island,H5217,Establishes the Rhode Island Clean Air Preservation Act that establishes a regulatory process to prohibit polluting atmospheric experimentation.,1,Introduced,2025,2025-01-29,Program and documentation,1,General/Other,"['Evan Shanley', 'David Bennett', 'Michael Chippendale', 'Scott Slater', 'Stephen Casey']",https://legiscan.com/RI/bill/H5217/2025,0,0,0,0,Pending - Low Exposure,0,0,0,0,0,1,0,0,1
RI,Rhode Island,H5172,Would promote transparency and accountability in the use of artificial intelligence by health insurers to manage coverage and claims.,1,Introduced,2025,2025-01-24,"Program and documentation, Assessments, General notice, Labeling/notification, Opt out/appeal, Nondiscrimination",6,Healthcare,"['Susan Donovan', 'June Speakman', 'Brandon Potter', 'David Bennett', 'Joshua Giraldo', 'Jennifer Stewart', 'Kathleen Fogarty', 'Arthur Handy', 'Michelle McGaw', 'David Morales']",https://legiscan.com/RI/bill/H5172/2025,1,1,1,3,Pending - High Exposure,0,0,0,0,0,1,0,0,1
RI,Rhode Island,S0373,"JOINT RESOLUTION CREATING A SPECIAL LEGISLATIVE COMMISSION TO STUDY BLOCKCHAIN AND CRYPTOCURRENCY (Creates a 5 member commission to recommend legislative proposals for blockchain and cryptocurrency, and submit an interim progress report by January 5, 2026, and a final report by January 5, 2027, and would expire on February 5, 2027.)",2,Engrossed,2025,2025-06-10,"Program and documentation, Assessments, General notice",3,AI Policy/Task Forces,"['Louis Dipalma', 'Samuel Bell', 'John Burke', 'Victoria Gu', 'Melissa Murray']",https://legiscan.com/RI/bill/S0373/2025,0,1,1,2,Pending - High Exposure,0,0,0,0,0,1,0,0,1
RI,Rhode Island,H5872,Creates the deceptive and fraudulent synthetic media in election communications chapter to regulate the use of synthetic media in elections.,4,Passed,2025,2025-07-02,"Program and documentation, Labeling/notification, Opt out/appeal",3,Deepfakes; Elections,['Jacquelyn Baginski'],https://legiscan.com/RI/bill/H5872/2025,0,0,0,0,Low Risk,0,0,0,0,0,1,0,0,1
RI,Rhode Island,S0816,Creates the deceptive and fraudulent synthetic media in election communications chapter to regulate the use of synthetic media in elections.,4,Passed,2025,2025-07-02,"Program and documentation, Labeling/notification, Opt out/appeal",3,Deepfakes; Elections,"['Louis Dipalma', 'Hanna Gallo', 'David Tikoian', 'Matthew LaMountain', 'Walter Felag', 'Todd Patalano', 'Peter Appollonio', 'Leonidas Raptakis', 'Mark McKenney', 'Dawn Euer']",https://legiscan.com/RI/bill/S0816/2025,0,0,0,0,Low Risk,0,0,0,0,0,1,0,0,1
RI,Rhode Island,S0375,"Prohibits the compelled production of a private key as it relates to a digital asset, digital identity or other interest or right.",1,Introduced,2025,2025-02-26,,0,Blockchain/Crypto,"['Louis Dipalma', 'Samuel Bell', 'John Burke', 'Victoria Gu', 'Melissa Murray']",https://legiscan.com/RI/bill/S0375/2025,0,0,0,0,Pending - Low Exposure,0,0,0,0,0,1,0,0,1
RI,Rhode Island,S0374,2022) (Implements technical corrections to the transition rules for transactions governed by 2024 Public Laws Chapters 65 and 66 regarding security interests in emerging technologies.,2,Engrossed,2025,2025-06-10,Program and documentation,1,General/Other,"['Mark McKenney', 'Matthew LaMountain', 'Peter Appollonio']",https://legiscan.com/RI/bill/S0374/2025,0,0,0,0,Pending - Low Exposure,0,0,0,0,0,1,0,0,1
RI,Rhode Island,H5945,Provides for the creation of a new job classification for new or existing specialized information technology positions.,1,Introduced,2025,2025-02-28,"Program and documentation, General notice",2,Employment,"['Terri-Denise Cortvriend', 'Alex Finkelman', 'Teresa Tanzi', 'David Morales']",https://legiscan.com/RI/bill/H5945/2025,0,1,0,1,Pending - Some Exposure,0,0,0,0,0,1,0,0,1
RI,Rhode Island,S1027,"SENATE RESOLUTION CELEBRATING APRIL 24, 2025, AS ""RHODE ISLAND COLLEGE DAY"" IN THE STATE OF RHODE ISLAND",4,Passed,2025,2025-05-06,,0,Education,"['Valarie Lawson', 'Lammis Vargas', 'Peter Appollonio']",https://legiscan.com/RI/bill/S1027/2025,0,0,0,0,Low Risk,0,0,0,0,0,1,0,0,1
RI,Rhode Island,S0056,SENATE RESOLUTION RESPECTFULLY URGING THE UNITED STATES CONGRESS TO PROTECT PATIENTS AND TRADITIONAL MEDICARE FROM MEDICARE ADVANTAGE,1,Introduced,2025,2025-01-23,"Program and documentation, General notice, Nondiscrimination",3,Healthcare,"['Linda Ujifusa', 'Valarie Lawson', 'Bridget Valverde', 'Dawn Euer', 'Ryan Pearson', 'Frank Ciccone', 'Melissa Murray', 'Alana DiMario', 'Pamela Lauria']",https://legiscan.com/RI/bill/S0056/2025,1,1,0,2,Pending - High Exposure,0,0,0,0,0,1,0,0,1
RI,Rhode Island,H5434,HOUSE RESOLUTION RESPECTFULLY URGING THE UNITED STATES CONGRESS TO PROTECT PATIENTS AND TRADITIONAL MEDICARE FROM MEDICARE ADVANTAGE,1,Introduced,2025,2025-02-12,"Program and documentation, General notice, Third-party review, Nondiscrimination",4,Healthcare,"['Jennifer Stewart', 'Brandon Potter', 'Cherie Cruz', 'Justine Caldwell', 'Michelle McGaw', 'Megan Cotter', 'Rebecca Kislak', 'John Lombardi', 'Teresa Tanzi', 'David Bennett']",https://legiscan.com/RI/bill/H5434/2025,1,1,0,2,Pending - High Exposure,0,0,0,0,0,1,0,0,1
RI,Rhode Island,S1037,Amends the Identity Theft Protection Act by eliminating current definitions and establishing new definitions. This act also raises the penalty provisions for violations.,2,Engrossed,2025,2025-06-10,"Program and documentation, Responsible individual, General notice, Explanation/incident reporting",4,Criminal,"['Victoria Gu', 'Samuel Zurier', 'John Burke', 'Frank Ciccone', 'Lori Urso', 'Louis Dipalma', 'Lammis Vargas', 'Thomas Paolino', 'David Tikoian', 'Valarie Lawson']",https://legiscan.com/RI/bill/S1037/2025,0,1,0,1,Pending - Some Exposure,0,0,0,0,0,1,0,0,1
RI,Rhode Island,S0594,SENATE RESOLUTION ADOPTING THE RULES OF THE SENATE FOR YEARS 2025-2026,4,Passed,2025,2025-03-13,Program and documentation,1,General/Other,['Mark McKenney'],https://legiscan.com/RI/bill/S0594/2025,0,0,0,0,Low Risk,0,0,0,0,0,1,0,0,1
RI,Rhode Island,H5985,"Makes technical amendments to the RI life science hub regarding the terms of the directors, advisory committees, powers, disposition of hub assets upon termination, and tax status as a governmental unit which is a separate legal entity from the state.",4,Passed,2025,2025-06-24,"Program and documentation, Responsible individual",2,Government,"['Joseph Solomon', 'Raymond Hull', 'Stephen Casey', 'Julie Casimiro', 'Evan Shanley']",https://legiscan.com/RI/bill/H5985/2025,0,0,0,0,Low Risk,0,0,0,0,0,1,0,0,1
RI,Rhode Island,S1039,"Makes technical amendments to the RI life science hub regarding the terms of the directors, advisory committees, powers, disposition of hub assets upon termination, and tax status as a governmental unit which is a separate legal entity from the state.",4,Passed,2025,2025-06-24,"Program and documentation, Responsible individual",2,Government,"['Louis Dipalma', 'Walter Felag', 'Hanna Gallo', 'David Tikoian', 'Frank Ciccone']",https://legiscan.com/RI/bill/S1039/2025,0,0,0,0,Low Risk,0,0,0,0,0,1,0,0,1
SC,South Carolina,S0404,Social media regulation,1,Introduced,2023,2023-01-18,"Program and documentation, Third-party review, Nondiscrimination",3,Social Media,['Danny Verdin'],https://legiscan.com/SC/bill/S0404/2023,1,0,0,1,Pending - Some Exposure,0,0,0,0,0,2,0,1,1
SC,South Carolina,H4660,Deceptive and fraudulent deepfake media in elections,1,Introduced,2024,2024-01-09,"Program and documentation, Labeling/notification, Opt out/appeal",3,Deepfakes; Elections,"['Jermaine Johnson', 'Patricia Henegan']",https://legiscan.com/SC/bill/H4660/2023,0,0,0,0,Pending - Low Exposure,0,0,0,0,0,2,0,1,1
SC,South Carolina,H4754,Real Estate Associates,4,Passed,2024,2024-05-29,"Program and documentation, Assessments, Training, Responsible individual, General notice, Labeling/notification, Registration, Opt out/appeal",8,Housing,"['William Sandifer', 'Randy Ligon']",https://legiscan.com/SC/bill/H4754/2023,0,1,1,2,High Risk,0,0,0,0,0,2,0,1,1
SC,South Carolina,S0225,"AI open sourced, decentralized",1,Introduced,2025,2025-01-15,"Program and documentation, General notice",2,General/Other,['Matthew Leber'],https://legiscan.com/SC/bill/S0225/2025,0,1,0,1,Pending - Some Exposure,0,0,0,0,0,2,0,1,1
SC,South Carolina,S0443,Health Claims & AI,1,Introduced,2025,2025-03-11,Program and documentation,1,Healthcare,['Ronnie Sabb'],https://legiscan.com/SC/bill/S0443/2025,0,0,0,0,Pending - Low Exposure,0,0,0,0,0,2,0,1,1
SC,South Carolina,H4346,"Candice Herlong Pou, retirement",4,Passed,2025,2025-04-10,,0,General/Other,"['Weston Newton', 'Bruce Bannister', 'Terry Alexander', 'Carl Anderson', 'Frank Atkinson', 'William Bailey', 'Nathan Ballentine', 'Justin Bamberg', 'Heather Bauer', 'Thomas Beach', 'Beth Bernstein', 'Phillip Bowers', 'Jeffrey Bradley', 'Gary Brewer', 'Thomas Brittain', 'James Burns', 'Joseph Bustos', 'Paula Rawl Calhoon', 'Micajah Caskey', 'Don Chapman', 'William Chumley', 'William Clyburn', 'Gilda Cobb-Hunter', 'Neal Collins', 'Bobby Cox', 'Brandon Cox', 'Heather Crawford', 'April Cromer', 'Sylleste Davis', 'Chandra Dillard', 'Adam Duncan', 'Sarita Edgerton', 'Shannon Erickson', 'Cally Forrest', 'Stephen Frank', 'Craig Gagnon', 'Kambrell Garvin', 'Gil Gatch', 'Daniel Gibson', 'Doug Gilliam', 'Wendell Gilliard', 'Lee Gilreath', 'Jerry Govan', 'Hamilton Grant', 'Val Guest', 'Brandon Guffey', 'Patrick Haddon', 'Bill Hager', 'Kevin Hardee', 'Rob Harris', 'Christopher Hart', 'Tom Hartnett', 'Charles Hartz', 'Jackie Hayes', 'Rosalyn Henderson-Myers', 'William Herbkersman', 'William Hewitt', 'Davey Hiott', 'William Hixon', 'Harriet Holman', 'Lonnie Hosey', 'Leon Howard', 'Chris Huff', 'Jeffrey Johnson', 'Jermaine Johnson', 'Wendell Jones', 'Wallace Jordan', 'Jay Kilmartin', 'John King', 'Roger Kirby', 'Kathy Landing', 'Brian Lawson', 'Randy Ligon', 'Steven Long', 'Phillip Lowe', 'Jason Luck', 'Josiah Magnuson', 'David Martin', 'Robert May', 'Donald McCabe', 'John Mccravy', 'Annie McDaniel', 'Timothy McGinnis', 'Cody Mitchell', 'Scott Montgomery', 'JA Moore', 'Travis Moore', 'Alan Morgan', 'Dennis Moss', 'Christopher Murphy', 'Mike Neese', 'Brandon Newton', 'Melissa Oremus', 'Jordan Pace', 'Fawn Pedalino', 'Thomas Pope', 'Luke Rankin', 'Robert Reese', 'Michael Rivers', 'Robby Robbins', 'Seth Rose', 'Todd Rutherford', 'Blake Sanders', 'Carla Schuessler', 'Heath Sessions', 'Murrell Smith', 'Marvin Smith', 'Tiffany Spann-Wilder', 'Leonidas Stavrinakis', 'Bill Taylor', 'James Teeple', 'Jackie Terribile', 'David Vaughan', 'Courtney Waters', 'David Weeks', 'Elizabeth Wetmore', 'Joe White', 'William Whitmire', 'Paul Wickensimer', 'Robert Williams', 'Mark Willis', 'Christopher Wooten', 'Richard Yow']",https://legiscan.com/SC/bill/H4346/2025,0,0,0,0,Low Risk,0,0,0,0,0,2,0,1,1
SC,South Carolina,S0554,Candice Herlong Pou retirement,4,Passed,2025,2025-04-15,,0,General/Other,['Shane Massey'],https://legiscan.com/SC/bill/S0554/2025,0,0,0,0,Low Risk,0,0,0,0,0,2,0,1,1
SC,South Carolina,H3517,Deceptive and fraudulent deepfake media in elections,1,Introduced,2025,2025-01-14,"Program and documentation, Labeling/notification, Opt out/appeal",3,Deepfakes; Elections,['Jermaine Johnson'],https://legiscan.com/SC/bill/H3517/2025,0,0,0,0,Pending - Low Exposure,0,0,0,0,0,2,0,1,1
SC,South Carolina,H3796,Personhood,1,Introduced,2025,2025-01-28,Program and documentation,1,General/Other,"['Jay Kilmartin', 'Thomas Beach']",https://legiscan.com/SC/bill/H3796/2025,0,0,0,0,Pending - Low Exposure,0,0,0,0,0,2,0,1,1
SC,South Carolina,S0304,USC Day in SC,4,Passed,2025,2025-02-04,,0,General/Other,"['Ronnie Cromer', 'Thomas Young']",https://legiscan.com/SC/bill/S0304/2025,0,0,0,0,Low Risk,0,0,0,0,0,2,0,1,1
SC,South Carolina,H3888,USC Day in SC,4,Passed,2025,2025-02-04,,0,General/Other,"['Todd Rutherford', 'Terry Alexander', 'Carl Anderson', 'Frank Atkinson', 'William Bailey', 'Nathan Ballentine', 'Justin Bamberg', 'Bruce Bannister', 'Heather Bauer', 'Thomas Beach', 'Beth Bernstein', 'Phillip Bowers', 'Jeffrey Bradley', 'Gary Brewer', 'Thomas Brittain', 'James Burns', 'Joseph Bustos', 'Paula Rawl Calhoon', 'Micajah Caskey', 'Don Chapman', 'William Chumley', 'William Clyburn', 'Gilda Cobb-Hunter', 'Neal Collins', 'Bobby Cox', 'Brandon Cox', 'Heather Crawford', 'April Cromer', 'Sylleste Davis', 'Chandra Dillard', 'Adam Duncan', 'Sarita Edgerton', 'Shannon Erickson', 'Cally Forrest', 'Stephen Frank', 'Craig Gagnon', 'Kambrell Garvin', 'Gil Gatch', 'Daniel Gibson', 'Doug Gilliam', 'Wendell Gilliard', 'Lee Gilreath', 'Jerry Govan', 'Hamilton Grant', 'Val Guest', 'Brandon Guffey', 'Patrick Haddon', 'Bill Hager', 'Kevin Hardee', 'Rob Harris', 'Christopher Hart', 'Tom Hartnett', 'Charles Hartz', 'Jackie Hayes', 'Rosalyn Henderson-Myers', 'William Herbkersman', 'William Hewitt', 'Davey Hiott', 'William Hixon', 'Harriet Holman', 'Lonnie Hosey', 'Leon Howard', 'Chris Huff', 'Jeffrey Johnson', 'Jermaine Johnson', 'Wendell Jones', 'Wallace Jordan', 'Jay Kilmartin', 'John King', 'Roger Kirby', 'Kathy Landing', 'Brian Lawson', 'Randy Ligon', 'Steven Long', 'Phillip Lowe', 'Jason Luck', 'Josiah Magnuson', 'David Martin', 'Robert May', 'Donald McCabe', 'John Mccravy', 'Annie McDaniel', 'Timothy McGinnis', 'Cody Mitchell', 'Scott Montgomery', 'JA Moore', 'Travis Moore', 'Alan Morgan', 'Dennis Moss', 'Christopher Murphy', 'Mike Neese', 'Brandon Newton', 'Weston Newton', 'Melissa Oremus', 'Jordan Pace', 'Fawn Pedalino', 'Thomas Pope', 'Luke Rankin', 'Robert Reese', 'Michael Rivers', 'Robby Robbins', 'Seth Rose', 'Blake Sanders', 'Carla Schuessler', 'Heath Sessions', 'Murrell Smith', 'Marvin Smith', 'Tiffany Spann-Wilder', 'Leonidas Stavrinakis', 'Bill Taylor', 'James Teeple', 'Jackie Terribile', 'David Vaughan', 'David Weeks', 'Elizabeth Wetmore', 'Joe White', 'William Whitmire', 'Paul Wickensimer', 'Robert Williams', 'Mark Willis', 'Christopher Wooten', 'Richard Yow']",https://legiscan.com/SC/bill/H3888/2025,0,0,0,0,Low Risk,0,0,0,0,0,2,0,1,1
SC,South Carolina,H4509,Memorializing the President and Congress to apologize to the Vatican and the Catholic Church,1,Introduced,2025,2025-05-06,,0,General/Other,['Wendell Gilliard'],https://legiscan.com/SC/bill/H4509/2025,0,0,0,0,Pending - Low Exposure,0,0,0,0,0,2,0,1,1
SC,South Carolina,S0268,Children and Social Media,2,Engrossed,2025,2025-05-01,"Program and documentation, Assessments, General notice, Explanation/incident reporting, Third-party review, Opt out/appeal, Nondiscrimination",7,Children,"['Sean Bennett', 'Matthew Leber', 'Carlisle Kennedy']",https://legiscan.com/SC/bill/S0268/2025,1,1,1,3,Pending - High Exposure,1,0,0,1,0,2,0,1,1
SC,South Carolina,H3431,South Carolina Social Media Regulation Act,2,Engrossed,2025,2025-02-20,"Program and documentation, Responsible individual, Opt out/appeal, Nondiscrimination",4,Social Media,"['Weston Newton', 'Christopher Wooten', 'Thomas Pope', 'David Martin', 'Fawn Pedalino', 'John Mccravy', 'Beth Bernstein', 'Brandon Guffey', 'Jerry Govan', 'Travis Moore', 'Shannon Erickson', 'Jeffrey Bradley', 'Robby Robbins', 'Paula Rawl Calhoon', 'Marvin Smith', 'Heather Crawford']",https://legiscan.com/SC/bill/H3431/2025,1,0,0,1,Pending - Some Exposure,0,0,0,0,0,2,0,1,1
SC,South Carolina,H3001,House Rules,4,Passed,2024,2024-12-03,Program and documentation,1,General/Other,['Murrell Smith'],https://legiscan.com/SC/bill/H3001/2025,0,0,0,0,Low Risk,0,0,0,0,0,2,0,1,1
SC,South Carolina,H3201,Computer Science Education Initiative Act,2,Engrossed,2025,2025-04-10,"Program and documentation, Responsible individual",2,Education,"['Sylleste Davis', 'Shannon Erickson', 'Thomas Pope', 'Tiffany Spann-Wilder', 'Fawn Pedalino', 'Cally Forrest', 'Gilda Cobb-Hunter', 'Michael Rivers', 'Rosalyn Henderson-Myers', 'Jerry Govan']",https://legiscan.com/SC/bill/H3201/2025,0,0,0,0,Pending - Low Exposure,0,0,1,1,0,2,0,1,1
SD,South Dakota,SB96,Prohibit the use of a deepfake to influence an election and to provide a penalty therefor.,2,Engrossed,2024,2024-02-13,"Program and documentation, Labeling/notification",2,Deepfakes; Elections; Criminal,"['Liz Larson', 'Drew Peterson', 'Rocky Blare', 'Randy Deibert', 'Linda Duba', 'Eric Emery', 'Red Foster', 'Mellissa Heermann', 'David Johnson', 'Oren Lesmeister', 'Reynold Nesiba', 'Carl Perry', 'Neal Pinnow', 'Rebecca Reimer', 'William Shorma', 'Kadyn Wittman']",https://legiscan.com/SD/bill/SB96/2024,0,0,0,0,Pending - Low Exposure,0,0,0,0,0,1,0,0,1
SD,South Dakota,SB79,"Revise provisions related to the possession, distribution, and manufacture of child pornography.",4,Passed,2024,2024-02-13,Assessments,1,Children,"['Fred Deutsch', 'David Wheeler', 'Amber Arlint', 'Aaron Aylward', 'Hugh Bartels', 'Rocky Blare', 'Kirk Chaffee', 'Casey Crabtree', 'Sydney Davis', 'Randy Deibert', 'Michael Diedrich', 'Becky Drury', 'Linda Duba', 'Eric Emery', 'Mary Fitzgerald', 'Julie Frye-Mueller', 'Mellissa Heermann', 'Kevin Jensen', 'Phil Jensen', 'Lance Koth', 'Ben Krohmer', 'David Kull', 'Curt Massie', 'Scott Moore', 'Will Mortenson', 'Brian Mulder', 'Marty Overweg', 'Carl Perry', 'Neal Pinnow', 'Tim Reed', 'Taylor Rehfeldt', 'Tim Reisch', 'Michael Rohl', 'Stephanie Sauder', 'Brandei Schaefbauer', 'Lee Schoenbeck', 'William Shorma', 'John Sjaarda', 'Jim Stalzer', 'Mike Stevens', 'Tony Venhuizen', 'Larry Zikmund']",https://legiscan.com/SD/bill/SB79/2024,0,0,1,1,Moderate Risk,1,0,0,1,0,1,0,0,1
SD,South Dakota,SB164,Prohibit the use of a deepfake to influence an election and to provide a penalty therefor.,4,Passed,2025,2025-03-31,"Program and documentation, Labeling/notification",2,Deepfakes; Elections; Criminal,"['Liz Larson', 'Eric Emery', 'Scott Moore', 'Erik Muckey', 'Carl Perry', 'Jamie Smith', 'Nicole Uhre-Balk', 'Mike Weisgram', 'Kadyn Wittman']",https://legiscan.com/SD/bill/SB164/2025,0,0,0,0,Low Risk,0,0,0,0,0,1,0,0,1
SD,South Dakota,SB18,"Require age verification by websites containing material that is harmful to minors, and to provide a penalty therefor.",1,Introduced,2025,2025-01-14,Program and documentation,1,Criminal; Children,"['Steve Kolbeck', 'Mike Weisgram', 'Amber Arlint', 'Steve Duffy', 'Helene Duhamel', 'Eric Emery', 'Red Foster', 'Chris Karr', 'Liz Larson', 'Jim Mehlhaff', 'Bethany Soye', 'Tony Venhuizen', 'David Wheeler']",https://legiscan.com/SD/bill/SB18/2025,0,0,0,0,Pending - Low Exposure,1,0,0,1,0,1,0,0,1
TN,Tennessee,HB2747,"AN ACT to amend Tennessee Code Annotated, Title 4, relative to the ""Tennessee Artificial Intelligence Advisory Council Act.""",1,Introduced,2024,2024-01-31,"Program and documentation, Responsible individual",2,AI Policy/Task Forces,['Kevin Vaughan'],https://legiscan.com/TN/bill/HB2747/2023,0,0,0,0,Pending - Low Exposure,0,0,0,0,0,2,0,2,0
TN,Tennessee,SB2530,"AN ACT to amend Tennessee Code Annotated, Title 4, relative to the artificial intelligence advisory council.",4,Passed,2024,2024-05-29,"Program and documentation, Responsible individual",2,AI Policy/Task Forces,"['Bo Watson', 'Dawn White', 'Raumesh Akbari', 'Adam Lowe']",https://legiscan.com/TN/bill/SB2530/2023,0,0,0,0,Low Risk,0,0,0,0,0,2,0,2,0
TN,Tennessee,HB2325,"AN ACT to amend Tennessee Code Annotated, Title 4, relative to the artificial intelligence advisory council.",4,Passed,2024,2024-05-29,"Program and documentation, Responsible individual",2,AI Policy/Task Forces,"['Patsy Hazlewood', 'G.A. Hardaway', 'Clark Boyd']",https://legiscan.com/TN/bill/HB2325/2023,0,0,0,0,Low Risk,0,0,0,0,0,2,0,2,0
TN,Tennessee,SB2678,"AN ACT to amend Tennessee Code Annotated, Title 4, relative to the ""Tennessee Artificial Intelligence Advisory Council Act.""",1,Introduced,2024,2024-01-31,"Program and documentation, Responsible individual",2,AI Policy/Task Forces,['Dawn White'],https://legiscan.com/TN/bill/SB2678/2023,0,0,0,0,Pending - Low Exposure,0,0,0,0,0,2,0,2,0
TN,Tennessee,HB1630,"AN ACT to amend Tennessee Code Annotated, Title 49, relative to artificial intelligence.",4,Passed,2024,2024-03-19,Program and documentation,1,General/Other,"['Scott Cepicky', 'G.A. Hardaway', 'Rusty Grills', 'Dale Carr']",https://legiscan.com/TN/bill/HB1630/2023,0,0,0,0,Low Risk,0,0,0,0,0,2,0,2,0
TN,Tennessee,HB2163,"AN ACT to amend Tennessee Code Annotated, Title 39 and Title 40, relative to the sexual exploitation of children.",4,Passed,2024,2024-05-13,Program and documentation,1,Children,"['Mary Littleton', 'William Lamberth', 'Jason Powell']",https://legiscan.com/TN/bill/HB2163/2023,0,0,0,0,Low Risk,1,0,0,1,0,2,0,2,0
TN,Tennessee,SB1711,"AN ACT to amend Tennessee Code Annotated, Title 49, relative to artificial intelligence.",4,Passed,2024,2024-03-19,Program and documentation,1,General/Other,"['Joseph Hensley', 'Rusty Crowe']",https://legiscan.com/TN/bill/SB1711/2023,0,0,0,0,Low Risk,0,0,0,0,0,2,0,2,0
TN,Tennessee,SB2668,"AN ACT to amend Tennessee Code Annotated, Title 39 and Title 40, relative to the sexual exploitation of children.",4,Passed,2024,2024-05-13,Program and documentation,1,Children,"['Dawn White', 'Janince Bowling', 'Adam Lowe', 'Paul Rose', 'John Stevens']",https://legiscan.com/TN/bill/SB2668/2023,0,0,0,0,Low Risk,1,0,0,1,0,2,0,2,0
TN,Tennessee,HB2341,"AN ACT to amend Tennessee Code Annotated, Title 2; Title 4; Title 8; Title 38; Title 39 and Title 47, Chapter 18, relative to artificial intelligence.",6,Failed,2024,2024-03-13,"Program and documentation, Assessments",2,General/Other,['Justin Pearson'],https://legiscan.com/TN/bill/HB2341/2023,0,0,1,1,Pending - Some Exposure,0,0,0,0,0,2,0,2,0
TN,Tennessee,SB2431,"AN ACT to amend Tennessee Code Annotated, Title 47, relative to the use of artificial intelligence.",1,Introduced,2024,2024-01-30,"General notice, Labeling/notification",2,General/Other,['Bill Powers'],https://legiscan.com/TN/bill/SB2431/2023,0,1,0,1,Pending - Some Exposure,0,0,0,0,0,2,0,2,0
TN,Tennessee,HB2185,"AN ACT to amend Tennessee Code Annotated, Title 2, Chapter 19, Part 1, relative to political campaigns.",6,Failed,2024,2024-02-21,"Program and documentation, Labeling/notification",2,Elections,['Caleb Hemmer'],https://legiscan.com/TN/bill/HB2185/2023,0,0,0,0,Pending - Low Exposure,0,0,0,0,0,2,0,2,0
TN,Tennessee,HB2707,"AN ACT to amend Tennessee Code Annotated, Title 47, relative to the use of artificial intelligence.",1,Introduced,2024,2024-01-31,"General notice, Labeling/notification",2,General/Other,"['Johnny Garrett', 'William Lamberth']",https://legiscan.com/TN/bill/HB2707/2023,0,1,0,1,Pending - Some Exposure,0,0,0,0,0,2,0,2,0
TN,Tennessee,SB2057,"AN ACT to amend Tennessee Code Annotated, Title 2, Chapter 19, Part 1, relative to political campaigns.",1,Introduced,2024,2024-01-25,"Program and documentation, General notice, Labeling/notification",3,Elections,['Jeff Yarbro'],https://legiscan.com/TN/bill/SB2057/2023,0,1,0,1,Pending - Some Exposure,0,0,0,0,0,2,0,2,0
TN,Tennessee,HB1964,"AN ACT to amend Tennessee Code Annotated, Title 39, relative to unlawful images.",1,Introduced,2024,2024-01-23,Program and documentation,1,Digital Content/IP,['Jason Powell'],https://legiscan.com/TN/bill/HB1964/2023,0,0,0,0,Pending - Low Exposure,0,0,0,0,0,2,0,2,0
TN,Tennessee,SB1651,"AN ACT to amend Tennessee Code Annotated, Title 4 and Title 47, relative to regulation of artificial intelligence.",1,Introduced,2024,2024-01-08,"Program and documentation, Assessments",2,General/Other,"['Heidi Campbell', 'Mark Pody']",https://legiscan.com/TN/bill/SB1651/2023,0,0,1,1,Pending - Some Exposure,0,0,0,0,0,2,0,2,0
TN,Tennessee,SB2461,"AN ACT to amend Tennessee Code Annotated, Title 2; Title 4; Title 8; Title 38; Title 39 and Title 47, Chapter 18, relative to artificial intelligence.",1,Introduced,2024,2024-01-30,"Program and documentation, Assessments",2,General/Other,['Raumesh Akbari'],https://legiscan.com/TN/bill/SB2461/2023,0,0,1,1,Pending - Some Exposure,0,0,0,0,0,2,0,2,0
TN,Tennessee,HB2340,"AN ACT to amend Tennessee Code Annotated, Title 2; Title 4; Title 8; Title 38; Title 39 and Title 47, Chapter 18, relative to synthetic media.",1,Introduced,2024,2024-01-30,"Program and documentation, Labeling/notification, Opt out/appeal",3,Deepfakes,['Justin Pearson'],https://legiscan.com/TN/bill/HB2340/2023,0,0,0,0,Pending - Low Exposure,0,0,0,0,0,2,0,2,0
TN,Tennessee,SB2386,"AN ACT to amend Tennessee Code Annotated, Title 2, relative to political communications.",1,Introduced,2024,2024-01-30,Labeling/notification,1,Elections,['Sara Kyle'],https://legiscan.com/TN/bill/SB2386/2023,0,0,0,0,Pending - Low Exposure,0,0,0,0,0,2,0,2,0
TN,Tennessee,HB2501,"AN ACT to amend Tennessee Code Annotated, Title 2, relative to political communications.",6,Failed,2024,2024-03-06,Labeling/notification,1,Elections,['Justin Jones'],https://legiscan.com/TN/bill/HB2501/2023,0,0,0,0,Pending - Low Exposure,0,0,0,0,0,2,0,2,0
TN,Tennessee,SB2460,"AN ACT to amend Tennessee Code Annotated, Title 2; Title 4; Title 8; Title 38; Title 39 and Title 47, Chapter 18, relative to synthetic media.",1,Introduced,2024,2024-01-30,"Program and documentation, Labeling/notification, Opt out/appeal",3,Deepfakes,['Raumesh Akbari'],https://legiscan.com/TN/bill/SB2460/2023,0,0,0,0,Pending - Low Exposure,0,0,0,0,0,2,0,2,0
TN,Tennessee,SB2003,"AN ACT to amend Tennessee Code Annotated, Title 39, relative to unlawful images.",1,Introduced,2024,2024-01-25,Program and documentation,1,Digital Content/IP,['Jeff Yarbro'],https://legiscan.com/TN/bill/SB2003/2023,0,0,0,0,Pending - Low Exposure,0,0,0,0,0,2,0,2,0
TN,Tennessee,HB2823,"AN ACT to amend Tennessee Code Annotated, Title 4 and Title 47, relative to regulation of artificial intelligence.",1,Introduced,2024,2024-01-31,"Program and documentation, Assessments",2,General/Other,['Karen Camper'],https://legiscan.com/TN/bill/HB2823/2023,0,0,1,1,Pending - Some Exposure,0,0,0,0,0,2,0,2,0
TN,Tennessee,SB2535,"AN ACT to amend Tennessee Code Annotated, Title 1, relative to life.",1,Introduced,2024,2024-01-31,,0,General/Other,['Mark Pody'],https://legiscan.com/TN/bill/SB2535/2023,0,0,0,0,Pending - Low Exposure,0,0,0,0,0,2,0,2,0
TN,Tennessee,HB2817,"AN ACT to amend Tennessee Code Annotated, Title 1, relative to life.",1,Introduced,2024,2024-01-31,,0,General/Other,['Bryan Richey'],https://legiscan.com/TN/bill/HB2817/2023,0,0,0,0,Pending - Low Exposure,0,0,0,0,0,2,0,2,0
TN,Tennessee,HB2030,"AN ACT to amend Tennessee Code Annotated, Title 39, relative to unlawful images.",1,Introduced,2024,2024-01-23,Program and documentation,1,Digital Content/IP,"['Justin Jones', 'William Lamberth', 'Clay Doggett', 'G.A. Hardaway', 'Joe Towns', 'Gloria Johnson']",https://legiscan.com/TN/bill/HB2030/2023,0,0,0,0,Pending - Low Exposure,0,0,0,0,0,2,0,2,0
TN,Tennessee,SB1912,"AN ACT to amend Tennessee Code Annotated, Title 39, relative to unlawful images.",1,Introduced,2024,2024-01-23,Program and documentation,1,Digital Content/IP,['Jeff Yarbro'],https://legiscan.com/TN/bill/SB1912/2023,0,0,0,0,Pending - Low Exposure,0,0,0,0,0,2,0,2,0
TN,Tennessee,HR0157,A RESOLUTION to commend Mariham Mousa for exemplary service as a legislative intern.,4,Passed,2024,2024-04-22,Training,1,General/Other,['John Crawford'],https://legiscan.com/TN/bill/HR0157/2023,0,0,0,0,Low Risk,0,0,0,0,0,2,0,2,0
TN,Tennessee,SB1950,"AN ACT to amend Tennessee Code Annotated, Title 66, Chapter 2, relative to ownership of real property.",1,Introduced,2024,2024-01-24,,0,General/Other,['Art Swann'],https://legiscan.com/TN/bill/SB1950/2023,0,0,0,0,Pending - Low Exposure,0,0,0,0,0,2,0,2,0
TN,Tennessee,HB2583,"AN ACT to amend Tennessee Code Annotated, Title 66, Chapter 2, relative to ownership of real property.",1,Introduced,2024,2024-01-30,Program and documentation,1,General/Other,['Lowell Russell'],https://legiscan.com/TN/bill/HB2583/2023,0,0,0,0,Pending - Low Exposure,0,0,0,0,0,2,0,2,0
TN,Tennessee,HB2553,"AN ACT to amend Tennessee Code Annotated, Title 43; Title 44; Title 47; Title 48 and Title 66, relative to property.",4,Passed,2024,2024-05-29,Program and documentation,1,General/Other,"['Jay Reedy', 'Bud Hulsey', 'Paul Sherrell', 'Susan Lynn', 'Dan Howell', 'Ron Gant', 'Jake McCalmon', 'Lowell Russell', 'Jason Zachary', 'Ron Travis', 'Jeff Burkhart', 'Pat Marsh', 'Mike Sparks', 'Dave Wright', 'Monty Fritts', 'Chris Hurt', 'Kip Capley', 'Greg Vital', 'Tim Rudd', 'Mark White', 'Kevin Raper', 'Rusty Grills', 'Greg Martin', 'Patsy Hazlewood', 'Elaine Davis', 'Gino Bulso', 'Bryan Richey', 'Bryan Terry', 'Debra Moody', 'Mary Littleton', 'Rebecca Alexander', 'Mark Cochran', 'G.A. Hardaway', 'Esther Helton-Haynes', 'Chris Todd', 'Scott Cepicky', 'Kelly Keisling', 'Justin Lafferty', 'John Ragan', 'Iris Rudder', 'Sabi Kumar']",https://legiscan.com/TN/bill/HB2553/2023,0,0,0,0,Low Risk,0,0,0,0,0,2,0,2,0
TN,Tennessee,HB2344,"AN ACT to amend Tennessee Code Annotated, Title 12 and Title 49, relative to school safety.",1,Introduced,2024,2024-01-30,"Program and documentation, Training, Third-party review",3,Education,['Rush Bricken'],https://legiscan.com/TN/bill/HB2344/2023,0,0,0,0,Pending - Low Exposure,0,0,0,0,0,2,0,2,0
TN,Tennessee,SB2639,"AN ACT to amend Tennessee Code Annotated, Title 43; Title 44; Title 47; Title 48 and Title 66, relative to property.",4,Passed,2024,2024-05-29,Program and documentation,1,General/Other,"['Frank Niceley', 'John Stevens', 'Ken Yager', 'Page Walley', 'Rusty Crowe', 'Edward Jackson', 'Adam Lowe', 'Jon Lundberg', 'Mark Pody', 'Bill Powers', 'Kerry Roberts', 'Paul Rose']",https://legiscan.com/TN/bill/SB2639/2023,0,0,0,0,Low Risk,0,0,0,0,0,2,0,2,0
TN,Tennessee,SB2765,"AN ACT to amend Tennessee Code Annotated, Title 12 and Title 49, relative to school safety.",1,Introduced,2024,2024-01-31,"Program and documentation, Training, General notice, Third-party review",4,Education,['Janince Bowling'],https://legiscan.com/TN/bill/SB2765/2023,0,1,0,1,Pending - Some Exposure,0,0,0,0,0,2,0,2,0
TN,Tennessee,HB0531,"AN ACT to amend Tennessee Code Annotated, Title 49, relative to artificial intelligence.",1,Introduced,2025,2025-01-29,"Program and documentation, Training",2,General/Other,['Andrew Farmer'],https://legiscan.com/TN/bill/HB0531/2025,0,0,0,0,Pending - Low Exposure,0,0,0,0,0,2,0,2,0
TN,Tennessee,SB0814,"AN ACT to amend Tennessee Code Annotated, Title 49, relative to school safety.",1,Introduced,2025,2025-02-04,"Program and documentation, Explanation/incident reporting",2,Education,"['Todd Gardenhire', 'Raumesh Akbari', 'Bill Powers']",https://legiscan.com/TN/bill/SB0814/2025,0,0,0,0,Pending - Low Exposure,0,0,0,0,0,2,0,2,0
TN,Tennessee,SB0514,"AN ACT to amend Tennessee Code Annotated, Title 49, relative to artificial intelligence.",1,Introduced,2025,2025-01-30,"Program and documentation, Training",2,General/Other,['Paul Bailey'],https://legiscan.com/TN/bill/SB0514/2025,0,0,0,0,Pending - Low Exposure,0,0,0,0,0,2,0,2,0
TN,Tennessee,SB1261,"AN ACT to amend Tennessee Code Annotated, Title 8, Chapter 27; Title 56 and Title 71, relative to health insurance.",1,Introduced,2025,2025-02-06,"Program and documentation, Assessments, General notice, Nondiscrimination",4,Healthcare,['Jeff Yarbro'],https://legiscan.com/TN/bill/SB1261/2025,1,1,1,3,Pending - High Exposure,0,0,0,0,0,2,0,2,0
TN,Tennessee,HB0545,"AN ACT to amend Tennessee Code Annotated, Title 49, relative to artificial intelligence.",1,Introduced,2025,2025-01-29,Training,1,General/Other,['Mark Cochran'],https://legiscan.com/TN/bill/HB0545/2025,0,0,0,0,Pending - Low Exposure,0,0,0,0,0,2,0,2,0
TN,Tennessee,HB0933,"AN ACT to amend Tennessee Code Annotated, Title 49, relative to school safety.",1,Introduced,2025,2025-02-04,"Program and documentation, Explanation/incident reporting",2,Education,"['Antonio Parkinson', 'Harold Love']",https://legiscan.com/TN/bill/HB0933/2025,0,0,0,0,Pending - Low Exposure,0,0,0,0,0,2,0,2,0
TN,Tennessee,HB1209,"AN ACT to amend Tennessee Code Annotated, Title 4, Chapter 3, Part 31, relative to the artificial intelligence advisory council.",1,Introduced,2025,2025-02-06,"Program and documentation, Assessments",2,AI Policy/Task Forces,['Greg Martin'],https://legiscan.com/TN/bill/HB1209/2025,0,0,1,1,Pending - Some Exposure,0,0,0,0,0,2,0,2,0
TN,Tennessee,SB1362,"AN ACT to amend Tennessee Code Annotated, Title 4, Chapter 3, Part 31, relative to the artificial intelligence advisory council.",1,Introduced,2025,2025-02-06,"Program and documentation, Assessments",2,AI Policy/Task Forces,['Bo Watson'],https://legiscan.com/TN/bill/SB1362/2025,0,0,1,1,Pending - Some Exposure,0,0,0,0,0,2,0,2,0
TN,Tennessee,HB1382,"AN ACT to amend Tennessee Code Annotated, Title 8, Chapter 27; Title 56 and Title 71, relative to health insurance.",1,Introduced,2025,2025-02-06,"Program and documentation, Assessments, General notice, Nondiscrimination",4,Healthcare,['Torrey Harris'],https://legiscan.com/TN/bill/HB1382/2025,1,1,1,3,Pending - High Exposure,0,0,0,0,0,2,0,2,0
TN,Tennessee,SB0677,"AN ACT to amend Tennessee Code Annotated, Title 49, relative to artificial intelligence.",1,Introduced,2025,2025-01-31,Training,1,General/Other,"['Dawn White', 'Raumesh Akbari']",https://legiscan.com/TN/bill/SB0677/2025,0,0,0,0,Pending - Low Exposure,0,0,0,0,0,2,0,2,0
TN,Tennessee,HB0849,"AN ACT to amend Tennessee Code Annotated, Title 1, relative to certain conditions of personhood.",1,Introduced,2025,2025-02-04,,0,General/Other,['Michele Reneau'],https://legiscan.com/TN/bill/HB0849/2025,0,0,0,0,Pending - Low Exposure,0,0,0,0,0,2,0,2,0
TN,Tennessee,SB0837,"AN ACT to amend Tennessee Code Annotated, Title 1, relative to certain conditions of personhood.",1,Introduced,2025,2025-02-04,Program and documentation,1,General/Other,['Mark Pody'],https://legiscan.com/TN/bill/SB0837/2025,0,0,0,0,Pending - Low Exposure,0,0,0,0,0,2,0,2,0
TN,Tennessee,HB1246,"AN ACT to amend Tennessee Code Annotated, Title 4; Title 5; Title 6; Title 7; Title 12; Title 39; Title 45; Title 47; Title 48; Title 50; Title 55; Title 61; Title 62; Title 65; Title 66; Title 67 and Title 68, relative to artificial intelligence.",1,Introduced,2025,2025-02-06,Program and documentation,1,General/Other,['Kevin Vaughan'],https://legiscan.com/TN/bill/HB1246/2025,0,0,0,0,Pending - Low Exposure,0,0,0,0,0,2,0,2,0
TN,Tennessee,SB1363,"AN ACT to amend Tennessee Code Annotated, Title 4; Title 5; Title 6; Title 7; Title 12; Title 39; Title 45; Title 47; Title 48; Title 50; Title 55; Title 61; Title 62; Title 65; Title 66; Title 67 and Title 68, relative to artificial intelligence.",1,Introduced,2025,2025-02-06,Assessments,1,General/Other,['Bo Watson'],https://legiscan.com/TN/bill/SB1363/2025,0,0,1,1,Pending - Some Exposure,0,0,0,0,0,2,0,2,0
TN,Tennessee,SB0811,"AN ACT to amend Tennessee Code Annotated, Title 49, relative to internet safety.",4,Passed,2025,2025-04-28,"Program and documentation, Training, General notice, Opt out/appeal",4,General/Other,"['Bill Powers', 'Rusty Crowe', 'Edward Jackson', 'Shane Reeves', 'Paul Rose', 'Page Walley', 'Ken Yager']",https://legiscan.com/TN/bill/SB0811/2025,0,1,0,1,Moderate Risk,0,0,0,0,0,2,0,2,0
TN,Tennessee,HB0825,"AN ACT to amend Tennessee Code Annotated, Title 49, relative to internet safety.",4,Passed,2025,2025-04-28,"Program and documentation, Training, General notice, Opt out/appeal",4,General/Other,"['Aron Maberry', 'Renea Jones', 'G.A. Hardaway', 'Antonio Parkinson', 'Elaine Davis', 'Jake McCalmon', 'Bryan Terry', 'Kelly Keisling', 'Mary Littleton', 'Jay Reedy']",https://legiscan.com/TN/bill/HB0825/2025,0,1,0,1,Moderate Risk,0,0,0,0,0,2,0,2,0
TN,Tennessee,SB0404,"AN ACT to amend Tennessee Code Annotated, Title 39, relative to unlawful images.",1,Introduced,2025,2025-01-28,Program and documentation,1,Digital Content/IP,['London Lamar'],https://legiscan.com/TN/bill/SB0404/2025,0,0,0,0,Pending - Low Exposure,0,0,0,0,0,2,0,2,0
TN,Tennessee,HB0433,"AN ACT to amend Tennessee Code Annotated, Title 39, relative to unlawful images.",1,Introduced,2025,2025-01-28,Program and documentation,1,Digital Content/IP,['Justin Jones'],https://legiscan.com/TN/bill/HB0433/2025,0,0,0,0,Pending - Low Exposure,0,0,0,0,0,2,0,2,0
TN,Tennessee,SB1346,"AN ACT to amend Tennessee Code Annotated, Title 28 and Title 39, Chapter 17, relative to the unauthorized use of deepfake or actual likeness.",4,Passed,2025,2025-05-15,"Program and documentation, Opt out/appeal",2,Deepfakes,"['Jeff Yarbro', 'Ferrell Haile', 'Heidi Campbell', 'Raumesh Akbari', 'Paul Bailey', 'Janince Bowling', 'Shane Reeves', 'Paul Rose', 'Dawn White']",https://legiscan.com/TN/bill/SB1346/2025,0,0,0,0,Low Risk,0,0,0,0,0,2,0,2,0
TN,Tennessee,HB1299,"AN ACT to amend Tennessee Code Annotated, Title 28 and Title 39, Chapter 17, relative to the unauthorized use of deepfake or actual likeness.",4,Passed,2025,2025-05-15,"Program and documentation, Opt out/appeal",2,Deepfakes,"['William Lamberth', 'Jason Powell', 'Michael Hale', 'Shaundelle Brooks', 'Paul Sherrell', 'G.A. Hardaway', 'Aron Maberry', 'Mary Littleton', 'Karen Camper', 'Clay Doggett', 'Rick Eldridge', 'Dan Howell', 'Rebecca Alexander', 'Mark Cochran', 'John Crawford', 'Jay Reedy', 'Bryan Terry', 'Mark White', 'Elaine Davis', 'Jake McCalmon', 'Kirk Haston', 'Chris Todd', 'Jesse Chism', 'Michele Carringer', 'Renea Jones', 'Debra Moody', 'Antonio Parkinson', 'Esther Helton-Haynes', 'Scott Cepicky']",https://legiscan.com/TN/bill/HB1299/2025,0,0,0,0,Low Risk,0,0,0,0,0,2,0,2,0
TN,Tennessee,SB1431,"AN ACT to make appropriations for the purpose of defraying the expenses of the state government for the fiscal years beginning July 1, 2024, and July 1, 2025, in the administration, operation and maintenance of the legislative, executive and judicial branches of the various departments, institutions, offices and agencies of the state; for certain state aid and obligations; for capital outlay, for the service of the public debt, for emergency and contingency; to repeal certain appropriations and any acts inconsistent herewith; to provide provisional continuing appropriations; and to establish certain provisions, limitations and restrictions under which appropriations may be obligated and expended. This act makes appropriations for the purposes described above for the fiscal years beginning July 1, 2024, and July 1, 2025.",4,Passed,2025,2025-05-27,Program and documentation,1,Government,"['Jack Johnson', 'John Stevens', 'Bo Watson']",https://legiscan.com/TN/bill/SB1431/2025,0,0,0,0,Low Risk,0,0,0,0,0,2,0,2,0
TN,Tennessee,HB1409,"AN ACT to make appropriations for the purpose of defraying the expenses of the state government for the fiscal years beginning July 1, 2024, and July 1, 2025, in the administration, operation and maintenance of the legislative, executive and judicial branches of the various departments, institutions, offices and agencies of the state; for certain state aid and obligations; for capital outlay, for the service of the public debt, for emergency and contingency; to repeal certain appropriations and any acts inconsistent herewith; to provide provisional continuing appropriations; and to establish certain provisions, limitations and restrictions under which appropriations may be obligated and expended. This act makes appropriations for the purposes described above for the fiscal years beginning July 1, 2024, and July 1, 2025.",4,Passed,2025,2025-05-27,Program and documentation,1,Government,"['William Lamberth', 'Mark Cochran', 'Gary Hicks', 'Ryan Williams', 'Bud Hulsey', 'Rush Bricken']",https://legiscan.com/TN/bill/HB1409/2025,0,0,0,0,Low Risk,0,0,0,0,0,2,0,2,0
TX,Texas,HB4695,Relating to the provision of artificial intelligence mental health services.,1,Introduced,2023,2023-03-10,"Program and documentation, Assessments, General notice, Nondiscrimination",4,Healthcare,"['Jacey Jetton', 'Josey Garcia']",https://legiscan.com/TX/bill/HB4695/2023,1,1,1,3,Pending - High Exposure,0,0,0,0,0,16,4,7,5
TX,Texas,HB2060,Relating to the creation of the artificial intelligence advisory council.,4,Passed,2023,2023-06-13,"Program and documentation, Assessments, General notice, Third-party review, Nondiscrimination",5,AI Policy/Task Forces,"['Giovanni Capriglione', 'Shelby Slawson', 'Suleman Lalani', 'David Cook', 'Mihaela Plesa', 'Tan Parker', 'Judith Zaffirini']",https://legiscan.com/TX/bill/HB2060/2023,1,1,1,3,High Risk,0,0,0,0,0,16,4,7,5
TX,Texas,HB2700,Relating to prosecution of certain criminal offenses prohibiting sexually explicit visual material involving children.,4,Passed,2023,2023-06-12,,0,Criminal; Children,"['Ryan Guillen', 'Candy Noble', 'Mihaela Plesa', 'Richard Hayes', 'Joan Huffman']",https://legiscan.com/TX/bill/HB2700/2023,0,0,0,0,Low Risk,1,0,0,1,0,16,4,7,5
TX,Texas,HB1896,Relating to civil and criminal liability for the unlawful disclosure or promotion of intimate visual material.,2,Engrossed,2023,2023-05-05,Program and documentation,1,Criminal,"['Ryan Guillen', 'Mihaela Plesa', 'Josey Garcia', 'Victoria Neave Criado']",https://legiscan.com/TX/bill/HB1896/2023,0,0,0,0,Pending - Low Exposure,0,0,0,0,0,16,4,7,5
TX,Texas,SCR35,Commemorating the 70th anniversary of the alliance between the Republic of Korea and the United States.,1,Introduced,2023,2023-05-03,,0,General/Other,"['Cesar Blanco', 'Jacey Jetton', 'Angie Button']",https://legiscan.com/TX/bill/SCR35/2023,0,0,0,0,Pending - Low Exposure,0,0,0,0,0,16,4,7,5
TX,Texas,HB3633,Relating to a study on the establishment of a program administered by the Texas Workforce Commission to train individuals in certain skills related to artificial intelligence systems.,1,Introduced,2023,2023-03-06,Training,1,Employment,"['Suleman Lalani', 'Giovanni Capriglione']",https://legiscan.com/TX/bill/HB3633/2023,0,0,0,0,Pending - Low Exposure,0,0,0,0,0,16,4,7,5
TX,Texas,HCR87,Commemorating the 70th anniversary of the alliance between the Republic of Korea and the United States.,1,Introduced,2023,2023-03-16,,0,General/Other,"['Jacey Jetton', 'Angie Button']",https://legiscan.com/TX/bill/HCR87/2023,0,0,0,0,Pending - Low Exposure,0,0,0,0,0,16,4,7,5
TX,Texas,SB2085,Relating to a grant program for crime victim notification systems.,4,Passed,2023,2023-05-24,"Program and documentation, General notice",2,Criminal,"['John Whitmire', 'Sarah Eckhardt', 'Royce West', 'Armando Walle']",https://legiscan.com/TX/bill/SB2085/2023,0,1,0,1,Moderate Risk,0,0,0,0,0,16,4,7,5
TX,Texas,HB4318,Relating to a grant program for crime victim notification systems.,1,Introduced,2023,2023-03-09,"Program and documentation, General notice, Labeling/notification",3,Criminal,['Armando Walle'],https://legiscan.com/TX/bill/HB4318/2023,0,1,0,1,Pending - Some Exposure,0,0,0,0,0,16,4,7,5
TX,Texas,HCR1,Commemorating the 70th anniversary of the alliance between the Republic of Korea and the United States.,1,Introduced,2023,2023-05-30,,0,General/Other,['Jacey Jetton'],https://legiscan.com/TX/bill/HCR1/2023/X1,0,0,0,0,Pending - Low Exposure,0,0,0,0,0,16,4,7,5
TX,Texas,SB2582,"Relating to the San Antonio River Authority, following recommendations of the Sunset Advisory Commission; altering the terms of office of the members of the board of directors of the authority.",1,Introduced,2023,2023-04-19,"Program and documentation, Training, Responsible individual, General notice",4,AI Policy/Task Forces,"['Nathan Johnson', 'Angela Paxton', 'Charles Perry', 'Charles Schwertner', 'Drew Springer']",https://legiscan.com/TX/bill/SB2582/2023,0,1,0,1,Pending - Some Exposure,0,0,0,0,0,16,4,7,5
TX,Texas,HB1535,"Relating to the San Antonio River Authority, following recommendations of the Sunset Advisory Commission; altering the terms of office of the members of the board of directors of the authority.",4,Passed,2023,2023-05-24,"Program and documentation, Training, Responsible individual, General notice",4,AI Policy/Task Forces,"['Travis Clardy', 'Justin Holland', 'Terry Canales', 'Craig Goldman', 'Keith Bell', 'Stephen Allison', 'Diego Bernal', 'Elizabeth Campos', 'Philip Cortez', 'Mark Dorazio', 'Josey Garcia', 'Ray Lopez', 'John Lujan', 'Trey Martinez Fischer', 'Nathan Johnson']",https://legiscan.com/TX/bill/HB1535/2023,0,1,0,1,Moderate Risk,0,0,0,0,0,16,4,7,5
TX,Texas,HB18,"Relating to the protection of minors from harmful, deceptive, or unfair trade practices in connection with the use of certain digital services and electronic devices, including the use and transfer of electronic devices to students by a public school.",4,Passed,2023,2023-06-13,"Program and documentation, Assessments, General notice, Explanation/incident reporting, Opt out/appeal, Nondiscrimination",6,Education; Children,"['Shelby Slawson', 'Jared Patterson', 'Mary Gonzalez', 'Dustin Burrows', 'Drew Darby', 'Stephen Allison', 'Charles Anderson', 'Trent Ashby', 'Ernest Bailes', 'Cecil Bell', 'Keith Bell', 'Greg Bonnen', 'Brad Buckley', 'Ben Bumgarner', 'Dewayne Burns', 'Briscoe Cain', 'Elizabeth Campos', 'Giovanni Capriglione', 'Travis Clardy', 'David Cook', 'Tom Craddick', 'Charles Cunningham', 'Jay Dean', 'Mano DeAyala', 'Mark Dorazio', 'James Frank', 'Frederick Frazier', 'Josey Garcia', 'Gary Gates', 'Stan Gerdes', 'Charlie Geren', 'Craig Goldman', 'Ryan Guillen', 'Sam Harless', 'Caroline Harris Davila', 'Cody Harris', 'Richard Hayes', 'Cole Hefner', 'Abel Herrero', 'Justin Holland', 'Lacey Hull', 'Todd Hunter', 'Carrie Isaac', 'Jacey Jetton', 'Kyle Kacal', 'Ken King', 'Stan Kitzman', 'Stephanie Klick', 'John Kuempel', 'Stan Lambert', 'Brooks Landgraf', 'Jeff Leach', 'Terri Leo-Wilson', 'Oscar Longoria', 'Janie Lopez', 'Ray Lopez', 'J.M. Lozano', 'John Lujan', 'William Metcalf', 'Morgan Meyer', 'Eddie Morales', 'Geanie Morrison', 'Andrew Murr', 'Candy Noble', 'Tom Oliverson', 'Claudia Ordaz Perez', 'Angelia Orr', 'Dennis Paul', 'Mihaela Plesa', 'Four Price', 'John Raney', 'Glenn Rogers', 'Matt Schaefer', 'Nate Schatzline', 'Matthew Shaheen', 'Hugh Shine', 'Reggie Smith', 'John Smithee', 'David Spiller', 'Lynn Stucky', 'Valoree Swanson', 'Carl Tepper', 'Shawn Thierry', 'Kronda Thimesch', 'Ed Thompson', 'Steve Toth', 'Ellen Troxclair', 'Gary Vandeaver', 'Cody Vasut', 'Terry Wilson', 'Bryan Hughes', 'Paul Bettencourt', 'Cesar Blanco', 'Charles Creighton', 'Bob Hall', 'Lois Kolkhorst', 'Jose Menendez', 'Tan Parker', 'Angela Paxton']",https://legiscan.com/TX/bill/HB18/2023,1,1,1,3,High Risk,1,0,0,1,0,16,4,7,5
TX,Texas,HB1,"Relating to primary and secondary education, including the certification, compensation, and health coverage of certain public school employees, the public school finance system, special education in public schools, the establishment of an education savings account program, measures to support the education of public school students that include certain educational grant programs, reading instruction, and early childhood education, the provision of virtual education, and public school accountability.",1,Introduced,2023,2023-11-07,Program and documentation,1,Healthcare; Education; Children,"['Brad Buckley', 'Charles Anderson', 'Briscoe Cain', 'James Frank', 'Carrie Isaac', 'Stephanie Klick', 'Jeff Leach', 'Terri Leo-Wilson', 'Janie Lopez', 'J.M. Lozano', 'Candy Noble', 'Jared Patterson', 'Dennis Paul', 'Valoree Swanson', 'Carl Tepper', 'Cody Vasut', 'Terry Wilson']",https://legiscan.com/TX/bill/HB1/2023/X4,0,0,0,0,Pending - Low Exposure,1,0,0,1,0,16,4,7,5
TX,Texas,HB1,"Relating to primary and secondary education, including the certification, compensation, and health coverage of certain public school employees, the public school finance system, special education in public schools, the establishment of an education savings account program, measures to support the education of public school students that include certain educational grant programs, reading instruction, and early childhood education, the provision of virtual education, and public school accountability.",1,Introduced,2023,2023-10-19,Program and documentation,1,Healthcare; Education; Children,['Brad Buckley'],https://legiscan.com/TX/bill/HB1/2023/X3,0,0,0,0,Pending - Low Exposure,1,0,0,1,0,16,4,7,5
TX,Texas,SB30,Relating to supplemental appropriations and reductions in appropriations and giving direction and adjustment authority regarding appropriations.,4,Passed,2023,2023-06-09,,0,Government,"['Joan Huffman', 'Juan Hinojosa', 'Royce West', 'Greg Bonnen']",https://legiscan.com/TX/bill/SB30/2023,0,0,0,0,Low Risk,0,0,0,0,0,16,4,7,5
TX,Texas,HB1709,Relating to the regulation and reporting on the use of artificial intelligence systems by certain business entities and state agencies; providing civil penalties.,1,Introduced,2024,2024-12-23,"Program and documentation, Assessments, Responsible individual, General notice, Explanation/incident reporting, Third-party review, Opt out/appeal, Nondiscrimination",8,Government,['Giovanni Capriglione'],https://legiscan.com/TX/bill/HB1709/2025,1,1,1,3,Pending - High Exposure,0,0,0,0,0,16,4,7,5
TX,Texas,SB1964,Relating to the regulation and use of artificial intelligence systems and the management of data by governmental entities.,4,Passed,2025,2025-06-20,"Program and documentation, Assessments, Training, Responsible individual, General notice, Explanation/incident reporting, Third-party review, Opt out/appeal, Nondiscrimination",9,Government,"['Tan Parker', 'Giovanni Capriglione']",https://legiscan.com/TX/bill/SB1964/2025,1,1,1,3,High Risk,0,0,0,0,0,16,4,7,5
TX,Texas,HB3512,Relating to artificial intelligence training programs for certain employees and officials of state agencies and local governments.,4,Passed,2025,2025-06-20,Training,1,Government,"['Giovanni Capriglione', 'Angelia Orr', 'Cesar Blanco']",https://legiscan.com/TX/bill/HB3512/2025,0,0,0,0,Low Risk,0,0,0,0,0,16,4,7,5
TX,Texas,HB2818,Relating to the artificial intelligence division within the Department of Information Resources.,4,Passed,2025,2025-06-20,"Program and documentation, Responsible individual",2,General/Other,"['Giovanni Capriglione', 'Suleman Lalani', 'Mihaela Plesa', 'Ramon Romero', 'Tan Parker']",https://legiscan.com/TX/bill/HB2818/2025,0,0,0,0,Low Risk,0,0,0,0,0,16,4,7,5
TX,Texas,HB149,Relating to regulation of the use of artificial intelligence systems in this state; providing civil penalties.,4,Passed,2025,2025-06-22,"Program and documentation, Assessments, Responsible individual, General notice, Explanation/incident reporting, Opt out/appeal, Nondiscrimination",7,General/Other,"['Giovanni Capriglione', 'Angie Button', 'Greg Bonnen', 'Angelia Orr', 'Salman Bhojani', 'Cody Harris', 'Suleman Lalani', 'John Lujan', 'William Metcalf', 'Mihaela Plesa', 'Charles Schwertner', 'Royce West']",https://legiscan.com/TX/bill/HB149/2025,1,1,1,3,High Risk,0,0,0,0,0,16,4,7,5
TX,Texas,HB1265,Relating to artificial intelligence mental health services.,1,Introduced,2024,2024-11-13,"Program and documentation, Assessments, General notice, Nondiscrimination",4,Healthcare,['Nate Schatzline'],https://legiscan.com/TX/bill/HB1265/2025,1,1,1,3,Pending - High Exposure,0,0,0,0,0,16,4,7,5
TX,Texas,HB2298,Relating to a health care facility grant program supporting the use of artificial intelligence technology in scanning medical images for cancer detection.,2,Engrossed,2025,2025-05-08,"Program and documentation, Assessments, Explanation/incident reporting",3,Healthcare,['Suleman Lalani'],https://legiscan.com/TX/bill/HB2298/2025,0,0,1,1,Pending - Some Exposure,0,0,0,0,0,16,4,7,5
TX,Texas,SB1822,Relating to the use of artificial intelligence-based algorithms in utilization review conducted for certain health benefit plans.,2,Engrossed,2025,2025-04-09,"Program and documentation, Assessments, General notice, Third-party review",4,Healthcare,['Nathan Johnson'],https://legiscan.com/TX/bill/SB1822/2025,0,1,1,2,Pending - High Exposure,0,0,0,0,0,16,4,7,5
TX,Texas,HB3808,Relating to the creation of the artificial intelligence advisory council and the establishment of the artificial intelligence learning laboratory.,1,Introduced,2025,2025-03-05,"Program and documentation, Assessments, Responsible individual, General notice, Third-party review, Nondiscrimination",6,Employment,['Brian Harrison'],https://legiscan.com/TX/bill/HB3808/2025,1,1,1,3,Pending - High Exposure,0,0,0,0,0,16,4,7,5
TX,Texas,SB668,Relating to the disclosure of information with regard to artificial intelligence.,2,Engrossed,2025,2025-04-24,"Program and documentation, General notice, Nondiscrimination",3,AI Governance,['Bryan Hughes'],https://legiscan.com/TX/bill/SB668/2025,1,1,0,2,Pending - High Exposure,0,0,0,0,0,16,4,7,5
TX,Texas,HB5118,Relating to a study on employer and state agency use of automated employment decision tools in assessing an applicant's suitability for a position.,1,Introduced,2025,2025-03-13,"Assessments, General notice, Explanation/incident reporting, Third-party review",4,Employment; Government,"['Salman Bhojani', 'Claudia Ordaz Perez', 'John Lujan', 'Caroline Harris Davila', 'Oscar Longoria']",https://legiscan.com/TX/bill/HB5118/2025,0,1,1,2,Pending - High Exposure,0,1,0,1,0,16,4,7,5
TX,Texas,SB1411,"Relating to the use of artificial intelligence-based algorithms by health benefit plan issuers, utilization review agents, health care providers, and physicians.",1,Introduced,2025,2025-02-19,"Program and documentation, Assessments, Training, General notice, Labeling/notification, Nondiscrimination",6,Healthcare,['Donna Campbell'],https://legiscan.com/TX/bill/SB1411/2025,1,1,1,3,Pending - High Exposure,0,0,0,0,0,16,4,7,5
TX,Texas,SB1700,Relating to the artificial intelligence division within the Department of Information Resources.,1,Introduced,2025,2025-02-27,"Program and documentation, Responsible individual",2,General/Other,['Tan Parker'],https://legiscan.com/TX/bill/SB1700/2025,0,0,0,0,Pending - Low Exposure,0,0,0,0,0,16,4,7,5
TX,Texas,HB5496,Relating to the disclosure and use of artificial intelligence.,1,Introduced,2025,2025-03-14,"Program and documentation, Explanation/incident reporting, Nondiscrimination",3,AI Governance,['Salman Bhojani'],https://legiscan.com/TX/bill/HB5496/2025,1,0,0,1,Pending - Some Exposure,0,0,0,0,0,16,4,7,5
TX,Texas,HB4448,Relating to an automated artificial intelligence review of library material purchased by public schools; providing an administrative penalty.,1,Introduced,2025,2025-03-11,"Program and documentation, Assessments, Training, Responsible individual, Explanation/incident reporting, Third-party review, Opt out/appeal",7,Education; Criminal,['Hillary Hickland'],https://legiscan.com/TX/bill/HB4448/2025,0,0,1,1,Pending - Some Exposure,0,0,0,0,0,16,4,7,5
TX,Texas,SB815,"Relating to the use of certain automated systems in, and certain adverse determinations made in connection with, the health benefit claims process.",4,Passed,2025,2025-06-20,"Program and documentation, Assessments, Third-party review",3,Healthcare,"['Charles Schwertner', 'Cesar Blanco', 'Molly Cook', 'Bryan Hughes', 'David Spiller', 'Richard Hayes']",https://legiscan.com/TX/bill/SB815/2025,0,0,1,1,Moderate Risk,0,0,0,0,0,16,4,7,5
TX,Texas,SB441,Relating to criminal and civil liability related to sexually explicit media and artificial intimate visual material; creating a criminal offense; increasing a criminal penalty.,4,Passed,2025,2025-06-20,"Program and documentation, Opt out/appeal",2,Criminal,"['Juan Hinojosa', 'Charles Creighton', 'Tan Parker', 'Royce West', 'Suleman Lalani']",https://legiscan.com/TX/bill/SB441/2025,0,0,0,0,Low Risk,0,0,0,0,0,16,4,7,5
TX,Texas,HB4455,Relating to the use of artificial intelligence by health care providers.,1,Introduced,2025,2025-03-11,"Program and documentation, General notice",2,Healthcare,['Salman Bhojani'],https://legiscan.com/TX/bill/HB4455/2025,0,1,0,1,Pending - Some Exposure,0,0,0,0,0,16,4,7,5
TX,Texas,HB2874,Relating to the inclusion of provenance data on content shared on social media platforms.,1,Introduced,2025,2025-02-14,"Program and documentation, Labeling/notification",2,Social Media,"['Suleman Lalani', 'Oscar Longoria', 'Claudia Ordaz Perez', 'Todd Hunter', 'Maria Flores']",https://legiscan.com/TX/bill/HB2874/2025,0,0,0,0,Pending - Low Exposure,0,0,0,0,0,16,4,7,5
TX,Texas,HB5517,Relating to sexually explicit artificially generated images and videos.,1,Introduced,2025,2025-03-14,"Program and documentation, Opt out/appeal",2,Digital Content/IP,['Drew Darby'],https://legiscan.com/TX/bill/HB5517/2025,0,0,0,0,Pending - Low Exposure,0,0,0,0,0,16,4,7,5
TX,Texas,SB747,Relating to public school policies and programs regarding the production or distribution of certain intimate visual material by public school students.,2,Engrossed,2025,2025-04-24,"Program and documentation, Assessments",2,Education,"['Phil King', 'Adam Hinojosa', 'Mayes Middleton', 'Angela Paxton', 'Royce West', 'Giovanni Capriglione']",https://legiscan.com/TX/bill/SB747/2025,0,0,1,1,Pending - Some Exposure,0,0,0,0,0,16,4,7,5
TX,Texas,SB1188,Relating to electronic health record requirements; authorizing a civil penalty.,4,Passed,2025,2025-06-20,"Program and documentation, Responsible individual",2,Healthcare; Criminal,"['Lois Kolkhorst', 'Greg Bonnen', 'William Metcalf', 'Cody Harris', 'Janis Holt']",https://legiscan.com/TX/bill/SB1188/2025,0,0,0,0,Low Risk,0,0,0,0,0,16,4,7,5
TX,Texas,SB2373,Relating to financial exploitation or financial abuse using artificially generated media or phishing communications; providing a civil penalty; creating a criminal offense.,4,Passed,2025,2025-06-20,"Program and documentation, Labeling/notification",2,Criminal; Financial,"['Nathan Johnson', 'Brent Hagenbuch', 'Adam Hinojosa', 'Juan Hinojosa', 'Joan Huffman', 'Phil King', 'Lois Kolkhorst', 'Borris Miles', 'Tan Parker', 'Charles Schwertner', 'Giovanni Capriglione', 'Penny Morales Shaw']",https://legiscan.com/TX/bill/SB2373/2025,0,0,0,0,Low Risk,0,0,0,0,0,16,4,7,5
TX,Texas,HB4635,Relating to disclosure of the use of artificial intelligence in the denial of insurance claims.,1,Introduced,2025,2025-03-12,"Labeling/notification, Explanation/incident reporting, Opt out/appeal",3,Healthcare,"['Cassandra Garcia Hernandez', 'Hubert Vo']",https://legiscan.com/TX/bill/HB4635/2025,0,0,0,0,Pending - Low Exposure,0,0,0,0,0,16,4,7,5
TX,Texas,HB581,Relating to the creation of artificial sexual material harmful to minors.,4,Passed,2025,2025-06-20,"Program and documentation, General notice, Third-party review, Opt out/appeal",4,Children,"['Mary Gonzalez', 'Suleman Lalani', 'Linda Garcia', 'Terry Wilson', 'Bryan Hughes', 'Brent Hagenbuch']",https://legiscan.com/TX/bill/HB581/2025,0,1,0,1,Moderate Risk,1,0,0,1,0,16,4,7,5
TX,Texas,HB1717,Relating to prosecution of certain criminal offense prohibiting sexually explicit visual material involving children.,1,Introduced,2024,2024-12-30,Program and documentation,1,Criminal; Children,"['Joanne Shofner', 'Daniel Alders', 'Ben Bumgarner', 'Briscoe Cain', 'David Cook', 'Cassandra Garcia Hernandez', 'Caroline Harris Davila', 'Janis Holt', 'Andy Hopper', 'Helen Kerwin', 'Terri Leo-Wilson', 'Mitch Little', 'AJ Louderback', 'David Lowe', 'Shelley Luther', 'Don McLaughlin', 'Brent Money', 'Penny Morales Shaw', 'Mike Olcott', 'Keresa Richardson', 'Nate Schatzline', 'Valoree Swanson', 'Ellen Troxclair', 'Cody Vasut', 'Wesley Virdell', 'Trey Wharton']",https://legiscan.com/TX/bill/HB1717/2025,0,0,0,0,Pending - Low Exposure,1,0,0,1,0,16,4,7,5
TX,Texas,HB4018,Relating to use of artificial intelligence in utilization review conducted for health benefit plans.,1,Introduced,2025,2025-03-07,"Program and documentation, Assessments, General notice, Nondiscrimination",4,Healthcare,['Suleman Lalani'],https://legiscan.com/TX/bill/HB4018/2025,1,1,1,3,Pending - High Exposure,0,0,0,0,0,16,4,7,5
TX,Texas,SB2966,Relating to establishing a framework to govern the use of artificial intelligence systems in critical decision-making by private companies and ensure consumer protections; authorizing a civil penalty.,1,Introduced,2025,2025-03-14,Program and documentation,1,Criminal,['Charles Schwertner'],https://legiscan.com/TX/bill/SB2966/2025,0,0,0,0,Pending - Low Exposure,0,0,0,0,0,16,4,7,5
TX,Texas,HB3755,Relating to biometric identifiers used in the performance of artificial intelligence.,1,Introduced,2025,2025-03-04,Program and documentation,1,General/Other,['Giovanni Capriglione'],https://legiscan.com/TX/bill/HB3755/2025,0,0,0,0,Pending - Low Exposure,0,0,0,0,0,16,4,7,5
TX,Texas,SB2490,Relating to biometric identifiers used in the performance of artificial intelligence.,1,Introduced,2025,2025-03-13,Program and documentation,1,General/Other,['Tan Parker'],https://legiscan.com/TX/bill/SB2490/2025,0,0,0,0,Pending - Low Exposure,0,0,0,0,0,16,4,7,5
TX,Texas,HB4503,Relating to electronic health record requirements; authorizing a civil penalty.,1,Introduced,2025,2025-03-12,Program and documentation,1,Healthcare; Criminal,"['Greg Bonnen', 'William Metcalf', 'Cody Harris', 'Janis Holt']",https://legiscan.com/TX/bill/HB4503/2025,0,0,0,0,Pending - Low Exposure,0,0,0,0,0,16,4,7,5
TX,Texas,HB2922,Relating to use of artificial intelligence in utilization review conducted for health benefit plans.,1,Introduced,2025,2025-02-18,"Program and documentation, Assessments",2,Healthcare,"['David Spiller', 'Cassandra Garcia Hernandez', 'Suleman Lalani', 'Richard Hayes']",https://legiscan.com/TX/bill/HB2922/2025,0,0,1,1,Pending - Some Exposure,0,0,0,0,0,16,4,7,5
TX,Texas,HB5282,Relating to the use of artificial intelligence to score certain portions of assessment instruments administered to public school students.,1,Introduced,2025,2025-03-14,"Assessments, Third-party review, Nondiscrimination",3,Education,['Gina Hinojosa'],https://legiscan.com/TX/bill/HB5282/2025,1,0,1,2,Pending - High Exposure,0,0,0,0,0,16,4,7,5
TX,Texas,HB418,Relating to prosecution and punishment of certain criminal offenses prohibiting sexually explicit visual material involving children or other persons; increasing a criminal penalty.,1,Introduced,2024,2024-11-12,,0,Criminal; Children,['Ann Johnson'],https://legiscan.com/TX/bill/HB418/2025,0,0,0,0,Pending - Low Exposure,1,0,0,1,0,16,4,7,5
TX,Texas,HB4437,Relating to a requirement that the Department of Information Resources implement and develop a system and database to authenticate and track certain digital content.,2,Engrossed,2025,2025-05-08,"Program and documentation, General notice",2,Digital Content/IP,"['Giovanni Capriglione', 'Carl Tepper', 'Suleman Lalani']",https://legiscan.com/TX/bill/HB4437/2025,0,1,0,1,Pending - Some Exposure,0,0,0,0,0,16,4,7,5
TX,Texas,SB1621,"Relating to prosecution and punishment of certain criminal offenses prohibiting sexually explicit visual material involving depictions of children, computer-generated children, or other persons; creating criminal offenses; increasing criminal penalties.",4,Passed,2025,2025-06-20,Program and documentation,1,Criminal; Children,"['Joan Huffman', 'Peter Flores', 'Juan Hinojosa', 'Phil King', 'Tan Parker', 'Carol Alvarado', 'Brent Hagenbuch', 'Bob Hall', 'Lois Kolkhorst', 'Caroline Fairly']",https://legiscan.com/TX/bill/SB1621/2025,0,0,0,0,Low Risk,1,0,1,1,0,16,4,7,5
TX,Texas,SB2567,Relating to the deceptive trade practice of failure to disclose information regarding the use of artificial intelligence system or algorithmic pricing systems for setting of price.,1,Introduced,2025,2025-03-13,General notice,1,AI Governance,['Royce West'],https://legiscan.com/TX/bill/SB2567/2025,0,1,0,1,Pending - Some Exposure,0,0,0,0,0,16,4,7,5
TX,Texas,SB228,Relating to prohibiting the use of certain political advertising manipulated by generative artificial intelligence technology; creating a criminal offense.,1,Introduced,2024,2024-11-12,Program and documentation,1,Elections; Criminal,['Royce West'],https://legiscan.com/TX/bill/SB228/2025,0,0,0,0,Pending - Low Exposure,0,0,0,0,0,16,4,7,5
TX,Texas,SB382,Relating to a prohibition on the use of artificial intelligence technology for classroom instruction.,1,Introduced,2024,2024-11-15,Program and documentation,1,Education,['Mayes Middleton'],https://legiscan.com/TX/bill/SB382/2025,0,0,0,0,Pending - Low Exposure,0,0,0,0,0,16,4,7,5
TX,Texas,HB2400,Relating to a prohibition on the use of artificial intelligence technology for classroom instruction.,1,Introduced,2025,2025-02-04,,0,Education,['Terri Leo-Wilson'],https://legiscan.com/TX/bill/HB2400/2025,0,0,0,0,Pending - Low Exposure,0,0,0,0,0,16,4,7,5
TX,Texas,HB4911,"Relating to prosecution and punishment of certain criminal offenses prohibiting sexually explicit visual material involving depictions of children, computer-generated children, or other persons; creating criminal offenses; increasing criminal penalties.",1,Introduced,2025,2025-03-13,Program and documentation,1,Criminal; Children,['Caroline Fairly'],https://legiscan.com/TX/bill/HB4911/2025,0,0,0,0,Pending - Low Exposure,1,0,1,1,0,16,4,7,5
TX,Texas,HB4908,Relating to the establishment of the Texas prosperity payout fund; imposing taxes on the gross revenues of and consumption by certain industry participants; authorizing administrative penalties.,1,Introduced,2025,2025-03-13,"Program and documentation, Assessments, General notice, Third-party review, Opt out/appeal",5,General/Other,['Ana-Maria Rodriguez Ramos'],https://legiscan.com/TX/bill/HB4908/2025,0,1,1,2,Pending - High Exposure,0,0,0,0,0,16,4,7,5
TX,Texas,HR868,Honoring the longstanding relationship between the Province of Québec and the State of Texas.,4,Passed,2025,2025-05-16,,0,General/Other,"['John Lujan', 'Oscar Longoria', 'Angie Button', 'Salman Bhojani', 'Keresa Richardson', 'Elizabeth Campos', 'Josey Garcia', 'Jolanda Jones']",https://legiscan.com/TX/bill/HR868/2025,0,0,0,0,Low Risk,0,0,0,0,0,16,4,7,5
TX,Texas,SCR55,Instructing the enrolling clerk of the senate to make corrections in S.B. No. 1964.,3,Enrolled,2025,2025-06-02,,0,General/Other,"['Tan Parker', 'Giovanni Capriglione']",https://legiscan.com/TX/bill/SCR55/2025,0,0,0,0,Pending - Low Exposure,0,0,0,0,0,16,4,7,5
TX,Texas,HB1121,Relating to civil and criminal liability for the unlawful disclosure or promotion of intimate visual material.,1,Introduced,2024,2024-11-12,Program and documentation,1,Criminal,"['Erin Gamez', 'Mary Gonzalez']",https://legiscan.com/TX/bill/HB1121/2025,0,0,0,0,Pending - Low Exposure,0,0,0,0,0,16,4,7,5
TX,Texas,HB167,Relating to the use of artificial intelligence to score constructed responses on assessment instruments administered to public school students.,1,Introduced,2025,2025-07-22,Program and documentation,1,Education,['Cassandra Garcia Hernandez'],https://legiscan.com/TX/bill/HB167/2025/X1,0,0,0,0,Pending - Low Exposure,0,0,0,0,0,16,4,7,5
TX,Texas,HB148,Relating to the use of artificial intelligence to score constructed responses on assessment instruments administered to public school students.,1,Introduced,2025,2025-08-15,Program and documentation,1,Education,['Cassandra Garcia Hernandez'],https://legiscan.com/TX/bill/HB148/2025/X2,0,0,0,0,Pending - Low Exposure,0,0,0,0,0,16,4,7,5
TX,Texas,HB366,Relating to required disclosures on certain political advertising that contains altered media; creating a criminal offense.,2,Engrossed,2025,2025-04-30,"General notice, Labeling/notification",2,Elections; Criminal,['Dade Phelan'],https://legiscan.com/TX/bill/HB366/2025,0,1,0,1,Pending - Some Exposure,0,0,0,0,0,16,4,7,5
TX,Texas,SB2473,Relating to the use of an automated employment decision tool by a state agency to assess a job applicant's fitness for a position.,1,Introduced,2025,2025-03-13,"Program and documentation, General notice, Explanation/incident reporting, Nondiscrimination",4,Employment; Government,['Jose Menendez'],https://legiscan.com/TX/bill/SB2473/2025,1,1,0,2,Pending - High Exposure,0,1,0,1,0,16,4,7,5
TX,Texas,SB2991,Relating to the use of an automated employment decision tool by an employer to assess a job applicant's fitness for a position; imposing an administrative penalty.,1,Introduced,2025,2025-03-14,"Program and documentation, Assessments, General notice, Opt out/appeal",4,Employment; Criminal,['Nathan Johnson'],https://legiscan.com/TX/bill/SB2991/2025,0,1,1,2,Pending - High Exposure,0,0,0,0,0,16,4,7,5
TX,Texas,SB442,Relating to the prosecution and punishment of the offense of unlawful production or distribution of certain sexually explicit media; increasing a criminal penalty.,2,Engrossed,2025,2025-03-12,"Program and documentation, Labeling/notification",2,Criminal,"['Juan Hinojosa', 'Tan Parker', 'Caroline Fairly']",https://legiscan.com/TX/bill/SB442/2025,0,0,0,0,Pending - Low Exposure,0,0,0,0,0,16,4,7,5
TX,Texas,HR131,"Recognizing February 4, 2025, as UTSA and UT Health San Antonio Day at the State Capitol.",4,Passed,2025,2025-02-04,Program and documentation,1,Healthcare,"['Trey Martinez Fischer', 'Diego Bernal', 'Suleman Lalani']",https://legiscan.com/TX/bill/HR131/2025,0,0,0,0,Low Risk,0,0,0,0,0,16,4,7,5
TX,Texas,SB1298,Relating to instruction in online safety for minors provided in public schools and by the Department of Public Safety.,1,Introduced,2025,2025-02-14,Training,1,Education; Children,['Phil King'],https://legiscan.com/TX/bill/SB1298/2025,0,0,0,0,Pending - Low Exposure,1,0,0,1,0,16,4,7,5
TX,Texas,HB235,Relating to civil and criminal liability for the unlawful disclosure or promotion of intimate visual material.,1,Introduced,2024,2024-11-12,Program and documentation,1,Criminal,"['Ryan Guillen', 'Penny Morales Shaw']",https://legiscan.com/TX/bill/HB235/2025,0,0,0,0,Pending - Low Exposure,0,0,0,0,0,16,4,7,5
TX,Texas,HB207,"Relating to the prosecution of certain criminal offenses prohibiting sexually explicit visual material involving an anatomically correct doll, mannequin, or robot that has the features of a child.",1,Introduced,2024,2024-11-12,Program and documentation,1,Criminal; Children,"['Ryan Guillen', 'Eddie Morales', 'Penny Morales Shaw']",https://legiscan.com/TX/bill/HB207/2025,0,0,0,0,Pending - Low Exposure,1,0,0,1,0,16,4,7,5
TX,Texas,HCR53,Congratulating the Canyon High School FFA Ag Issues Team on winning first place in the 2024 Texas FFA State Agricultural Issues Forum.,4,Passed,2025,2025-04-09,,0,Education,"['John Smithee', 'Kevin Sparks']",https://legiscan.com/TX/bill/HCR53/2025,0,0,0,0,Low Risk,0,0,0,0,0,16,4,7,5
TX,Texas,HR1261,Commemorating the opening of the Advanced Manufacturing and Aerospace Center at The University of Texas at El Paso.,4,Passed,2025,2025-05-24,Program and documentation,1,Education,['Vincent Perez'],https://legiscan.com/TX/bill/HR1261/2025,0,0,0,0,Low Risk,0,0,0,0,0,16,4,7,5
TX,Texas,HR1329,Congratulating Dr. Van Davis on his induction into the Texas Digital Learning Association Hall of Fame.,4,Passed,2025,2025-06-01,Program and documentation,1,General/Other,['Erin Zwiener'],https://legiscan.com/TX/bill/HR1329/2025,0,0,0,0,Low Risk,0,0,0,0,0,16,4,7,5
TX,Texas,HR1460,Commemorating the 50th anniversary of The Energy Council.,4,Passed,2025,2025-06-01,,0,AI Policy/Task Forces,['Brooks Landgraf'],https://legiscan.com/TX/bill/HR1460/2025,0,0,0,0,Low Risk,0,0,0,0,0,16,4,7,5
TX,Texas,HR313,Congratulating Dr. Robert Garza on his receipt of a 2025 Baldrige Foundation Award for Leadership Excellence in the Education Sector.,4,Passed,2025,2025-03-06,,0,Education,['John Lujan'],https://legiscan.com/TX/bill/HR313/2025,0,0,0,0,Low Risk,0,0,0,0,0,16,4,7,5
TX,Texas,SR32,"Recognizing February 4, 2025, as UTSA and UT Health San Antonio Day.",4,Passed,2025,2025-02-04,Program and documentation,1,Healthcare,"['Jose Menendez', 'Donna Campbell', 'Roland Gutierrez', 'Judith Zaffirini']",https://legiscan.com/TX/bill/SR32/2025,0,0,0,0,Low Risk,0,0,0,0,0,16,4,7,5
TX,Texas,HR307,Congratulating Dr. Debra Patt on receiving the Physician Advocacy Champion Award from the U.S. Oncology Network.,4,Passed,2025,2025-03-31,,0,General/Other,['Tom Oliverson'],https://legiscan.com/TX/bill/HR307/2025,0,0,0,0,Low Risk,0,0,0,0,0,16,4,7,5
TX,Texas,SB20,"Relating to the creation of the criminal offense of possession, promotion, or production of certain obscene visual material appearing to depict a child.",4,Passed,2025,2025-06-20,,0,Criminal; Children,"['Peter Flores', 'Brent Hagenbuch', 'Juan Hinojosa', 'Joan Huffman', 'Phil King', 'Tan Parker', 'Carol Alvarado', 'Brian Birdwell', 'Charles Creighton', 'Bob Hall', 'Kelly Hancock', 'Bryan Hughes', 'Lois Kolkhorst', 'Jose Menendez', 'Mayes Middleton', 'Charles Schwertner', 'Kevin Sparks', 'Giovanni Capriglione']",https://legiscan.com/TX/bill/SB20/2025,0,0,0,0,Low Risk,1,0,0,1,0,16,4,7,5
TX,Texas,HB556,Relating to a criminal offense for the creation or distribution of certain artificially generated media with the intent to influence the outcome of an election.,1,Introduced,2024,2024-11-12,Program and documentation,1,Elections; Criminal,"['Mary Gonzalez', 'Penny Morales Shaw']",https://legiscan.com/TX/bill/HB556/2025,0,0,0,0,Pending - Low Exposure,0,0,0,0,0,16,4,7,5
TX,Texas,HR795,"Recognizing April 14, 2025, as Rice University Day at the State Capitol.",4,Passed,2025,2025-04-15,,0,Education,['Ann Johnson'],https://legiscan.com/TX/bill/HR795/2025,0,0,0,0,Low Risk,0,0,0,0,0,16,4,7,5
TX,Texas,HB4585,"Relating to the submission, payment, and audit of certain claims for and utilization review of health services, including services provided under the Medicaid managed care and child health plan programs.",1,Introduced,2025,2025-03-12,"Program and documentation, Responsible individual, General notice, Opt out/appeal",4,Healthcare; Children,['David Spiller'],https://legiscan.com/TX/bill/HB4585/2025,0,1,0,1,Pending - Some Exposure,1,0,0,1,0,16,4,7,5
TX,Texas,HB449,Relating to the unlawful production or distribution of sexually explicit media using deep fake technology.,5,Vetoed,2025,2025-06-22,Program and documentation,1,Adult Content,"['Mary Gonzalez', 'Keith Bell', 'Richard Hayes', 'Suleman Lalani', 'Jared Patterson', 'Joan Huffman', 'Cesar Blanco', 'Juan Hinojosa', 'Judith Zaffirini']",https://legiscan.com/TX/bill/HB449/2025,0,0,0,0,Pending - Low Exposure,0,0,0,0,0,16,4,7,5
TX,Texas,HCR79,"Urging Congress to propose and send to the states for ratification a constitutional amendment to clarify that the states and Congress may reasonably regulate and limit the spending of money to influence campaigns, elections, or ballot measures.",1,Introduced,2025,2025-02-19,Program and documentation,1,Elections,"['Terri Leo-Wilson', 'Briscoe Cain', 'Mark Dorazio', 'Cody Harris', 'William Metcalf']",https://legiscan.com/TX/bill/HCR79/2025,0,0,0,0,Pending - Low Exposure,0,0,0,0,0,16,4,7,5
TX,Texas,SCR28,"Urging Congress to propose and send to the states for ratification a constitutional amendment to clarify that the states and Congress may reasonably regulate and limit the spending of money to influence campaigns, elections, or ballot measures.",1,Introduced,2025,2025-03-06,,0,Elections,['Angela Paxton'],https://legiscan.com/TX/bill/SCR28/2025,0,0,0,0,Pending - Low Exposure,0,0,0,0,0,16,4,7,5
TX,Texas,HB3694,Relating to the unlawful production or distribution of certain sexually explicit media and to the removal of certain intimate visual depictions published on online platforms without the consent of the person depicted; increasing criminal penalties.,2,Engrossed,2025,2025-05-16,"Program and documentation, General notice, Opt out/appeal",3,Criminal,"['Richard Raymond', 'Ana-Maria Rodriguez Ramos', 'Ryan Guillen']",https://legiscan.com/TX/bill/HB3694/2025,0,1,0,1,Pending - Some Exposure,0,0,0,0,0,16,4,7,5
TX,Texas,HB641,Relating to digital citizenship instruction in public schools.,1,Introduced,2024,2024-11-12,Training,1,Education,['Mary Gonzalez'],https://legiscan.com/TX/bill/HB641/2025,0,0,0,0,Pending - Low Exposure,0,0,0,0,0,16,4,7,5
TX,Texas,HB3300,Relating to a study by the comptroller of public accounts on the modernization and efficient administration of state government.,1,Introduced,2025,2025-02-25,"Program and documentation, Assessments",2,Government,['Ron Reynolds'],https://legiscan.com/TX/bill/HB3300/2025,0,0,1,1,Pending - Some Exposure,0,0,0,0,0,16,4,7,5
TX,Texas,HB4390,Relating to parental rights regarding the use of machine grading to score certain portions of assessment instruments administered to public school students in this state.,1,Introduced,2025,2025-03-11,"General notice, Opt out/appeal",2,Education,['Aicha Davis'],https://legiscan.com/TX/bill/HB4390/2025,0,1,0,1,Pending - Some Exposure,0,0,0,0,0,16,4,7,5
TX,Texas,SB2787,Relating to digital citizenship and media literacy instruction in public schools and a public school policy regarding Internet safety.,1,Introduced,2025,2025-03-14,"Program and documentation, Training, General notice",3,Education,['Jose Menendez'],https://legiscan.com/TX/bill/SB2787/2025,0,1,0,1,Pending - Some Exposure,0,0,0,0,0,16,4,7,5
TX,Texas,HB142,Relating to required disclosures on certain political advertising that contains altered media; creating a criminal offense.,1,Introduced,2025,2025-07-21,"Program and documentation, Labeling/notification",2,Elections; Criminal,['Dade Phelan'],https://legiscan.com/TX/bill/HB142/2025/X1,0,0,0,0,Pending - Low Exposure,0,0,0,0,0,16,4,7,5
TX,Texas,HB1405,Relating to bullying and cyberbullying in public schools.,1,Introduced,2024,2024-11-19,"Program and documentation, Training, General notice, Opt out/appeal, Nondiscrimination",5,Education,"['Ron Reynolds', 'Alma Allen', 'Jon Rosenthal', 'Suleman Lalani']",https://legiscan.com/TX/bill/HB1405/2025,1,1,0,2,Pending - High Exposure,0,0,0,0,0,16,4,7,5
TX,Texas,HB615,Relating to policies and procedures regarding a public school student who knowingly produced or distributed certain intimate videos or images depicting another student.,1,Introduced,2024,2024-11-12,"Program and documentation, Responsible individual, General notice, Explanation/incident reporting, Opt out/appeal",5,Education,['Mary Gonzalez'],https://legiscan.com/TX/bill/HB615/2025,0,1,0,1,Pending - Some Exposure,0,0,0,0,0,16,4,7,5
TX,Texas,HB5469,Relating to the effect of provisions of laws enacted during the regular session of the 89th Legislature requiring certain state agencies to create reports.,1,Introduced,2025,2025-03-14,Program and documentation,1,Government,['Giovanni Capriglione'],https://legiscan.com/TX/bill/HB5469/2025,0,0,0,0,Pending - Low Exposure,0,0,0,0,0,16,4,7,5
TX,Texas,SB1445,Relating to bullying and cyberbullying in public schools.,1,Introduced,2025,2025-02-19,"Program and documentation, Training, General notice, Opt out/appeal, Nondiscrimination",5,Education,['Jose Menendez'],https://legiscan.com/TX/bill/SB1445/2025,1,1,0,2,Pending - High Exposure,0,0,0,0,0,16,4,7,5
TX,Texas,SB1960,Relating to digital replication rights in the voice and visual likeness of individuals; providing private causes of action; authorizing a fee.,2,Engrossed,2025,2025-04-22,"Program and documentation, General notice, Registration, Opt out/appeal",4,Digital Content/IP,"['Charles Schwertner', 'Tan Parker']",https://legiscan.com/TX/bill/SB1960/2025,0,1,0,1,Pending - Some Exposure,0,0,0,0,0,16,4,7,5
TX,Texas,HB3950,Relating to digital replication rights in the voice and visual likeness of individuals; providing private causes of action; authorizing a fee.,1,Introduced,2025,2025-03-06,"Program and documentation, General notice, Registration, Opt out/appeal",4,Digital Content/IP,['Todd Hunter'],https://legiscan.com/TX/bill/HB3950/2025,0,1,0,1,Pending - Some Exposure,0,0,0,0,0,16,4,7,5
TX,Texas,HB500,Relating to making supplemental appropriations and reductions in appropriations and giving direction and adjustment authority regarding appropriations.,4,Passed,2025,2025-06-22,Program and documentation,1,Government,"['Greg Bonnen', 'Joan Huffman', 'Cesar Blanco', 'Juan Hinojosa']",https://legiscan.com/TX/bill/HB500/2025,0,0,0,0,Low Risk,0,0,0,0,0,16,4,7,5
TX,Texas,HR4,Adopting the House Rules of Procedure for the 89th Legislature.,4,Passed,2025,2025-01-23,"Program and documentation, Responsible individual",2,General/Other,['Todd Hunter'],https://legiscan.com/TX/bill/HR4/2025,0,0,0,0,Low Risk,0,0,0,0,0,16,4,7,5
UT,Utah,SB0125,Transportation Infrastructure Amendments,4,Passed,2023,2023-03-23,"Program and documentation, Responsible individual, Explanation/incident reporting",3,Vehicles,"['Chris Wilson', 'Jefferson Moss']",https://legiscan.com/UT/bill/SB0125/2023,0,0,0,0,Low Risk,0,0,1,1,0,10,0,8,2
UT,Utah,SB0207,"Health and Human Services Recodification - Cross References, Titles 31a-58",4,Passed,2023,2023-03-15,"Program and documentation, General notice, Registration, Opt out/appeal",4,Healthcare,"['Jacob Anderegg', 'Raymond Ward']",https://legiscan.com/UT/bill/SB0207/2023,0,1,0,1,Moderate Risk,0,0,0,0,0,10,0,8,2
UT,Utah,SB0149,Artificial Intelligence Amendments,4,Passed,2024,2024-03-13,"Program and documentation, Assessments, Responsible individual, General notice, Labeling/notification",5,General/Other,"['Kirk Cullimore', 'Jefferson Moss']",https://legiscan.com/UT/bill/SB0149/2024,0,1,1,2,High Risk,0,0,0,0,0,10,0,8,2
UT,Utah,SB0131,Information Technology Act Amendments,4,Passed,2024,2024-03-13,"Program and documentation, Labeling/notification",2,Cybersecurity,"['Wayne Harper', 'Ariel Defay']",https://legiscan.com/UT/bill/SB0131/2024,0,0,0,0,Low Risk,0,0,0,0,0,10,0,8,2
UT,Utah,HB0329,Artificial Intelligence in Political Advertising,6,Failed,2024,2024-03-01,"Program and documentation, Labeling/notification",2,Elections,"['Ariel Defay', 'Todd Weiler']",https://legiscan.com/UT/bill/HB0329/2024,0,0,0,0,Pending - Low Exposure,0,0,0,0,0,10,0,8,2
UT,Utah,SB0084,Governor's Office of Economic Opportunity Amendments,4,Passed,2024,2024-03-13,Program and documentation,1,General/Other,"['Kirk Cullimore', 'Jordan Teuscher']",https://legiscan.com/UT/bill/SB0084/2024,0,0,0,0,Low Risk,0,0,0,0,0,10,0,8,2
UT,Utah,HCR003,Concurrent Resolution Regarding Child Sexual Abuse Material,4,Passed,2024,2024-02-28,Program and documentation,1,Children,"['Brady Brammer', 'Kirk Cullimore']",https://legiscan.com/UT/bill/HCR003/2024,0,0,0,0,Low Risk,1,0,0,1,0,10,0,8,2
UT,Utah,HB0003,Appropriations Adjustments,3,Enrolled,2024,2024-03-06,Program and documentation,1,Government,"['Val Peterson', 'Jerry Stevenson']",https://legiscan.com/UT/bill/HB0003/2024,0,0,0,0,Pending - Low Exposure,0,0,0,0,0,10,0,8,2
UT,Utah,HB3005,Sunset and Repeal Date Code Corrections,4,Passed,2024,2024-06-21,Program and documentation,1,General/Other,"['Jefferson Moss', 'Ann Millner']",https://legiscan.com/UT/bill/HB3005/2024/X3,0,0,0,0,Low Risk,0,0,0,0,0,10,0,8,2
UT,Utah,HB0249,Utah Legal Personhood Amendments,4,Passed,2024,2024-03-20,Program and documentation,1,Legal/Judicial,"['Walt Brooks', 'Don Ipson']",https://legiscan.com/UT/bill/HB0249/2024,0,0,0,0,Low Risk,0,0,0,0,0,10,0,8,2
UT,Utah,HB0043,Charitable Solicitations Act Amendments,4,Passed,2024,2024-03-13,"Program and documentation, Registration, Opt out/appeal",3,General/Other,"['Cory Maloy', 'Curtis Bramble']",https://legiscan.com/UT/bill/HB0043/2024,0,0,0,0,Low Risk,0,0,0,0,0,10,0,8,2
UT,Utah,HB0534,Boards and Commissions Modifications,4,Passed,2024,2024-03-21,"Program and documentation, General notice, Registration, Opt out/appeal",4,AI Policy/Task Forces,"['Calvin Musselman', 'Daniel McCay']",https://legiscan.com/UT/bill/HB0534/2024,0,1,0,1,Moderate Risk,0,0,0,0,0,10,0,8,2
UT,Utah,SB0226,Artificial Intelligence Consumer Protection Amendments,4,Passed,2025,2025-03-27,"Program and documentation, General notice, Labeling/notification",3,Consumer Protection,"['Kirk Cullimore', 'Jefferson Moss']",https://legiscan.com/UT/bill/SB0226/2025,0,1,0,1,Moderate Risk,0,0,0,0,0,10,0,8,2
UT,Utah,HB0168,Artificial Intelligence in Education,6,Failed,2025,2025-03-07,"Program and documentation, Responsible individual, General notice",3,Education,"['Ariel Defay', 'Kirk Cullimore']",https://legiscan.com/UT/bill/HB0168/2025,0,1,0,1,Pending - Some Exposure,0,0,0,0,0,10,0,8,2
UT,Utah,HB0452,Artificial Intelligence Amendments,4,Passed,2025,2025-03-25,"Program and documentation, Assessments, General notice, Labeling/notification",4,General/Other,"['Jefferson Moss', 'Kirk Cullimore']",https://legiscan.com/UT/bill/HB0452/2025,0,1,1,2,High Risk,0,0,0,0,0,10,0,8,2
UT,Utah,SB0180,Law Enforcement Usage of Artificial Intelligence,4,Passed,2025,2025-03-25,"Program and documentation, Labeling/notification",2,Criminal,"['Stephanie Pitcher', 'Jefferson Moss']",https://legiscan.com/UT/bill/SB0180/2025,0,0,0,0,Low Risk,0,0,0,0,0,10,0,8,2
UT,Utah,SB0271,Unauthorized Artificial Intelligence Impersonation Amendments,4,Passed,2025,2025-03-27,"Program and documentation, Opt out/appeal",2,Digital Content/IP,"['Mike McKell', 'Jordan Teuscher']",https://legiscan.com/UT/bill/SB0271/2025,0,0,0,0,Low Risk,0,0,0,0,0,10,0,8,2
UT,Utah,SB0332,Artificial Intelligence Revisions,4,Passed,2025,2025-03-25,Program and documentation,1,General/Other,"['Kirk Cullimore', 'Jefferson Moss']",https://legiscan.com/UT/bill/SB0332/2025,0,0,0,0,Low Risk,0,0,0,0,0,10,0,8,2
UT,Utah,SB0003,Appropriations Adjustments,3,Enrolled,2025,2025-03-13,Program and documentation,1,Government,"['Jerry Stevenson', 'Val Peterson']",https://legiscan.com/UT/bill/SB0003/2025,0,0,0,0,Pending - Low Exposure,0,0,0,0,0,10,0,8,2
UT,Utah,SJR007,Joint Resolution Emphasizing State Authority in Election Governance,3,Enrolled,2025,2025-03-14,,0,Elections,"['Kirk Cullimore', 'Jefferson Moss']",https://legiscan.com/UT/bill/SJR007/2025,0,0,0,0,Pending - Low Exposure,0,0,0,0,0,10,0,8,2
UT,Utah,SB0206,Estate Planning Amendments,4,Passed,2025,2025-03-25,,0,General/Other,"['Todd Weiler', 'Nelson Abbott']",https://legiscan.com/UT/bill/SB0206/2025,0,0,0,0,Low Risk,0,0,0,0,0,10,0,8,2
UT,Utah,HB0003,Current Fiscal Year Supplemental Appropriations,3,Enrolled,2025,2025-03-13,Program and documentation,1,Government,"['Val Peterson', 'Jerry Stevenson']",https://legiscan.com/UT/bill/HB0003/2025,0,0,0,0,Pending - Low Exposure,0,0,0,0,0,10,0,8,2
UT,Utah,HB0121,Health Education Amendments,6,Failed,2025,2025-03-07,"Program and documentation, Training",2,Healthcare; Education,['Carol Moss'],https://legiscan.com/UT/bill/HB0121/2025,0,0,0,0,Pending - Low Exposure,0,0,0,0,0,10,0,8,2
UT,Utah,HB0496,Revisor's Technical Corrections to Utah Code,4,Passed,2025,2025-03-25,,0,General/Other,"['Jefferson Moss', 'Kirk Cullimore']",https://legiscan.com/UT/bill/HB0496/2025,0,0,0,0,Low Risk,0,0,0,0,0,10,0,8,2
UT,Utah,SB1002,Higher Education Recodification External References,4,Passed,2025,2025-10-14,"Program and documentation, General notice, Registration, Opt out/appeal",4,Education,"['Ann Millner', 'Val Peterson']",https://legiscan.com/UT/bill/SB1002/2025/X1,0,1,0,1,Moderate Risk,0,0,0,0,0,10,0,8,2
UT,Utah,SB0100,Estate Planning Recodification,4,Passed,2025,2025-03-25,,0,General/Other,"['Todd Weiler', 'Anthony Loubet']",https://legiscan.com/UT/bill/SB0100/2025,0,0,0,0,Low Risk,0,0,0,0,0,10,0,8,2
UT,Utah,SB0195,Transportation Amendments,4,Passed,2025,2025-03-26,,0,Vehicles,"['Wayne Harper', 'Kay Christofferson']",https://legiscan.com/UT/bill/SB0195/2025,0,0,0,0,Low Risk,0,0,0,0,0,10,0,8,2
UT,Utah,SB1001,Higher Education Recodification,4,Passed,2025,2025-10-14,"Program and documentation, General notice, Registration, Opt out/appeal",4,Education,"['Ann Millner', 'Val Peterson']",https://legiscan.com/UT/bill/SB1001/2025/X1,0,1,0,1,Moderate Risk,0,0,0,0,0,10,0,8,2
UT,Utah,HB0021,Criminal Code Recodification and Cross References,4,Passed,2025,2025-03-25,"Program and documentation, General notice, Registration, Opt out/appeal",4,Criminal,"['Matthew Gwynn', 'Keith Grover']",https://legiscan.com/UT/bill/HB0021/2025,0,1,0,1,Moderate Risk,0,0,0,0,0,10,0,8,2
UT,Utah,HB0369,Elections Office,6,Failed,2025,2025-03-07,"Program and documentation, General notice, Registration, Opt out/appeal",4,Elections,"['Ryan Wilcox', 'Calvin Musselman']",https://legiscan.com/UT/bill/HB0369/2025,0,1,0,1,Pending - Some Exposure,0,0,0,0,0,10,0,8,2
VT,Vermont,H0710,An act relating to regulating developers and deployers of certain artificial intelligence systems,1,Introduced,2024,2024-01-09,"Program and documentation, Assessments, Responsible individual, General notice, Explanation/incident reporting, Developer documentation, Nondiscrimination",7,General/Other,"['Monique Priestley', 'Peter Anthony', 'Elizabeth Burrows', 'Heather Chase', 'Kevin Christie', 'Stephanie Jerome', 'James Masland', 'Tristan Roberts', 'Laura Sibilia', 'Katherine Sims', 'David Templeman', 'Kirk White', 'Jonathan Williams']",https://legiscan.com/VT/bill/H0710/2023,1,1,1,3,Pending - High Exposure,0,0,0,0,0,0,0,0,0
VT,Vermont,H0711,An act relating to creating oversight and liability standards for developers and deployers of inherently dangerous artificial intelligence systems,1,Introduced,2024,2024-01-09,"Program and documentation, Assessments, Explanation/incident reporting, Nondiscrimination",4,Housing,"['Monique Priestley', 'Elizabeth Burrows', 'Heather Chase', 'Kevin Christie', 'Stephanie Jerome', 'James Masland', 'Tristan Roberts', 'Laura Sibilia', 'Katherine Sims', 'David Templeman', 'Kirk White', 'Jonathan Williams']",https://legiscan.com/VT/bill/H0711/2023,1,0,1,2,Pending - High Exposure,0,0,0,0,0,0,0,0,0
VT,Vermont,H0863,An act relating to recommendations on the education and potential harms of deepfake technology,1,Introduced,2024,2024-02-27,"Program and documentation, Assessments",2,Deepfakes; Education,"['Brian Cina', 'Troy Headrick', 'Kate McCann', 'Monique Priestley']",https://legiscan.com/VT/bill/H0863/2023,0,0,1,1,Pending - Some Exposure,0,0,0,0,0,0,0,0,0
VT,Vermont,H0114,An act relating to restricting electronic monitoring of employees and employment-related automated decision systems,1,Introduced,2023,2023-01-26,"Program and documentation, Assessments, General notice, Opt out/appeal, Nondiscrimination",5,Employment,"['Monique Priestley', 'Peter Anthony', 'Edye Graning', 'Troy Headrick', 'Emma Mulvaney-Stanak', 'Katherine Sims', 'Taylor Small']",https://legiscan.com/VT/bill/H0114/2023,1,1,1,3,Pending - High Exposure,0,0,0,0,0,0,0,0,0
VT,Vermont,H0121,An act relating to enhancing consumer privacy and the age-appropriate design code,5,Vetoed,2024,2024-05-10,"Program and documentation, Assessments, General notice, Explanation/incident reporting, Registration, Opt out/appeal",6,Privacy,"['Michael Marcotte', 'James Carroll', 'Edye Graning', 'Stephanie Jerome', 'Emma Mulvaney-Stanak', 'Logan Nicoll', 'Monique Priestley', 'Jarrod Sammis', 'Kirk White']",https://legiscan.com/VT/bill/H0121/2023,0,1,1,2,Pending - High Exposure,0,0,0,0,0,0,0,0,0
VT,Vermont,H0466,An act relating to technical corrections for the 2023 legislative session,4,Passed,2023,2023-04-18,,0,General/Other,['Government Operations and Military Affairs'],https://legiscan.com/VT/bill/H0466/2023,0,0,0,0,Low Risk,0,0,0,0,0,0,0,0,0
VT,Vermont,H0341,An act relating to creating oversight and safety standards for developers and deployers of inherently dangerous artificial intelligence systems,1,Introduced,2025,2025-02-25,"Program and documentation, Assessments, General notice, Nondiscrimination",4,Housing,"['Monique Priestley', 'Angela Arsenault', 'Daisy Berbeco', 'Esme Cole', 'Kate Logan', 'James Masland', 'Jubilee McGill', 'Laura Sibilia', 'Kirk White']",https://legiscan.com/VT/bill/H0341/2025,1,1,1,3,Pending - High Exposure,0,0,0,0,0,0,0,0,0
VT,Vermont,H0365,An act relating to the regulation of social media platforms and artificial intelligence systems,1,Introduced,2025,2025-02-26,"Program and documentation, Assessments, General notice, Explanation/incident reporting, Registration, Nondiscrimination",6,Social Media,"['Angela Arsenault', 'Edye Graning']",https://legiscan.com/VT/bill/H0365/2025,1,1,1,3,Pending - High Exposure,0,0,0,0,0,0,0,0,0
VT,Vermont,S0023,An act relating to the use of synthetic media in elections,2,Engrossed,2025,2025-03-20,"Program and documentation, General notice, Labeling/notification",3,Deepfakes; Elections,"['Ruth Hardy', 'Alison Clarkson', 'Brian Collamore', 'Robert Norris', 'Tanya Vyhovsky', 'Anne Watson', 'Rebecca White']",https://legiscan.com/VT/bill/S0023/2025,0,1,0,1,Pending - Some Exposure,0,0,0,0,0,0,0,0,0
VT,Vermont,H0340,An act relating to regulating developers and deployers of certain automated decision systems,1,Introduced,2025,2025-02-25,"Program and documentation, Assessments, Responsible individual, General notice, Explanation/incident reporting, Third-party review, Opt out/appeal, Nondiscrimination",8,AI Governance,"['Monique Priestley', 'Angela Arsenault', 'Daisy Berbeco', 'Esme Cole', 'Kate Logan', 'James Masland', 'Jubilee McGill', 'Laura Sibilia', 'Candice White']",https://legiscan.com/VT/bill/H0340/2025,1,1,1,3,Pending - High Exposure,0,0,0,0,0,0,0,0,0
VT,Vermont,H0389,An act relating to restricting the use of artificial intelligence to affect rental housing pricing and availability,1,Introduced,2025,2025-02-26,Program and documentation,1,Housing,['Monique Priestley'],https://legiscan.com/VT/bill/H0389/2025,0,0,0,0,Pending - Low Exposure,0,0,0,0,0,0,0,0,0
VT,Vermont,H0217,An act relating to prohibiting geoengineering,1,Introduced,2025,2025-02-13,"Program and documentation, Responsible individual",2,General/Other,"['Gregory Burtt', 'Carolyn Branagan', 'Voranus Coffin IV', 'Jonathan Cooper', 'Joshua Dobrovich', 'Kenneth Goslant', 'Zachary Harvey', 'Mark Higley', 'Jed Lipsky', 'Leland Morgan', 'Richard Nelson', 'Robert North', ""John O'Brien"", 'Debra Powers', 'Christopher Pritchard', 'Michael Southworth', 'Shawn Sweeney', 'Michael Tagliavia', 'Kenneth Wells', 'Kevin Winter']",https://legiscan.com/VT/bill/H0217/2025,0,0,0,0,Pending - Low Exposure,0,0,0,0,0,0,0,0,0
VT,Vermont,H0371,An act relating to the use of dynamic pricing by retail establishments,1,Introduced,2025,2025-02-26,"Program and documentation, General notice",2,General/Other,"['William Greer', 'Bridget Burkhardt', 'Voranus Coffin IV', 'Kate Logan', 'Jubilee McGill', 'Richard Nelson', 'Michael Nigro', 'Phil Pouech', 'Monique Priestley', 'Laura Sibilia']",https://legiscan.com/VT/bill/H0371/2025,0,1,0,1,Pending - Some Exposure,0,0,0,0,0,0,0,0,0
VT,Vermont,S0122,An act relating to economic and workforce development,4,Passed,2025,2025-06-13,Program and documentation,1,Employment,"['Economic Development, Housing and General Affairs']",https://legiscan.com/VT/bill/S0122/2025,0,0,0,0,Low Risk,0,0,0,0,0,0,0,0,0
VT,Vermont,H0262,An act relating to restricting electronic monitoring of employees and the use of employment-related automated decision systems,1,Introduced,2025,2025-02-19,"Program and documentation, Assessments, General notice, Explanation/incident reporting, Opt out/appeal, Nondiscrimination",6,Employment,"['Monique Priestley', 'Ela Chapin', 'Robert Hooper', 'James Masland', 'Kate McCann', 'Jubilee McGill', 'Brian Minier', 'Kate Nugent', 'Herb Olson']",https://legiscan.com/VT/bill/H0262/2025,1,1,1,3,Pending - High Exposure,0,0,0,0,0,0,0,0,0
VT,Vermont,H0208,An act relating to consumer data privacy and online surveillance,1,Introduced,2025,2025-02-12,"Program and documentation, Assessments, General notice, Opt out/appeal, Nondiscrimination",5,Privacy,"['Monique Priestley', 'Michael Marcotte', 'Angela Arsenault', 'Sarita Austin', 'Daisy Berbeco', 'Michelle Bos-Lun', 'David Bosch', 'Lucy Boyden', 'Jana Brown', 'Mollie Burke', 'Elizabeth Burrows', 'Scott Campbell', 'Emily Carris-Duncan', 'Conor Casey', 'Ela Chapin', 'Brian Cina', 'Esme Cole', 'Mari Cordes', 'Anne Donahue', 'Abbey Duke', 'Zon Eastes', 'Leslie Goldman', 'Edye Graning', 'William Greer', 'Leanne Harple', 'Troy Headrick', 'Rebecca Holcombe', 'Emilie Krasnow', 'Jed Lipsky', 'James Masland', 'Kate McCann', 'Jubilee McGill', 'Anthony Micklus', 'Marc Mihaly', 'Brian Minier', 'Michael Mrowicki', 'Kate Nugent', ""John O'Brien"", 'Carol Ode', 'Herb Olson', 'Gayle Pezzo', 'Phil Pouech', 'Barbara Rachelson', 'Lawrence Satcowitz', 'Laura Sibilia', 'Thomas Stevens', 'Heather Surprenant', 'Chloe Tomlinson', 'Dara Torre', 'Edward Waszazak', 'Kirk White']",https://legiscan.com/VT/bill/H0208/2025,1,1,1,3,Pending - High Exposure,0,0,0,0,0,0,0,0,0
VT,Vermont,S0071,An act relating to consumer data privacy and online surveillance,2,Engrossed,2025,2025-03-27,"Program and documentation, Assessments, General notice, Explanation/incident reporting, Opt out/appeal, Nondiscrimination",6,Privacy,"['Alison Clarkson', 'Wendy Harrison', 'Nader Hashim', 'Joseph Major', 'Tanya Vyhovsky', 'Rebecca White']",https://legiscan.com/VT/bill/S0071/2025,1,1,1,3,Pending - High Exposure,0,0,0,0,0,0,0,0,0
VA,Virginia,SB827,"Hospital emergency departments; required security and training, regulations.",4,Passed,2023,2023-03-23,Training,1,Healthcare,['Barbara Favola'],https://legiscan.com/VA/bill/SB827/2023,0,0,0,0,Low Risk,0,0,0,0,0,18,4,7,7
VA,Virginia,HB1689,Patient visitation; request visitation from clergy members during declared public health emergency.,2,Engrossed,2023,2023-02-06,"Program and documentation, Training",2,Healthcare,"['Karen Greenhalgh', 'Les Adams', 'Terry Austin', 'John Avoli', 'Jason Ballard', 'Robert Bell', 'Robert Bloxom', 'Emily Brewer', 'Kathy Byron', 'Ellen Campbell', 'Jeffrey Campbell', 'Mike Cherry', 'AC Cordoza', 'Carrie Coyner', 'Tara Durant', 'James Edmunds', 'Matt Fariss', 'Hyland Fowler', 'Nicholas Freitas', 'Chris Head', 'Keith Hodges', 'Terry Kilgore', 'Dave LaRock', 'James Leftwich', 'Marie March', 'Daniel Marshall', 'John McGuire', 'Robert Orrock', 'Roxann Robinson', 'Chris Runion', 'Phillip Scott', 'Anne Ferrell Tata', 'Kim Taylor', 'Wendell Walker', 'Michael Webert', 'Bill Wiley', 'Wren Williams', 'Thomas Wright', 'Scott Wyatt']",https://legiscan.com/VA/bill/HB1689/2023,0,0,0,0,Pending - Low Exposure,0,0,0,0,0,18,4,7,7
VA,Virginia,SB1531,Va. Neonatal Perinatal Collaborative; SHHR shall convene work group to recommend improving care.,4,Passed,2023,2023-03-26,"Program and documentation, Assessments",2,Employment,['Siobhan Dunnavant'],https://legiscan.com/VA/bill/SB1531/2023,0,0,1,1,Moderate Risk,0,0,0,0,0,18,4,7,7
VA,Virginia,HB1446,"Certified nursing facilities; minimum staffing standards, administrative sanctions.",4,Passed,2023,2023-03-24,Program and documentation,1,Licensing,"['Robert Orrock', 'Vivian Watts', 'Dawn Adams', 'John Avoli', 'Betsy Carr', 'Mike Cherry', 'Nadarius Clark', 'Carrie Coyner', 'Eileen Filler-Corn', 'Hyland Fowler', 'C.E. Hayes', 'Keith Hodges', 'Patrick Hope', 'Clinton Jenkins', 'Kaye Kory', 'James Leftwich', ""Israel O'Quinn"", 'Marcia Price', 'Sam Rasoul', 'Chris Runion', 'Irene Shin', 'Mark Sickles', 'Shelly Simonds', 'Wendell Walker', 'Michael Webert', 'Bill Wiley', 'Wren Williams', 'Thomas Wright']",https://legiscan.com/VA/bill/HB1446/2023,0,0,0,0,Low Risk,0,0,0,0,0,18,4,7,7
VA,Virginia,SB1339,"Certified nursing facilities; minimum staffing standards, administrative sanctions.",4,Passed,2023,2023-03-24,"Program and documentation, Assessments",2,Licensing,['George Barker'],https://legiscan.com/VA/bill/SB1339/2023,0,0,1,1,Moderate Risk,0,0,0,0,0,18,4,7,7
VA,Virginia,HB538,Perinatal health care providers; implicit bias training.,1,Introduced,2022,2022-01-11,Training,1,Healthcare,"['Nadarius Clark', 'AC Cordoza', 'Kaye Kory', 'Marcia Price', 'Dawn Adams', 'Elizabeth Bennett-Parker', 'Kelly Convirs-Fowler', 'Michelle Maldonado', 'Delores McQuinn', 'Candi Mundon King', 'Sam Rasoul', 'David Reid', 'Don Scott', 'Irene Shin', 'Shelly Simonds']",https://legiscan.com/VA/bill/HB538/2023,0,0,0,0,Pending - Low Exposure,0,0,0,0,0,18,4,7,7
VA,Virginia,HB646,"Nursing homes; standards of care and staff requirements, regulations.",1,Introduced,2022,2022-01-11,"Program and documentation, Training, General notice, Opt out/appeal",4,General/Other,"['Betsy Carr', 'Kaye Kory']",https://legiscan.com/VA/bill/HB646/2023,0,1,0,1,Pending - Some Exposure,0,0,0,0,0,18,4,7,7
VA,Virginia,SB448,Hospitals; policies and procedures related to victims of domestic violence and sexual assault.,2,Engrossed,2022,2022-02-07,"Program and documentation, Training, Responsible individual",3,Healthcare,"['Jennifer Boysko', 'Ghazala Hashmi', 'Mamie Locke', 'Jennifer McClellan']",https://legiscan.com/VA/bill/SB448/2023,0,0,0,0,Pending - Low Exposure,0,0,0,0,0,18,4,7,7
VA,Virginia,SB925,Patient visitation; visitation from clergy members during declared public health emergency.,1,Introduced,2023,2023-01-06,"Program and documentation, Training",2,Healthcare,['John Cosgrove'],https://legiscan.com/VA/bill/SB925/2023,0,0,0,0,Pending - Low Exposure,0,0,0,0,0,18,4,7,7
VA,Virginia,HB1795,"Abortion; born alive infant, treatment and care, penalty.",2,Engrossed,2023,2023-02-06,,0,Criminal,"['Nicholas Freitas', 'John Avoli', 'Emily Brewer', 'Kathy Byron', 'Tara Durant', 'Dave LaRock', 'Robert Orrock', 'Chris Runion', 'Phillip Scott', 'Anne Ferrell Tata', 'Wendell Walker', 'Bill Wiley', 'Tony Wilt', 'Thomas Wright']",https://legiscan.com/VA/bill/HB1795/2023,0,0,0,0,Pending - Low Exposure,0,0,0,0,0,18,4,7,7
VA,Virginia,HB1564,"Nursing homes; standards of care, administrative sanctions.",1,Introduced,2023,2023-01-06,Program and documentation,1,General/Other,"['Vivian Watts', 'Betsy Carr', 'Elizabeth Bennett-Parker', 'Irene Shin']",https://legiscan.com/VA/bill/HB1564/2023,0,0,0,0,Pending - Low Exposure,0,0,0,0,0,18,4,7,7
VA,Virginia,HB330,"Nursing homes & certified nursing facilities; minimum staffing standards, administrative sanctions.",1,Introduced,2022,2022-01-11,"Program and documentation, Assessments",2,Licensing,"['Vivian Watts', 'Mark Sickles', 'Dawn Adams', 'Patrick Hope', 'Kenneth Plum']",https://legiscan.com/VA/bill/HB330/2023,0,0,1,1,Pending - Some Exposure,0,0,0,0,0,18,4,7,7
VA,Virginia,SB340,Freestanding emergency departments; Bd. of Health to promulgate regulations related to departments.,1,Introduced,2022,2022-01-11,"Program and documentation, General notice, Labeling/notification",3,Healthcare,['George Barker'],https://legiscan.com/VA/bill/SB340/2023,0,1,0,1,Pending - Some Exposure,0,0,0,0,0,18,4,7,7
VA,Virginia,HB2280,"Surgical & medical trtmt. of certain minors; parental consent, admission to mental health facility.",1,Introduced,2023,2023-01-11,"Program and documentation, Opt out/appeal",2,Healthcare; Children,"['Dave LaRock', 'Bill Wiley', 'Wren Williams']",https://legiscan.com/VA/bill/HB2280/2023,0,0,0,0,Pending - Low Exposure,1,0,0,1,0,18,4,7,7
VA,Virginia,SB788,Medical cannabis program; transition from Board of Pharmacy to Virginia Cannabis Control Authority.,4,Passed,2023,2023-04-12,"Program and documentation, Assessments, General notice, Third-party review, Nondiscrimination",5,Healthcare,"['Barbara Favola', 'Adam Ebbin', 'Lionell Spruill']",https://legiscan.com/VA/bill/SB788/2023,1,1,1,3,High Risk,0,0,0,0,0,18,4,7,7
VA,Virginia,HB1598,"Medical cannabis program; transition from Bd. of Pharmacy to Va. Cannabis Control Authority, report.",4,Passed,2023,2023-04-12,"Program and documentation, Assessments, Responsible individual, General notice, Labeling/notification, Third-party review, Nondiscrimination",7,Healthcare,['Roxann Robinson'],https://legiscan.com/VA/bill/HB1598/2023,1,1,1,3,High Risk,0,0,0,0,0,18,4,7,7
VA,Virginia,HB1597,Medical cannabis program; transition from Board of Pharmacy to Virginia Cannabis Control Authority.,1,Introduced,2023,2023-01-06,"Program and documentation, Assessments, Labeling/notification, Nondiscrimination",4,Healthcare,['Roxann Robinson'],https://legiscan.com/VA/bill/HB1597/2023,1,0,1,2,Pending - High Exposure,0,0,0,0,0,18,4,7,7
VA,Virginia,HB747,"Artificial Intelligence Developer Act; established, civil penalty.",1,Introduced,2024,2024-01-09,"Program and documentation, Assessments, General notice, Explanation/incident reporting, Nondiscrimination",5,Criminal,['Michelle Maldonado'],https://legiscan.com/VA/bill/HB747/2024,1,1,1,3,Pending - High Exposure,0,0,0,0,0,18,4,7,7
VA,Virginia,SB487,Artificial intelligence by public bodies; Joint Commission on Technology & Science to examine use.,4,Passed,2024,2024-04-08,"Program and documentation, Assessments, Explanation/incident reporting, Nondiscrimination",4,AI Policy/Task Forces,"['Lashrecse Aird', 'Suhas Subramanyam', 'Todd Pillion']",https://legiscan.com/VA/bill/SB487/2024,1,0,1,2,High Risk,0,0,0,0,0,18,4,7,7
VA,Virginia,SB621,"Artificial Intelligence, Commission on; established, report, sunset provision.",1,Introduced,2024,2024-01-10,"Program and documentation, Assessments, Nondiscrimination",3,AI Policy/Task Forces,"['Todd Pillion', 'Lashrecse Aird']",https://legiscan.com/VA/bill/SB621/2024,1,0,1,2,Pending - High Exposure,0,0,0,0,0,18,4,7,7
VA,Virginia,SJR14,Artificial intelligence; Joint Commission on Technology and Science to study advancements.,1,Introduced,2024,2024-01-04,"Assessments, Nondiscrimination",2,AI Policy/Task Forces,['Suhas Subramanyam'],https://legiscan.com/VA/bill/SJR14/2024,1,0,1,2,Pending - High Exposure,0,0,0,0,0,18,4,7,7
VA,Virginia,HB697,"Synthetic media; use in furtherance of crimes involving fraud, etc., report.",2,Engrossed,2024,2024-02-07,Program and documentation,1,Deepfakes; Criminal,"['Michelle Maldonado', 'Irene Shin', 'Bonita Anthony', 'Nadarius Clark', 'Rozia Henson']",https://legiscan.com/VA/bill/HB697/2024,0,0,0,0,Pending - Low Exposure,0,0,0,0,0,18,4,7,7
VA,Virginia,HB249,Law-enforcement agencies; use of generative artificial intelligence and machine learning systems.,1,Introduced,2024,2024-01-04,"Program and documentation, Training",2,General/Other,['Jackie Glass'],https://legiscan.com/VA/bill/HB249/2024,0,0,0,0,Pending - Low Exposure,0,0,0,0,0,18,4,7,7
VA,Virginia,SB164,"Virginia Consumer Protection Act; prohibited practices, artificial intelligence disclosure.",1,Introduced,2024,2024-01-07,"Program and documentation, General notice",2,Consumer Protection,['Bryce Reeves'],https://legiscan.com/VA/bill/SB164/2024,0,1,0,1,Pending - Some Exposure,0,0,0,0,0,18,4,7,7
VA,Virginia,SB385,Artificial intelligence technology; use in education.,1,Introduced,2024,2024-01-09,"Program and documentation, Assessments, Training",3,Education,['Stella Pekarsky'],https://legiscan.com/VA/bill/SB385/2024,0,0,1,1,Pending - Some Exposure,0,0,0,0,0,18,4,7,7
VA,Virginia,HB353,Hospitals; emergency departments to have at least one licensed physician on duty at all times.,4,Passed,2024,2024-04-04,"Program and documentation, Training",2,Healthcare,['Patrick Hope'],https://legiscan.com/VA/bill/HB353/2024,0,0,0,0,Low Risk,0,0,0,0,0,18,4,7,7
VA,Virginia,SB392,Hospitals; emergency departments to have at least one licensed physician on duty at all times.,4,Passed,2024,2024-04-04,"Program and documentation, Training, General notice",3,Healthcare,['Stella Pekarsky'],https://legiscan.com/VA/bill/SB392/2024,0,1,0,1,Moderate Risk,0,0,0,0,0,18,4,7,7
VA,Virginia,HB763,Hospital regulations; use of smoke evacuation systems during surgical procedures.,4,Passed,2024,2024-03-28,"Program and documentation, Training",2,Healthcare,['Karrie Delaney'],https://legiscan.com/VA/bill/HB763/2024,0,0,0,0,Low Risk,0,0,0,0,0,18,4,7,7
VA,Virginia,SB537,Hospital regulations; use of smoke evacuation systems during surgical procedures.,4,Passed,2024,2024-03-28,"Program and documentation, Training",2,Healthcare,['Lamont Bagby'],https://legiscan.com/VA/bill/SB537/2024,0,0,0,0,Low Risk,0,0,0,0,0,18,4,7,7
VA,Virginia,HB1525,"AI-generated image; unauthorized creation of image of another, penalties.",1,Introduced,2024,2024-01-19,"Program and documentation, Nondiscrimination",2,Digital Content/IP,"['Nicholas Freitas', 'Mike Cherry', 'Mark Earley', 'Chad Green', 'Ian Lovejoy', 'Phillip Scott', 'Wendell Walker']",https://legiscan.com/VA/bill/HB1525/2024,1,0,0,1,Pending - Some Exposure,0,0,0,0,0,18,4,7,7
VA,Virginia,SB579,Nursing homes and certified nursing facilities; professional liability insurance.,1,Introduced,2024,2024-01-10,"Program and documentation, Training, Registration",3,Healthcare,['Mark Obenshain'],https://legiscan.com/VA/bill/SB579/2024,0,0,0,0,Pending - Low Exposure,0,0,0,0,0,18,4,7,7
VA,Virginia,HB87,Hospital regulations; patient drug testing.,1,Introduced,2023,2023-12-28,"Program and documentation, Training, General notice",3,Healthcare,"['Chad Green', 'Wendell Walker', 'Eric Zehr']",https://legiscan.com/VA/bill/HB87/2024,0,1,0,1,Pending - Some Exposure,0,0,0,0,0,18,4,7,7
VA,Virginia,HB886,"Certified nursing facilities; administrative sanctions, facilities subject to minimum standards.",1,Introduced,2024,2024-01-09,"Program and documentation, Assessments",2,Licensing,['Vivian Watts'],https://legiscan.com/VA/bill/HB886/2024,0,0,1,1,Pending - Some Exposure,0,0,0,0,0,18,4,7,7
VA,Virginia,HB664,"Abortion; born alive infant, treatment and care, penalty.",1,Introduced,2024,2024-01-09,"Program and documentation, Training",2,Criminal,"['Nicholas Freitas', 'Thomas Garrett']",https://legiscan.com/VA/bill/HB664/2024,0,0,0,0,Pending - Low Exposure,0,0,0,0,0,18,4,7,7
VA,Virginia,HB343,"Financial institutions; regulation of money transmitters, penalty.",1,Introduced,2024,2024-01-05,"Program and documentation, Assessments, General notice, Registration",4,Criminal; Financial,['Joshua Cole'],https://legiscan.com/VA/bill/HB343/2024,0,1,1,2,Pending - High Exposure,0,0,0,0,0,18,4,7,7
VA,Virginia,HB1498,Adult day care centers; name changes to adult day centers throughout the Code.,4,Passed,2024,2024-03-26,Program and documentation,1,General/Other,['Rodney Willett'],https://legiscan.com/VA/bill/HB1498/2024,0,0,0,0,Low Risk,0,0,0,0,0,18,4,7,7
VA,Virginia,SB173,Adult day care centers; name changes to adult day centers throughout the Code.,4,Passed,2024,2024-03-08,Program and documentation,1,General/Other,['Christie New Craig'],https://legiscan.com/VA/bill/SB173/2024,0,0,0,0,Low Risk,0,0,0,0,0,18,4,7,7
VA,Virginia,HB1051,"Public education; dual enrollment and concurrent enrollment, high school graduation.",1,Introduced,2024,2024-01-10,Program and documentation,1,Education,['Amanda Batten'],https://legiscan.com/VA/bill/HB1051/2024,0,0,0,0,Pending - Low Exposure,0,0,0,0,0,18,4,7,7
VA,Virginia,SB563,Regional career and technical education program; establishing in Planning District 2.,2,Engrossed,2024,2024-02-12,Program and documentation,1,Education,['Travis Hackworth'],https://legiscan.com/VA/bill/SB563/2024,0,0,0,0,Pending - Low Exposure,0,0,0,0,0,18,4,7,7
VA,Virginia,HB747,"Artificial Intelligence Developer Act; established, civil penalty.",1,Introduced,2024,2024-01-09,"Program and documentation, Assessments, General notice, Explanation/incident reporting, Nondiscrimination",5,Criminal,['Michelle Maldonado'],https://legiscan.com/VA/bill/HB747/2025,1,1,1,3,Pending - High Exposure,0,0,0,0,0,18,4,7,7
VA,Virginia,HB2094,"High-risk artificial intelligence; definitions, development, deployment, and use, civil penalties.",5,Vetoed,2025,2025-03-24,"Program and documentation, Assessments, Responsible individual, General notice, Explanation/incident reporting, Developer documentation, Opt out/appeal, Nondiscrimination",8,General/Other,"['Michelle Maldonado', 'Jackie Glass', 'C.E. Hayes', 'Irene Shin', 'Bonita Anthony', 'Alex Askew', 'Katrina Callsen', 'Nadarius Clark', 'Laura Jane Cohen', 'Joshua Cole', 'Kelly Convirs-Fowler', 'Michael Feggans', 'Rozia Henson', 'Phil Hernandez', 'Charniele Herring', 'Karen Keys-Gamarra', 'Amy Laufer', 'Destiny LeVere Bolling', 'Adele McClure', 'Marcia Price', 'Holly Seibold', 'Shelly Simonds', 'Kathy Tran', 'Rodney Willett']",https://legiscan.com/VA/bill/HB2094/2025,1,1,1,3,Pending - High Exposure,0,0,0,0,0,18,4,7,7
VA,Virginia,SB1214,"High-risk artificial intelligence; development, deployment, and use by public bodies, report.",2,Engrossed,2025,2025-02-04,"Program and documentation, Assessments, Responsible individual, General notice, Explanation/incident reporting, Developer documentation, Opt out/appeal, Nondiscrimination",8,General/Other,"['Lashrecse Aird', 'Michelle Maldonado', 'Elizabeth Bennett-Parker', 'Marcia Price']",https://legiscan.com/VA/bill/SB1214/2025,1,1,1,3,Pending - High Exposure,0,0,0,0,0,18,4,7,7
VA,Virginia,HB2046,"High-risk artificial intelligence; development, deployment, and use by public bodies, report.",2,Engrossed,2025,2025-02-03,"Program and documentation, Assessments, Responsible individual, General notice, Explanation/incident reporting, Developer documentation, Opt out/appeal, Nondiscrimination",8,General/Other,"['Bonita Anthony', 'Debra Gardner', 'Dan Helmer', 'Michael Jones', 'Karen Keys-Gamarra', 'Destiny LeVere Bolling', 'Michelle Maldonado', 'Joshua Thomas']",https://legiscan.com/VA/bill/HB2046/2025,1,1,1,3,Pending - High Exposure,0,0,0,0,0,18,4,7,7
VA,Virginia,HB1642,"Artificial intelligence-based tool; definition, use of tool.",4,Passed,2025,2025-04-02,"Program and documentation, Responsible individual",2,General/Other,"['C.E. Hayes', 'Nadarius Clark', 'Rae Cousins', 'Rozia Henson', 'Karen Keys-Gamarra']",https://legiscan.com/VA/bill/HB1642/2025,0,0,0,0,Low Risk,0,0,0,0,0,18,4,7,7
VA,Virginia,HB2121,"Digital Content Authenticity and Transparency Act; established, civil penalty.",1,Introduced,2025,2025-01-07,"Program and documentation, Labeling/notification",2,Criminal,"['Michelle Maldonado', 'Jackie Glass', 'Irene Shin']",https://legiscan.com/VA/bill/HB2121/2025,0,0,0,0,Pending - Low Exposure,0,0,0,0,0,18,4,7,7
VA,Virginia,SB1417,"Digital Content Authenticity and Transparency Act; established, civil penalty.",1,Introduced,2025,2025-01-16,"Program and documentation, Labeling/notification",2,Criminal,['Adam Ebbin'],https://legiscan.com/VA/bill/SB1417/2025,0,0,0,0,Pending - Low Exposure,0,0,0,0,0,18,4,7,7
VA,Virginia,SJR14,Artificial intelligence; Joint Commission on Technology and Science to study advancements.,1,Introduced,2024,2024-01-04,"Assessments, Nondiscrimination",2,AI Policy/Task Forces,['Suhas Subramanyam'],https://legiscan.com/VA/bill/SJR14/2025,1,0,1,2,Pending - High Exposure,0,0,0,0,0,18,4,7,7
VA,Virginia,HB2250,Artificial Intelligence Training Data Transparency Act; transparency and disclosure requirements.,1,Introduced,2025,2025-01-07,"Program and documentation, General notice, Labeling/notification, Explanation/incident reporting, Opt out/appeal",5,AI Governance,"['Michelle Maldonado', 'Jackie Glass', 'Irene Shin']",https://legiscan.com/VA/bill/HB2250/2025,0,1,0,1,Pending - Some Exposure,0,0,0,0,0,18,4,7,7
VA,Virginia,SB1161,Artificial Intelligence Transparency Act; established.,1,Introduced,2025,2025-01-07,"Program and documentation, General notice, Labeling/notification",3,AI Governance,['Saddam Salim'],https://legiscan.com/VA/bill/SB1161/2025,0,1,0,1,Pending - Some Exposure,0,0,0,0,0,18,4,7,7
VA,Virginia,HB2554,Artificial Intelligence Transparency Act; established.,1,Introduced,2025,2025-01-11,"Program and documentation, General notice, Labeling/notification",3,AI Governance,['Rozia Henson'],https://legiscan.com/VA/bill/HB2554/2025,0,1,0,1,Pending - Some Exposure,0,0,0,0,0,18,4,7,7
VA,Virginia,HB2692,"Custodial interrogations; false statements to a child prohibited, inauthentic replica documents.",4,Passed,2025,2025-04-02,General notice,1,Children,"['Jackie Glass', 'Nadarius Clark', 'Rae Cousins', 'Marcia Price']",https://legiscan.com/VA/bill/HB2692/2025,0,1,0,1,Moderate Risk,1,0,0,1,0,18,4,7,7
VA,Virginia,HB697,"Synthetic media; use in furtherance of crimes involving fraud, etc., report.",2,Engrossed,2024,2024-02-07,"Program and documentation, Responsible individual",2,Deepfakes; Criminal,"['Michelle Maldonado', 'Irene Shin', 'Bonita Anthony', 'Nadarius Clark', 'Rozia Henson']",https://legiscan.com/VA/bill/HB697/2025,0,0,0,0,Pending - Low Exposure,0,0,0,0,0,18,4,7,7
VA,Virginia,HB2433,Law-enforcement agencies; use of certain technologies and interrogation practices.,1,Introduced,2025,2025-01-08,"Program and documentation, Training",2,General/Other,['Jackie Glass'],https://legiscan.com/VA/bill/HB2433/2025,0,0,0,0,Pending - Low Exposure,0,0,0,0,0,18,4,7,7
VA,Virginia,HB2411,"Consumer Counsel, Division of; expands duties, artificial intelligence fraud and abuse.",1,Introduced,2025,2025-01-08,"Program and documentation, General notice",2,Consumer Protection,['Jackie Glass'],https://legiscan.com/VA/bill/HB2411/2025,0,1,0,1,Pending - Some Exposure,0,0,0,0,0,18,4,7,7
VA,Virginia,SB164,"Virginia Consumer Protection Act; prohibited practices, artificial intelligence disclosure.",1,Introduced,2024,2024-01-07,General notice,1,Consumer Protection,['Bryce Reeves'],https://legiscan.com/VA/bill/SB164/2025,0,1,0,1,Pending - Some Exposure,0,0,0,0,0,18,4,7,7
VA,Virginia,HB2268,"Emerging Technologies, Cybersecurity, and Data Privacy, Division of; established.",1,Introduced,2025,2025-01-07,"Program and documentation, Assessments, General notice",3,Privacy,['Bonita Anthony'],https://legiscan.com/VA/bill/HB2268/2025,0,1,1,2,Pending - High Exposure,0,0,0,0,0,18,4,7,7
VA,Virginia,SB1152,"Nursing homes and certified nursing facilities; professional liability insurance, proof of coverage.",4,Passed,2025,2025-03-21,"Program and documentation, Training, General notice, Nondiscrimination",4,Healthcare,['Mark Obenshain'],https://legiscan.com/VA/bill/SB1152/2025,1,1,0,2,High Risk,0,0,0,0,0,18,4,7,7
VA,Virginia,HB2742,Hospitals; urine drug screening to include testing for fentanyl.,4,Passed,2025,2025-03-21,"Program and documentation, Training",2,Healthcare,"['Irene Shin', 'Chad Green', 'Elizabeth Bennett-Parker', 'Marcia Price']",https://legiscan.com/VA/bill/HB2742/2025,0,0,0,0,Low Risk,0,0,0,0,0,18,4,7,7
VA,Virginia,SJR309,Commending Carlos Del Toro.,4,Passed,2025,2025-02-03,,0,General/Other,"['Bryce Reeves', 'Creigh Deeds', 'Tara Durant', 'Adam Ebbin', 'Jeremy McPike', 'Richard Stuart', 'Scott Surovell', 'Jonathan Arnold', 'Jason Ballard', 'David Bulova', 'Joshua Cole', 'AC Cordoza', 'Michael Feggans', 'Nicholas Freitas', 'Marty Martinez', 'Paul Milde', 'Delores Oates', 'Chris Obenshain', 'David Reid', 'Phillip Scott', 'Anne Ferrell Tata']",https://legiscan.com/VA/bill/SJR309/2025,0,0,0,0,Low Risk,0,0,0,0,0,18,4,7,7
VA,Virginia,SB1484,Hospitals and nursing homes; licensure and inspection fees.,4,Passed,2025,2025-03-21,"Program and documentation, Training",2,Healthcare,"['Kannan Srinivasan', 'Mark Obenshain']",https://legiscan.com/VA/bill/SB1484/2025,0,0,0,0,Low Risk,0,0,0,0,0,18,4,7,7
VA,Virginia,HB2255,Hospitals and nursing homes; licensure and inspection fees.,4,Passed,2025,2025-03-21,"Program and documentation, Training",2,Healthcare,"['Otto Wachsmann', 'Rodney Willett']",https://legiscan.com/VA/bill/HB2255/2025,0,0,0,0,Low Risk,0,0,0,0,0,18,4,7,7
VA,Virginia,SB1260,Hospitals; reports of threats or acts of violence against health care providers.,4,Passed,2025,2025-03-24,"Program and documentation, Assessments, Training, General notice",4,Healthcare,"['Lashrecse Aird', 'Kannan Srinivasan', 'Elizabeth Bennett-Parker', 'Marcia Price']",https://legiscan.com/VA/bill/SB1260/2025,0,1,1,2,High Risk,0,0,0,0,0,18,4,7,7
VA,Virginia,HB2269,Hospitals; reports of threats or acts of violence against health care providers.,4,Passed,2025,2025-03-24,"Program and documentation, Assessments, Training, General notice",4,Healthcare,"['Kathy Tran', 'Nadarius Clark', 'Jackie Glass', 'Dan Helmer', 'Patrick Hope', 'Alfonso Lopez', 'Atoosa Reaser']",https://legiscan.com/VA/bill/HB2269/2025,0,1,1,2,High Risk,0,0,0,0,0,18,4,7,7
VA,Virginia,SB579,Nursing homes and certified nursing facilities; professional liability insurance.,1,Introduced,2024,2024-01-10,"Program and documentation, Training, General notice, Nondiscrimination",4,Healthcare,['Mark Obenshain'],https://legiscan.com/VA/bill/SB579/2025,1,1,0,2,Pending - High Exposure,0,0,0,0,0,18,4,7,7
VA,Virginia,HR506,Commending Aarav Chokshi.,4,Passed,2025,2025-01-27,,0,General/Other,['Michael Feggans'],https://legiscan.com/VA/bill/HR506/2025,0,0,0,0,Low Risk,0,0,0,0,0,18,4,7,7
VA,Virginia,HR513,Commending Andy Yang.,4,Passed,2025,2025-01-27,,0,General/Other,['Michael Feggans'],https://legiscan.com/VA/bill/HR513/2025,0,0,0,0,Low Risk,0,0,0,0,0,18,4,7,7
VA,Virginia,HB886,"Certified nursing facilities; administrative sanctions, facilities subject to minimum standards.",1,Introduced,2024,2024-01-09,Program and documentation,1,Licensing,['Vivian Watts'],https://legiscan.com/VA/bill/HB886/2025,0,0,0,0,Pending - Low Exposure,0,0,0,0,0,18,4,7,7
VA,Virginia,SB775,"Political campaign advertisements; synthetic media, penalty.",5,Vetoed,2025,2025-03-25,"Program and documentation, Labeling/notification",2,Deepfakes; Elections; Criminal,"['Scott Surovell', 'Saddam Salim']",https://legiscan.com/VA/bill/SB775/2025,0,0,0,0,Pending - Low Exposure,0,0,0,0,0,18,4,7,7
VA,Virginia,HB2183,"Abortion; born alive infant, treatment and care, penalty.",1,Introduced,2025,2025-01-07,"Program and documentation, Training",2,Criminal,['Nicholas Freitas'],https://legiscan.com/VA/bill/HB2183/2025,0,0,0,0,Pending - Low Exposure,0,0,0,0,0,18,4,7,7
VA,Virginia,HB2398,"Abortion; born alive infant, treatment and care, penalty.",1,Introduced,2025,2025-01-08,,0,Criminal,"['Tim Griffin', 'Mark Earley', 'Wren Williams']",https://legiscan.com/VA/bill/HB2398/2025,0,0,0,0,Pending - Low Exposure,0,0,0,0,0,18,4,7,7
VA,Virginia,HB1818,School Safety Firearm Detection Software Pilot Program; established.,1,Introduced,2025,2025-01-06,"Program and documentation, Training, General notice",3,Education,['David Reid'],https://legiscan.com/VA/bill/HB1818/2025,0,1,0,1,Pending - Some Exposure,0,0,0,0,0,18,4,7,7
VA,Virginia,HB2465,Va. Ed. & Workforce Data Governing Board & Office of Va. Education & Workforce Data; established.,1,Introduced,2025,2025-01-08,"Program and documentation, Assessments, Responsible individual, General notice",4,Education; Employment,"['Rodney Willett', 'Carrie Coyner']",https://legiscan.com/VA/bill/HB2465/2025,0,1,1,2,Pending - High Exposure,0,0,0,0,0,18,4,7,7
VA,Virginia,HB2468,Advanced registered medication aides; administration of drugs.,4,Passed,2025,2025-03-21,"Program and documentation, Training",2,Healthcare,['Rozia Henson'],https://legiscan.com/VA/bill/HB2468/2025,0,0,0,0,Low Risk,0,0,0,0,0,18,4,7,7
VA,Virginia,HB2535,"Uniform Health Care Decisions Act; created, repeals most provisions of Health Care Decisions Act.",1,Introduced,2025,2025-01-09,"Program and documentation, Opt out/appeal",2,Healthcare,['Patrick Hope'],https://legiscan.com/VA/bill/HB2535/2025,0,0,0,0,Pending - Low Exposure,0,0,0,0,0,18,4,7,7
VA,Virginia,HB2462,"Unauthorized use of name, portrait, etc.; digital replica, civil liability, statute of limitations.",2,Engrossed,2025,2025-01-30,"Program and documentation, Opt out/appeal",2,Digital Content/IP,"['Jackie Glass', 'Nadarius Clark']",https://legiscan.com/VA/bill/HB2462/2025,0,0,0,0,Pending - Low Exposure,0,0,0,0,0,18,4,7,7
VA,Virginia,HB1051,"Public education; dual enrollment and concurrent enrollment, high school graduation.",1,Introduced,2024,2024-01-10,Program and documentation,1,Education,['Amanda Batten'],https://legiscan.com/VA/bill/HB1051/2025,0,0,0,0,Pending - Low Exposure,0,0,0,0,0,18,4,7,7
VA,Virginia,SB563,Regional career and technical education program; establishing in Planning District 2.,2,Engrossed,2024,2024-02-12,"Program and documentation, Assessments",2,Education,['Travis Hackworth'],https://legiscan.com/VA/bill/SB563/2025,0,0,1,1,Pending - Some Exposure,0,0,0,0,0,18,4,7,7
VA,Virginia,HB1555,Health Care Regulatory Sandbox Program established.,1,Introduced,2024,2024-11-19,"Program and documentation, Assessments, General notice",3,Healthcare,['Wren Williams'],https://legiscan.com/VA/bill/HB1555/2025,0,1,1,2,Pending - High Exposure,0,0,0,0,0,18,4,7,7
VA,Virginia,HB2338,"Public education; changes relating to graduation from a public high school, etc.",1,Introduced,2025,2025-01-08,Program and documentation,1,Education,['Amanda Batten'],https://legiscan.com/VA/bill/HB2338/2025,0,0,0,0,Pending - Low Exposure,0,0,0,0,0,18,4,7,7
VA,Virginia,HB1600,Budget Bill.,4,Passed,2025,2025-05-02,,0,Government,['Luke Torian'],https://legiscan.com/VA/bill/HB1600/2025,0,0,0,0,Low Risk,0,0,0,0,0,18,4,7,7
WA,Washington,SB5838,Establishing an artificial intelligence task force.,4,Passed,2024,2024-03-18,"Program and documentation, Assessments, Responsible individual, General notice, Nondiscrimination",5,AI Policy/Task Forces,"['Joe Nguyen', 'Steven Conway', 'Manka Dhingra', 'Noel Frame', 'Robert Hasegawa', 'Samuel Hunt', 'Karen Keiser', 'Patty Kuderer', 'Marko Liias', 'Liz Lovelett', 'John Lovick', 'Ron Muzzall', ""T'wina Nobles"", 'Rebecca Saldana', 'Jesse Salomon', 'Derek Stanford', 'Nikki Torres', 'Javier Valdez', 'Lisa Wellman']",https://legiscan.com/WA/bill/SB5838/2023,1,1,1,3,High Risk,0,0,0,0,0,8,1,6,1
WA,Washington,HB1934,Establishing an artificial intelligence task force.,1,Introduced,2024,2024-01-08,"Program and documentation, Assessments, Responsible individual, General notice, Nondiscrimination",5,AI Policy/Task Forces,"['Travis Couture', 'Vandana Slatter', 'Mike Volz', 'Kevin Waters', 'Skyler Rude', 'Spencer Hutchins', 'Amy Walen', 'Bryan Sandlin', 'Suzanne Schmidt', 'Davina Duerr', 'Bill Ramos', 'Alex Ramel', 'Lisa Callan', 'Shelley Kloba', 'Chipalo Street', 'Brandy Donaghy', 'Greg Cheney', 'Roger Goodman', 'Lillian Ortiz-Self', 'Kristine Reeves', 'Marcus Riccelli', 'Gerry Pollet']",https://legiscan.com/WA/bill/HB1934/2023,1,1,1,3,Pending - High Exposure,0,0,0,0,0,8,1,6,1
WA,Washington,SB6299,Protecting employee rights in the workplace with regards to the use of digital technology.,1,Introduced,2024,2024-01-24,"Program and documentation, General notice, Opt out/appeal",3,Employment,"['Derek Stanford', 'Karen Keiser', 'Steven Conway', 'Robert Hasegawa', 'Patty Kuderer', ""T'wina Nobles"", 'Javier Valdez']",https://legiscan.com/WA/bill/SB6299/2023,0,1,0,1,Pending - Some Exposure,0,0,0,0,0,8,1,6,1
WA,Washington,HB1951,Promoting ethical artificial intelligence by protecting against algorithmic discrimination.,1,Introduced,2024,2024-01-08,"Program and documentation, Assessments, General notice, Developer documentation, Nondiscrimination",5,AI Governance,"['Clyde Shavers', 'Cindy Ryu', 'Alex Ramel', 'Mia Gregerson', 'Nicole Macri', 'Davina Duerr', 'Gerry Pollet']",https://legiscan.com/WA/bill/HB1951/2023,1,1,1,3,Pending - High Exposure,0,0,0,0,0,8,1,6,1
WA,Washington,SB6073,Concerning the use of artificial intelligence language learning models in official court filings.,1,Introduced,2024,2024-01-09,"Program and documentation, General notice",2,AI Governance,"['Mike Padden', 'Patty Kuderer']",https://legiscan.com/WA/bill/SB6073/2023,0,1,0,1,Pending - Some Exposure,0,0,0,0,0,8,1,6,1
WA,Washington,SB5957,Requiring the office of privacy and data protection to develop guidelines for the use of artificial intelligence.,1,Introduced,2024,2024-01-08,"Program and documentation, Training",2,Privacy,"['Matt Boehnke', 'Manka Dhingra', 'Perry Dozier', 'Robert Hasegawa', 'Marko Liias', 'Shelly Short', 'Judith Warnick']",https://legiscan.com/WA/bill/SB5957/2023,0,0,0,0,Pending - Low Exposure,0,0,0,0,0,8,1,6,1
WA,Washington,HB1999,Concerning fabricated intimate or sexually explicit images and depictions.,4,Passed,2024,2024-03-14,Program and documentation,1,Digital Content/IP,"['Tina Orwall', 'Mari Leavitt', 'Cindy Ryu', 'Davina Duerr', 'Bill Ramos', 'Melanie Morgan', 'Jamila Taylor', 'Timm Ormsby', 'Jenny Graham', 'Lisa Callan', 'Alicia Rule', 'Chipalo Street', 'Debra Lekanoff', 'Kristine Reeves', 'Clyde Shavers', 'Lauren Davis']",https://legiscan.com/WA/bill/HB1999/2023,0,0,0,0,Low Risk,0,0,0,0,0,8,1,6,1
WA,Washington,HB1616,Creating a charter of people's personal data rights.,1,Introduced,2023,2023-01-26,"Program and documentation, Assessments, General notice, Explanation/incident reporting, Opt out/appeal, Nondiscrimination",6,Privacy,"['Shelley Kloba', 'Carolyn Eslick', 'Mary Fosse', 'Gerry Pollet']",https://legiscan.com/WA/bill/HB1616/2023,1,1,1,3,Pending - High Exposure,0,0,0,0,0,8,1,6,1
WA,Washington,SB5643,Creating a charter of people's personal data rights.,1,Introduced,2023,2023-01-31,"Program and documentation, Assessments, General notice, Opt out/appeal, Nondiscrimination",5,Privacy,"['Robert Hasegawa', 'Samuel Hunt', 'Claudia Kauffman', 'Patty Kuderer', 'Liz Lovelett', ""T'wina Nobles"", 'Claire Wilson']",https://legiscan.com/WA/bill/SB5643/2023,1,1,1,3,Pending - High Exposure,0,0,0,0,0,8,1,6,1
WA,Washington,HJM4005,Affirming Washington's commitment to the Blueprint for an AI Bill of Rights.,1,Introduced,2024,2024-01-15,"Program and documentation, General notice, Opt out/appeal, Nondiscrimination",4,General/Other,"['Kristine Reeves', 'Cindy Ryu', 'Melanie Morgan', 'Clyde Shavers', 'Amy Walen']",https://legiscan.com/WA/bill/HJM4005/2023,1,1,0,2,Pending - High Exposure,0,0,0,0,0,8,1,6,1
WA,Washington,SB5962,Concerning fabricated intimate or sexually explicit images and depictions.,1,Introduced,2024,2024-01-08,Program and documentation,1,Digital Content/IP,"['Mark Mullet', 'John Braun', 'Manka Dhingra', 'Jamie Pedersen', 'Judith Warnick']",https://legiscan.com/WA/bill/SB5962/2023,0,0,0,0,Pending - Low Exposure,0,0,0,0,0,8,1,6,1
WA,Washington,SB6184,Concerning deepfake artificial intelligence-generated pornographic material involving minors.,1,Introduced,2024,2024-01-11,Program and documentation,1,Deepfakes; Children,"['Anna Rivers', 'Matt Boehnke', 'John Braun', 'Robert Hasegawa', 'Jeff Wilson', 'Lynda Wilson']",https://legiscan.com/WA/bill/SB6184/2023,0,0,0,0,Pending - Low Exposure,1,0,0,1,0,8,1,6,1
WA,Washington,HB2360,Creating the Washington digital empowerment and workforce inclusion act.,1,Introduced,2024,2024-01-15,"Program and documentation, Assessments, Responsible individual, General notice, Nondiscrimination",5,Employment,"['Vandana Slatter', 'Mia Gregerson', 'Melanie Morgan', 'Mari Leavitt', 'Liz Berry', 'Lauren Davis', 'Greg Nance', 'Julia Reed', 'Alex Ramel', 'Tarra Simmons', 'Dave Paul', 'Timm Ormsby', 'Gerry Pollet']",https://legiscan.com/WA/bill/HB2360/2023,1,1,1,3,Pending - High Exposure,0,0,0,0,0,8,1,6,1
WA,Washington,SB5356,"Establishing guidelines for government procurement and use of automated decision systems in order to protect consumers, improve transparency, and create more market predictability.",1,Introduced,2023,2023-01-13,"Program and documentation, Assessments, Training, Responsible individual, General notice, Explanation/incident reporting, Third-party review, Opt out/appeal, Nondiscrimination",9,Government,"['Robert Hasegawa', 'Samuel Hunt', 'Karen Keiser', 'Liz Lovelett', 'Rebecca Saldana', 'Derek Stanford', 'Javier Valdez', 'Jeff Wilson']",https://legiscan.com/WA/bill/SB5356/2023,1,1,1,3,Pending - High Exposure,0,1,0,1,0,8,1,6,1
WA,Washington,HB1141,Making 2021-2023 fiscal biennium second supplemental operating appropriations.,1,Introduced,2023,2023-01-09,"Program and documentation, General notice, Registration, Opt out/appeal",4,Government,"['Timm Ormsby', 'Mia Gregerson', 'Nicole Macri', 'Debra Lekanoff', 'Steve Bergquist']",https://legiscan.com/WA/bill/HB1141/2023,0,1,0,1,Pending - Some Exposure,0,0,0,0,0,8,1,6,1
WA,Washington,SB5188,Making 2021-2023 fiscal biennium second supplemental operating appropriations.,1,Introduced,2023,2023-01-09,"Program and documentation, General notice, Registration, Opt out/appeal",4,Government,"['Christine Rolfes', 'June Robinson', 'Joe Nguyen']",https://legiscan.com/WA/bill/SB5188/2023,0,1,0,1,Pending - Some Exposure,0,0,0,0,0,8,1,6,1
WA,Washington,HB1147,Concerning the capital budget.,1,Introduced,2023,2023-01-09,"Program and documentation, General notice, Registration, Opt out/appeal",4,Government,"['Steve Tharinger', 'Mari Leavitt', 'Lisa Callan', 'Sharon Wylie']",https://legiscan.com/WA/bill/HB1147/2023,0,1,0,1,Pending - Some Exposure,0,0,0,0,0,8,1,6,1
WA,Washington,SB5200,Concerning the capital budget.,4,Passed,2023,2023-05-16,"Program and documentation, General notice, Registration, Opt out/appeal",4,Government,"['Mark Mullet', 'Mark Schoesler', 'Joe Nguyen']",https://legiscan.com/WA/bill/SB5200/2023,0,1,0,1,Moderate Risk,0,0,0,0,0,8,1,6,1
WA,Washington,SB5187,Revised for 1st Substitute: Making 2023-2025 fiscal biennium operating appropriations and 2021-2023 fiscal biennium second supplemental operating appropriations.Original: Making 2023-2025 fiscal biennium operating appropriations.,4,Passed,2023,2023-05-16,"Program and documentation, General notice, Registration, Opt out/appeal",4,Government,"['Christine Rolfes', 'June Robinson', 'Joe Nguyen']",https://legiscan.com/WA/bill/SB5187/2023,0,1,0,1,Moderate Risk,0,0,0,0,0,8,1,6,1
WA,Washington,SB5950,Making 2023-2025 fiscal biennium supplemental operating appropriations.,4,Passed,2024,2024-03-29,"Program and documentation, General notice, Registration, Opt out/appeal",4,Government,"['June Robinson', ""T'wina Nobles"", 'Yasmin Trudeau']",https://legiscan.com/WA/bill/SB5950/2023,0,1,0,1,Moderate Risk,0,0,0,0,0,8,1,6,1
WA,Washington,HB1140,Revised for 1st Substitute: Making 2023-2025 fiscal biennium operating appropriations and 2021-2023 fiscal biennium second supplemental operating appropriations.Original: Making 2023-2025 fiscal biennium operating appropriations.,1,Introduced,2023,2023-01-09,"Program and documentation, General notice, Registration, Opt out/appeal",4,Government,"['Timm Ormsby', 'Mia Gregerson', 'Nicole Macri', 'Debra Lekanoff', 'Steve Bergquist']",https://legiscan.com/WA/bill/HB1140/2023,0,1,0,1,Pending - Some Exposure,0,0,0,0,0,8,1,6,1
WA,Washington,HB2104,Making 2023-2025 fiscal biennium supplemental operating appropriations.,1,Introduced,2024,2024-01-08,"Program and documentation, General notice, Registration, Opt out/appeal",4,Government,"['Timm Ormsby', 'Steve Bergquist', 'Nicole Macri', 'Tina Orwall', 'Kristine Reeves']",https://legiscan.com/WA/bill/HB2104/2023,0,1,0,1,Pending - Some Exposure,0,0,0,0,0,8,1,6,1
WA,Washington,HB1833,Creating an artificial intelligence grant program.,2,Engrossed,2025,2025-03-05,"Program and documentation, Assessments, Responsible individual, General notice, Nondiscrimination",5,General/Other,"['Michael Keaton', 'Stephanie Barnard', 'Joshua Penner', 'Carolyn Eslick', 'Osman Salahuddin']",https://legiscan.com/WA/bill/HB1833/2025,1,1,1,3,Pending - High Exposure,0,0,0,0,0,8,1,6,1
WA,Washington,HB1942,Promoting the economic development of innovative uses of artificial intelligence.,1,Introduced,2025,2025-02-11,"Program and documentation, Assessments, Responsible individual, General notice, Explanation/incident reporting, Nondiscrimination",6,General/Other,"['Michael Keaton', 'Stephanie Barnard', 'Osman Salahuddin', 'Mike Volz']",https://legiscan.com/WA/bill/HB1942/2025,1,1,1,3,Pending - High Exposure,0,0,0,0,0,8,1,6,1
WA,Washington,HB1168,Increasing transparency in artificial intelligence.,1,Introduced,2025,2025-01-13,"Program and documentation, Developer documentation",2,AI Governance,"['Clyde Shavers', 'Jamila Taylor', 'Cindy Ryu', 'Mary Fosse']",https://legiscan.com/WA/bill/HB1168/2025,0,0,0,0,Pending - Low Exposure,0,0,0,0,0,8,1,6,1
WA,Washington,HB1170,Informing users when content is developed or modified by artificial intelligence.,1,Introduced,2025,2025-01-13,"Program and documentation, Labeling/notification, Explanation/incident reporting",3,General/Other,"['Clyde Shavers', 'Jamila Taylor', 'Cindy Ryu', 'Alex Ramel', 'Mary Fosse', 'Sharon Wylie', 'Gerry Pollet', 'Timm Ormsby', 'Natasha Hill']",https://legiscan.com/WA/bill/HB1170/2025,0,0,0,0,Pending - Low Exposure,0,0,0,0,0,8,1,6,1
WA,Washington,SB5395,Making improvements to transparency and accountability in the prior authorization determination process.,1,Introduced,2025,2025-01-21,"Program and documentation, Assessments, General notice, Nondiscrimination",4,Healthcare,"['Tina Orwall', 'Ron Muzzall', 'Robert Hasegawa', 'Liz Lovelett', ""T'wina Nobles"", 'Vandana Slatter']",https://legiscan.com/WA/bill/SB5395/2025,1,1,1,3,Pending - High Exposure,0,0,0,0,0,8,1,6,1
WA,Washington,HB1566,Making improvements to transparency and accountability in the prior authorization determination process.,1,Introduced,2025,2025-01-24,"Program and documentation, Assessments, General notice, Explanation/incident reporting, Third-party review, Nondiscrimination",6,Healthcare,"['Alicia Rule', 'Matt Marshall', 'Clyde Shavers', 'Gerry Pollet', 'Shelley Kloba']",https://legiscan.com/WA/bill/HB1566/2025,1,1,1,3,Pending - High Exposure,0,0,0,0,0,8,1,6,1
WA,Washington,HB1622,Allowing bargaining over matters related to the use of artificial intelligence.,2,Engrossed,2025,2025-03-08,Program and documentation,1,General/Other,"['Lisa Parshley', 'Beth Doglio', 'Mary Fosse', 'Alex Ramel', 'Lillian Ortiz-Self', 'Steve Bergquist', 'Travis Couture', 'Joe Timmons', 'Edwin Obras', 'Julia Reed', 'Dan Bronoske', 'Adam Bernbaum', 'Sam Low', 'Greg Nance', 'Suzanne Schmidt', 'Tarra Simmons', 'Julio Cortes', 'Monica Stonier', 'Darya Farivar', 'Shaun Scott', 'Strom Peterson', 'Nicole Macri', 'Dave Paul', 'Sharlett Mena', 'Steve Tharinger', 'Chris Stearns', 'Liz Berry', 'Brandy Donaghy', 'Mia Gregerson', 'Jamila Taylor', 'Roger Goodman', 'Natasha Hill', 'Shelley Kloba', 'Joe Fitzgibbon', 'Osman Salahuddin', 'Michelle Caldier', 'My-Linh Thai', 'Jake Fey', 'Lauren Davis', 'Clyde Shavers', 'Sharon Santos', 'Victoria Hunt', 'Daniel Griffey', 'Adison Richards', 'Davina Duerr', 'Janice Zahn', 'Brianna Thomas']",https://legiscan.com/WA/bill/HB1622/2025,0,0,0,0,Pending - Low Exposure,0,0,0,0,0,8,1,6,1
WA,Washington,SB5422,Revised for 1st Substitute: Allowing bargaining over matters related to certain uses of artificial intelligence.,1,Introduced,2025,2025-01-22,Program and documentation,1,General/Other,"['Jessica Bateman', 'Steven Conway', 'Mike Chapman', 'Annette Cleveland', 'Noel Frame', 'Robert Hasegawa', ""T'wina Nobles"", 'Tina Orwall', 'Rebecca Saldana', 'Jesse Salomon', 'Derek Stanford', 'Yasmin Trudeau', 'Javier Valdez']",https://legiscan.com/WA/bill/SB5422/2025,0,0,0,0,Pending - Low Exposure,0,0,0,0,0,8,1,6,1
WA,Washington,SB5105,Revised for 1st Substitute: Concerning sexually explicit depictions of minors.,2,Engrossed,2025,2025-02-05,Program and documentation,1,Children,"['Tina Orwall', 'Leonard Christian', 'Manka Dhingra', ""T'wina Nobles"", 'Jesse Salomon', 'Lisa Wellman', 'Claire Wilson']",https://legiscan.com/WA/bill/SB5105/2025,0,0,0,0,Pending - Low Exposure,1,0,0,1,0,8,1,6,1
WA,Washington,HB1169,Concerning offenses involving fabricated depictions of minors.,1,Introduced,2025,2025-01-13,Program and documentation,1,Criminal; Children,"['Mari Leavitt', 'Cindy Ryu', 'Liz Berry', 'Dan Bronoske', 'Gerry Pollet', 'Timm Ormsby', 'Natasha Hill']",https://legiscan.com/WA/bill/HB1169/2025,0,0,0,0,Pending - Low Exposure,1,0,0,1,0,8,1,6,1
WA,Washington,HB1672,Addressing technology used by employers in the workplace.,1,Introduced,2025,2025-01-28,"Program and documentation, Assessments, General notice, Explanation/incident reporting, Opt out/appeal, Nondiscrimination",6,Employment,"['Shelley Kloba', 'Monica Stonier', 'Mary Fosse', 'Beth Doglio', 'Lisa Parshley', 'Liz Berry', 'Julia Reed', 'Julio Cortes', 'Dan Bronoske', 'Cindy Ryu', 'Alex Ramel', 'Shaun Scott', 'Jamila Taylor', 'Tarra Simmons']",https://legiscan.com/WA/bill/HB1672/2025,1,1,1,3,Pending - High Exposure,0,0,0,0,0,8,1,6,1
WA,Washington,SB5227,Concerning offenses involving child sex dolls.,1,Introduced,2025,2025-01-13,,0,Criminal; Children,"['Tina Orwall', 'Jeff Holy']",https://legiscan.com/WA/bill/SB5227/2025,0,0,0,0,Pending - Low Exposure,1,0,0,1,0,8,1,6,1
WA,Washington,SB5094,Concerning sexually explicit depictions of minors.,1,Introduced,2025,2025-01-13,Program and documentation,1,Children,"['Manka Dhingra', 'Keith Wagoner', 'Jeff Holy', 'Jesse Salomon', 'Lisa Wellman', 'Yasmin Trudeau', 'Annette Cleveland', 'Jessica Bateman', 'Claire Wilson', 'Mike Chapman', ""T'wina Nobles"", 'Tina Orwall', 'Javier Valdez']",https://legiscan.com/WA/bill/SB5094/2025,0,0,0,0,Pending - Low Exposure,1,0,0,1,0,8,1,6,1
WA,Washington,HB1481,Concerning the commercial liftoff for energy from advanced nuclear study.,1,Introduced,2025,2025-01-21,"Assessments, Third-party review",2,Infrastructure,"['Stephanie Barnard', 'Greg Nance']",https://legiscan.com/WA/bill/HB1481/2025,0,0,1,1,Pending - Some Exposure,0,0,0,0,0,8,1,6,1
WA,Washington,HB1249,Creating the commercial liftoff for energy from advanced nuclear advisory commission.,1,Introduced,2025,2025-01-13,Program and documentation,1,AI Policy/Task Forces,"['Stephanie Barnard', 'Chris Stearns', 'Travis Couture', 'Skyler Rude', 'Michael Keaton']",https://legiscan.com/WA/bill/HB1249/2025,0,0,0,0,Pending - Low Exposure,0,0,0,0,0,8,1,6,1
WA,Washington,HB2029,Concerning recognition of legal personhood by a governmental entity.,1,Introduced,2025,2025-02-27,Program and documentation,1,Government,"['Hunter Abell', 'Chris Corry', 'Rob Chase', 'John Ley', 'Matt Marshall', 'Jim Walsh', 'Jeremie Dufault']",https://legiscan.com/WA/bill/HB2029/2025,0,0,0,0,Pending - Low Exposure,0,0,0,0,0,8,1,6,1
WA,Washington,SR8651,"Supporting science, scientific research, and evidence-based decision making.",4,Passed,2025,2025-04-18,Program and documentation,1,General/Other,"['Vandana Slatter', 'Paul Harris', 'Annette Cleveland', 'Adrian Cortes', 'Robert Hasegawa', 'Deborah Krishnadasan', 'Liz Lovelett', 'Tina Orwall', 'Sharon Shewmake', 'Derek Stanford', 'Yasmin Trudeau', 'Javier Valdez', 'Lisa Wellman', 'Steven Conway', 'Judith Warnick']",https://legiscan.com/WA/bill/SR8651/2025,0,0,0,0,Low Risk,0,0,0,0,0,8,1,6,1
WA,Washington,HB1281,Making technical corrections and removing obsolete language from the Revised Code of Washington pursuant to RCW 1.08.025.,4,Passed,2025,2025-04-16,"Program and documentation, General notice, Registration, Opt out/appeal",4,General/Other,"['Roger Goodman', 'Tarra Simmons', 'Natasha Hill']",https://legiscan.com/WA/bill/HB1281/2025,0,1,0,1,Moderate Risk,0,0,0,0,0,8,1,6,1
WA,Washington,HB1197,Making 2023-2025 fiscal biennium second supplemental operating appropriations.,1,Introduced,2025,2025-01-13,"Program and documentation, General notice, Registration, Opt out/appeal",4,Government,"['Timm Ormsby', 'Mia Gregerson', 'Nicole Macri', 'Sharon Wylie']",https://legiscan.com/WA/bill/HB1197/2025,0,1,0,1,Pending - Some Exposure,0,0,0,0,0,8,1,6,1
WA,Washington,SB5166,Making 2023-2025 fiscal biennium second supplemental operating appropriations.,1,Introduced,2025,2025-01-13,"Program and documentation, General notice, Registration, Opt out/appeal",4,Government,"['June Robinson', ""T'wina Nobles""]",https://legiscan.com/WA/bill/SB5166/2025,0,1,0,1,Pending - Some Exposure,0,0,0,0,0,8,1,6,1
WA,Washington,SB5167,Revised for 1st substitute: Making 2025-2027 fiscal biennium operating appropriations and 2023-2025 fiscal biennium second supplemental operating appropriations.,4,Passed,2025,2025-05-20,"Program and documentation, General notice, Registration, Opt out/appeal",4,Government,"['June Robinson', ""T'wina Nobles""]",https://legiscan.com/WA/bill/SB5167/2025,0,1,0,1,Moderate Risk,0,0,0,0,0,8,1,6,1
WA,Washington,SB5810,Making 2025-2027 fiscal biennium operating appropriations and 2023-2025 fiscal biennium second supplemental operating appropriations.,1,Introduced,2025,2025-04-15,"Program and documentation, General notice, Registration, Opt out/appeal",4,Government,"['Chris Gildon', 'Nikki Torres', 'Matt Boehnke', 'Leonard Christian', 'Phil Fortunato', 'Keith Goehner', 'Jeff Holy', 'Drew MacEwen', 'Mark Schoesler', 'Shelly Short', 'Keith Wagoner', 'Judith Warnick']",https://legiscan.com/WA/bill/SB5810/2025,0,1,0,1,Pending - Some Exposure,0,0,0,0,0,8,1,6,1
WA,Washington,HB1198,Revised for 1st Substitute: Making 2025-2027 fiscal biennium operating appropriations and 2023-2025 fiscal biennium second supplemental operating appropriations.,1,Introduced,2025,2025-01-13,"Program and documentation, General notice, Registration, Opt out/appeal",4,Government,"['Timm Ormsby', 'Mia Gregerson', 'Nicole Macri']",https://legiscan.com/WA/bill/HB1198/2025,0,1,0,1,Pending - Some Exposure,0,0,0,0,0,8,1,6,1
WV,West Virginia,HB3214,To create the Road Optimization & Assessment Data (ROAD) Pilot Project,4,Passed,2023,2023-05-01,"Program and documentation, Assessments",2,General/Other,"['Moore Capito', 'Clay Riley', 'John Williams', 'Kayla Young', 'Erikka Storch', 'Roland Jennings']",https://legiscan.com/WV/bill/HB3214/2023,0,0,1,1,Moderate Risk,0,0,0,0,0,7,2,2,3
WV,West Virginia,HB3306,Relating to the organizational structure of the Office of Drug Control Policy,4,Passed,2023,2023-05-01,"Program and documentation, Responsible individual",2,Healthcare,"['Amy Summers', 'Heather Tully', 'Scot Heckert']",https://legiscan.com/WV/bill/HB3306/2023,0,0,0,0,Low Risk,0,0,0,0,0,7,2,2,3
WV,West Virginia,HB5690,Creating a West Virginia Task Force on Artificial Intelligence,4,Passed,2024,2024-04-22,"Program and documentation, Assessments, Nondiscrimination",3,AI Policy/Task Forces,"['Jarred Cannon', 'Jordan Maynor', 'Elias Coop-Gonzalez', 'Laura Kimble', 'Jeffrey Stephens']",https://legiscan.com/WV/bill/HB5690/2024,1,0,1,2,High Risk,0,0,0,0,0,7,2,2,3
WV,West Virginia,HB5490,To create an AI Task Force,1,Introduced,2024,2024-02-06,"Program and documentation, Assessments, Nondiscrimination",3,AI Policy/Task Forces,"['Kayla Young', 'Jarred Cannon', 'Roger Hanshaw', 'Jordan Maynor', 'Matthew Rohrbach', 'Jeff Campbell', 'Daniel Linville', 'Andy Shamblin', 'Jeffrey Stephens', 'Elias Coop-Gonzalez', 'Jimmy Willis']",https://legiscan.com/WV/bill/HB5490/2024,1,0,1,2,Pending - High Exposure,0,0,0,0,0,7,2,2,3
WV,West Virginia,SB741,"Prohibiting creation, production, distribution or possession of artificially generated child pornography",2,Engrossed,2024,2024-02-20,Program and documentation,1,Children,"['Amy Nichole Grady', 'Ryan Weld', 'Charles Trump', 'Laura Wakim Chapman', 'Mike Woelfel', 'Vince Deeds', 'Randy Smith', 'Robert Plymale', 'Robert Karnes', 'Mike Stuart', 'Mark Hunt']",https://legiscan.com/WV/bill/SB741/2024,0,0,0,0,Pending - Low Exposure,1,0,0,1,0,7,2,2,3
WV,West Virginia,HR3,Creating a Select Committee on Artificial Intelligence,4,Passed,2024,2024-01-10,Program and documentation,1,AI Policy/Task Forces,['Roger Hanshaw'],https://legiscan.com/WV/bill/HR3/2024,0,0,0,0,Low Risk,0,0,0,0,0,7,2,2,3
WV,West Virginia,HB5516,Relating to criminalizing the use of deep fakes,2,Engrossed,2024,2024-02-27,Program and documentation,1,Criminal,"['Jarred Cannon', 'Laura Kimble', 'Jonathan Pinson', 'Josh Holstein', 'Jordan Maynor', 'Adam Burkhammer', 'Geno Chiarelli', 'David Kelly', 'Kayla Young', 'Wayne Clark', 'James Akers']",https://legiscan.com/WV/bill/HB5516/2024,0,0,0,0,Pending - Low Exposure,0,0,0,0,0,7,2,2,3
WV,West Virginia,HB5443,Clarifying that electronic data processing services are to be included in the valuation of specialized high-technology property,2,Engrossed,2024,2024-02-15,Program and documentation,1,General/Other,"['Jarred Cannon', 'Daniel Linville', 'Bob Fehrenbacher', 'Clay Riley', 'Trenton Barnhart', 'Joey Garcia', 'Jordan Maynor', 'Lori Dittman', 'Matthew Rohrbach', 'Gary Howell', 'Josh Holstein']",https://legiscan.com/WV/bill/HB5443/2024,0,0,0,0,Pending - Low Exposure,0,0,0,0,0,7,2,2,3
WV,West Virginia,HB5161,To create a “digital wallet” to keep all certifications/licensure accrued by the person in one place,2,Engrossed,2024,2024-02-12,Program and documentation,1,Licensing,"['Jimmy Willis', 'Josh Holstein', 'Geno Chiarelli', 'Kayla Young', 'John Williams', 'Trenton Barnhart', 'Jarred Cannon', 'Joey Garcia', 'Roger Hanshaw', 'Evan Worrell', 'Laura Kimble']",https://legiscan.com/WV/bill/HB5161/2024,0,0,0,0,Pending - Low Exposure,0,0,0,0,0,7,2,2,3
WV,West Virginia,HB4963,Prohibiting the use of deep fake technology to influence an election,2,Engrossed,2024,2024-02-27,"Program and documentation, Explanation/incident reporting, Opt out/appeal",3,Elections,"['Josh Holstein', 'Daniel Linville', 'Kayla Young', 'Geno Chiarelli', 'Jimmy Willis', 'Rick Hillenbrand']",https://legiscan.com/WV/bill/HB4963/2024,0,0,0,0,Pending - Low Exposure,0,0,0,0,0,7,2,2,3
WV,West Virginia,HB4274,Renaming the Department of Health and Human Resources,4,Passed,2024,2024-04-22,"Program and documentation, General notice, Registration, Opt out/appeal",4,Healthcare,"['Amy Summers', 'Heather Tully', 'Matthew Rohrbach', 'Bob Fehrenbacher', 'Michael Hite']",https://legiscan.com/WV/bill/HB4274/2024,0,1,0,1,Moderate Risk,0,0,0,0,0,7,2,2,3
WV,West Virginia,SB421,Renaming Department of Health and Human Resources,1,Introduced,2024,2024-01-12,"Program and documentation, General notice, Registration, Opt out/appeal",4,Healthcare,"['Vince Deeds', 'Amy Nichole Grady', 'Robert Plymale', 'Tom Takubo', 'Jack Woodrum', 'Mike Stuart', 'Michael Maroney']",https://legiscan.com/WV/bill/SB421/2024,0,1,0,1,Pending - Some Exposure,0,0,0,0,0,7,2,2,3
WV,West Virginia,HB3187,Relating to the West Virginia Task Force on Artificial Intelligence,4,Passed,2025,2025-04-25,"Program and documentation, Assessments, Nondiscrimination",3,AI Policy/Task Forces,"['Jarred Cannon', 'Roger Hanshaw', 'Jordan Maynor', 'Daniel Linville', 'Michael Hornby', 'Matthew Rohrbach', 'Laura Kimble', 'Josh Holstein', 'Clay Riley', 'Kayla Young']",https://legiscan.com/WV/bill/HB3187/2025,1,0,1,2,High Risk,0,0,0,0,0,7,2,2,3
WV,West Virginia,HCR94,Requesting a study regarding the creating of an artificial intelligence elective course to be offered in high schools,1,Introduced,2025,2025-03-18,"Program and documentation, Assessments",2,Education,"['Jarred Cannon', 'Josh Holstein', 'Matthew Rohrbach', 'Clay Riley', 'Jordan Maynor', 'Roger Hanshaw', 'Daniel Linville', 'Michael Hornby', 'Geno Chiarelli', 'Joe Funkhouser', 'George Street']",https://legiscan.com/WV/bill/HCR94/2025,0,0,1,1,Pending - Some Exposure,0,0,0,0,0,7,2,2,3
WV,West Virginia,SB484,Relating to disclosures and penalties associated with use of synthetic media and artificial intelligence,1,Introduced,2025,2025-02-14,"Program and documentation, Labeling/notification",2,Deepfakes,"['Jack Woodrum', 'Mike Oliverio', 'Vince Deeds']",https://legiscan.com/WV/bill/SB484/2025,0,0,0,0,Pending - Low Exposure,0,0,0,0,0,7,2,2,3
WV,West Virginia,SB688,Providing for 4th Amendment Restoration Act,1,Introduced,2025,2025-03-04,"Program and documentation, Assessments, Training, Responsible individual, General notice, Opt out/appeal, Nondiscrimination",7,General/Other,"['Chris Rose', 'Darren Thorne', 'Patricia Rucker', 'Tom Willis', 'Craig Hart']",https://legiscan.com/WV/bill/SB688/2025,1,1,1,3,Pending - High Exposure,0,0,0,0,0,7,2,2,3
WV,West Virginia,SB198,"Prohibiting creation, production, distribution, or possession of artificially generated child pornography",4,Passed,2025,2025-04-24,Program and documentation,1,Children,"['Amy Nichole Grady', 'Vince Deeds']",https://legiscan.com/WV/bill/SB198/2025,0,0,0,0,Low Risk,1,0,0,1,0,7,2,2,3
WV,West Virginia,HB2431,Fourth Amendment Restoration Act,1,Introduced,2025,2025-02-17,"Program and documentation, Opt out/appeal",2,General/Other,"['Chris Anders', 'Lisa White', 'Elias Coop-Gonzalez', 'Larry Kump', 'Laura Kimble', 'Mark Dean', 'Jordan Bridges']",https://legiscan.com/WV/bill/HB2431/2025,0,0,0,0,Pending - Low Exposure,0,0,0,0,0,7,2,2,3
WV,West Virginia,HB3264,Relating to the ad valorem property valuation of specialized high-technology property,1,Introduced,2025,2025-03-07,Program and documentation,1,General/Other,"['Daniel Linville', 'Jarred Cannon', 'James Akers']",https://legiscan.com/WV/bill/HB3264/2025,0,0,0,0,Pending - Low Exposure,0,0,0,0,0,7,2,2,3
WV,West Virginia,SB699,Protecting environment and humans from geo-engineering experiments,1,Introduced,2025,2025-03-05,"Program and documentation, General notice",2,General/Other,"['Jack Woodrum', 'Darren Thorne', 'Patricia Rucker', 'Chris Rose']",https://legiscan.com/WV/bill/SB699/2025,0,1,0,1,Pending - Some Exposure,0,0,0,0,0,7,2,2,3
WV,West Virginia,SB818,Power Generation and Consumption Act of 2025,1,Introduced,2025,2025-03-19,"Program and documentation, Responsible individual, General notice",3,Infrastructure,"['Randy Smith', 'Mike Woelfel']",https://legiscan.com/WV/bill/SB818/2025,0,1,0,1,Pending - Some Exposure,0,0,0,0,0,7,2,2,3
WV,West Virginia,HB3323,To expand the Law-Enforcement-Assisted Diversion program to include felonies in circuit court,1,Introduced,2025,2025-03-12,"Program and documentation, General notice",2,Legal/Judicial,"['Scot Heckert', 'Thomas Clark', 'Keith Marple', 'Bob Fehrenbacher', 'Trenton Barnhart', 'Mike Devault', 'Phil Mallow', 'Adam Vance', 'Dana Ferrell', 'Larry Kump', 'Charles Sheedy']",https://legiscan.com/WV/bill/HB3323/2025,0,1,0,1,Pending - Some Exposure,0,0,0,0,0,7,2,2,3
WV,West Virginia,HCR99,Resolution to study policies aimed at preventing financial fraud and scams,1,Introduced,2025,2025-04-09,"Program and documentation, Assessments",2,Financial,"['David Kelly', 'James Akers', 'Michael Amos', 'Chris Anders', 'Trenton Barnhart', 'Jeff Campbell', 'David Cannon', 'Denny Canterbury', 'Roy Cooper', 'Vernon Criss', 'Mike Devault', 'Lori Dittman', 'Sarah Drennan', 'Jeff Eldridge', 'Joe Ellington', 'Bob Fehrenbacher', 'Dana Ferrell', 'Marty Gearheart', 'Walter Hall', 'Michael Hite', 'Chuck Horst', 'John Paul Hott', 'Tresa Howell', 'Dean Jeffries', 'Roland Jennings', 'Laura Kimble', 'Jonathan Kyle', 'Tristan Leavitt', 'Phil Mallow', 'Jordan Maynor', 'Margitta Mazzocchi', 'Pat McGeehan', 'Erica Moore', 'Joe Parsons', 'Mickey Petitto', 'Chris Phillips', 'Jonathan Pinson', 'Bill Ridenour', 'Clay Riley', 'Matthew Rohrbach', 'Andy Shamblin', 'Charles Sheedy', 'Doug Smith', 'Joseph Statler', 'Adam Vance', 'Evan Worrell']",https://legiscan.com/WV/bill/HCR99/2025,0,0,1,1,Pending - Some Exposure,0,0,0,0,0,7,2,2,3
WV,West Virginia,HB2014,Certified Microgrid Program,4,Passed,2025,2025-04-12,"Program and documentation, Responsible individual, General notice",3,Infrastructure,"['Roger Hanshaw', 'Clay Riley', 'Bob Fehrenbacher', 'William Anderson', 'Mark Zatezalo', 'James Akers', 'Sean Hornbuckle']",https://legiscan.com/WV/bill/HB2014/2025,0,1,0,1,Moderate Risk,0,0,0,0,0,7,2,2,3
WV,West Virginia,SB857,Establishing economic incentives for data centers to locate within state,1,Introduced,2025,2025-03-20,Program and documentation,1,Infrastructure,['Brian Helton'],https://legiscan.com/WV/bill/SB857/2025,0,0,0,0,Pending - Low Exposure,0,0,1,1,0,7,2,2,3
WV,West Virginia,SB583,Establishing economic incentives for data centers to locate within state,1,Introduced,2025,2025-02-24,Program and documentation,1,Infrastructure,"['Brian Helton', 'Randy Smith', 'Scott Fuller', 'Patrick Martin', 'Rupert Phillips', 'Chris Rose', 'Patricia Rucker', 'Jay Taylor', 'Tom Willis', 'Darren Thorne', 'Rollan Roberts', 'Mike Woelfel']",https://legiscan.com/WV/bill/SB583/2025,0,0,0,0,Pending - Low Exposure,0,0,1,1,0,7,2,2,3
WV,West Virginia,HB3137,Relating to establishing economic incentives for data centers to locate within the state,1,Introduced,2025,2025-03-04,Program and documentation,1,Infrastructure,"['Marty Gearheart', 'Josh Holstein', 'Eric Brooks', 'David Green', 'Jordan Bridges', 'Jordan Maynor', 'Jimmy Willis', 'Roy Cooper', 'Geno Chiarelli', 'Ryan Browning', 'Mark Dean']",https://legiscan.com/WV/bill/HB3137/2025,0,0,0,0,Pending - Low Exposure,0,0,1,1,0,7,2,2,3
WV,West Virginia,SB426,Dissolving PEIA and converting to employer-owned mutual insurance company,1,Introduced,2025,2025-02-13,Program and documentation,1,Healthcare,['Jay Taylor'],https://legiscan.com/WV/bill/SB426/2025,0,0,0,0,Pending - Low Exposure,0,0,0,0,0,7,2,2,3
WI,Wisconsin,SB1010,Use of artificial intelligence by state agencies and staff reduction goals. (FE),6,Failed,2024,2024-04-15,"Program and documentation, Assessments, Explanation/incident reporting, Third-party review",4,Government,"['Rachael Cabral-Guevara', 'Nate Gustafson', 'Scott Allen', 'Janel Brandtjen']",https://legiscan.com/WI/bill/SB1010/2023,0,0,1,1,Pending - Some Exposure,0,0,0,0,0,1,0,1,0
WI,Wisconsin,AB1068,Use of artificial intelligence by state agencies and staff reduction goals. (FE),6,Failed,2024,2024-04-15,"Program and documentation, Assessments, Explanation/incident reporting, Third-party review",4,Government,"['Nate Gustafson', 'Dave Maxey', 'Adam Neylon', 'Shannon Zimmerman', 'Scott Allen', 'Janel Brandtjen', 'Rachael Cabral-Guevara']",https://legiscan.com/WI/bill/AB1068/2023,0,0,1,1,Pending - Some Exposure,0,0,0,0,0,1,0,1,0
WI,Wisconsin,AB664,"Disclosures regarding content generated by artificial intelligence in political advertisements, granting rule-making authority, and providing a penalty. (FE)",4,Passed,2024,2024-03-21,"Program and documentation, Labeling/notification",2,Elections; Criminal,"['Adam Neylon', 'Clinton Anderson', 'Jimmy Anderson', 'David Armstrong', 'Mike Bare', 'Elijah Behnke', 'Sue Conley', 'Dave Considine', 'Barbara Dittrich', 'Jodi Emerson', 'Rick Gundrum', 'Alex Joers', 'Joel Kitchens', 'Scott Krug', 'Jeffrey Mursau', ""Jerry O'Connor"", 'Daniel Riemer', 'Nik Rettinger', 'Michael Schraa', 'Lee Snodgrass', 'Patrick Snyder', 'Paul Tittl', 'Chuck Wichgers', 'Joy Goeben', 'Romaine Quinn', 'Mark Spreitzer', 'Dan Feyen', 'Dianne Hesselbein', 'Rachael Cabral-Guevara']",https://legiscan.com/WI/bill/AB664/2023,0,0,0,0,Low Risk,0,0,0,0,0,1,0,1,0
WI,Wisconsin,SB1072,Disclaimer required when interacting with generative artificial intelligence that simulates conversation.,6,Failed,2024,2024-04-15,Labeling/notification,1,Insurance,"['Mark Spreitzer', 'Christopher Larson', 'Kelda Roys', 'Melissa Agard', 'Lori Palmeri', 'Steve Doyle', 'Clinton Anderson', 'Samba Baldeh', 'Tod Ohnstad', 'Mike Bare', 'Elijah Behnke', 'Dave Considine', 'Jodi Emerson', 'Nate Gustafson', 'Alex Joers', ""Jerry O'Connor"", 'Melissa Ratcliff']",https://legiscan.com/WI/bill/SB1072/2023,0,0,0,0,Pending - Low Exposure,0,0,0,0,0,1,0,1,0
WI,Wisconsin,AB1158,Disclaimer required when interacting with generative artificial intelligence that simulates conversation.,6,Failed,2024,2024-04-15,Labeling/notification,1,Insurance,"['Lori Palmeri', 'Steve Doyle', 'Clinton Anderson', 'Samba Baldeh', 'Tod Ohnstad', 'Mike Bare', 'Elijah Behnke', 'Dave Considine', 'Jodi Emerson', 'Nate Gustafson', 'Alex Joers', ""Jerry O'Connor"", 'Melissa Ratcliff', 'Mark Spreitzer', 'Christopher Larson', 'Kelda Roys', 'Melissa Agard']",https://legiscan.com/WI/bill/AB1158/2023,0,0,0,0,Pending - Low Exposure,0,0,0,0,0,1,0,1,0
WI,Wisconsin,SB644,"Disclosures regarding content generated by artificial intelligence in political advertisements, granting rule-making authority, and providing a penalty. (FE)",6,Failed,2024,2024-04-15,"Program and documentation, Labeling/notification",2,Elections; Criminal,"['Romaine Quinn', 'Mark Spreitzer', 'Rachael Cabral-Guevara', 'Dan Feyen', 'Dianne Hesselbein', 'Christopher Larson', 'Adam Neylon', 'Clinton Anderson', 'Jimmy Anderson', 'David Armstrong', 'Mike Bare', 'Elijah Behnke', 'Sue Conley', 'Dave Considine', 'Barbara Dittrich', 'Jodi Emerson', 'Joy Goeben', 'Rick Gundrum', 'Alex Joers', 'Joel Kitchens', 'Scott Krug', 'Jeffrey Mursau', ""Jerry O'Connor"", 'Lori Palmeri', 'Nik Rettinger', 'Daniel Riemer', 'Michael Schraa', 'Lee Snodgrass', 'Patrick Snyder', 'Paul Tittl', 'Chuck Wichgers']",https://legiscan.com/WI/bill/SB644/2023,0,0,0,0,Pending - Low Exposure,0,0,0,0,0,1,0,1,0
WI,Wisconsin,SB523,Grants to schools to acquire proactive firearm detection software and making an appropriation. (FE),6,Failed,2024,2024-04-15,Program and documentation,1,Education,"['Van Wanggaard', 'Jesse James', 'Rachael Cabral-Guevara', 'Dan Feyen', 'LaTonya Johnson', 'Romaine Quinn', 'Calvin Callahan', 'John Spiros', 'Scott Allen', 'David Armstrong', 'Janel Brandtjen', 'Barbara Dittrich', 'Bob Donovan', 'James Edming', 'Joy Goeben', 'Chanz Green', 'Tom Michalski', 'Jeffrey Mursau', 'Amanda Nedweski', ""Jerry O'Connor"", 'Sylvia Ortiz-Velez', 'Nik Rettinger', 'Jessie Rodriguez', 'Peter Schmidt', 'David Steffen', 'Rob Summerfield']",https://legiscan.com/WI/bill/SB523/2023,0,0,0,0,Pending - Low Exposure,0,0,0,0,0,1,0,1,0
WI,Wisconsin,AB542,Grants to schools to acquire proactive firearm detection software and making an appropriation. (FE),6,Failed,2024,2024-04-15,Program and documentation,1,Education,"['Calvin Callahan', 'John Spiros', 'Scott Allen', 'David Armstrong', 'Janel Brandtjen', 'Barbara Dittrich', 'Bob Donovan', 'James Edming', 'Joy Goeben', 'Chanz Green', 'Tom Michalski', 'Jeffrey Mursau', 'Amanda Nedweski', ""Jerry O'Connor"", 'Sylvia Ortiz-Velez', 'Nik Rettinger', 'Jessie Rodriguez', 'Peter Schmidt', 'David Steffen', 'Rob Summerfield', 'Van Wanggaard', 'Jesse James', 'Rachael Cabral-Guevara', 'Dan Feyen', 'LaTonya Johnson', 'Romaine Quinn']",https://legiscan.com/WI/bill/AB542/2023,0,0,0,0,Pending - Low Exposure,0,0,0,0,0,1,0,1,0
WI,Wisconsin,SB70,"State finances and appropriations, constituting the executive budget act of the 2023 legislature. (FE)",6,Failed,2024,2024-05-14,"Program and documentation, General notice, Registration, Opt out/appeal",4,Financial,['Finance'],https://legiscan.com/WI/bill/SB70/2023,0,1,0,1,Pending - Some Exposure,0,0,0,0,0,1,0,1,0
WI,Wisconsin,AB43,"State finances and appropriations, constituting the executive budget act of the 2023 legislature. (FE)",6,Failed,2024,2024-04-15,"Program and documentation, General notice, Registration, Opt out/appeal",4,Financial,['Finance'],https://legiscan.com/WI/bill/AB43/2023,0,1,0,1,Pending - Some Exposure,0,0,0,0,0,1,0,1,0
WI,Wisconsin,SB295,The use of artificial intelligence or other machine assisted translation in court proceedings and of telephone or live audiovisual interpretation in criminal trials. (FE),1,Introduced,2025,2025-05-30,Program and documentation,1,Criminal,"['Chris Kapenga', 'Julian Bradley', 'Dave Maxey', 'Joel Kitchens', 'Scott Allen', 'David Armstrong', 'Elijah Behnke', 'Lindee Brill', 'Barbara Dittrich', 'Bob Donovan', 'Rick Gundrum', 'Nate Gustafson', 'Dean Kaufert', 'Dan Knodl', 'Rob Kreibich', 'Paul Melotik', 'David Murphy', 'Jeffrey Mursau', 'Adam Neylon', ""Jerry O'Connor"", 'William Penterman', 'Jim Piwowarczyk', 'Chuck Wichgers']",https://legiscan.com/WI/bill/SB295/2025,0,0,0,0,Pending - Low Exposure,0,0,0,0,0,1,0,1,0
WI,Wisconsin,AB292,The use of artificial intelligence or other machine assisted translation in court proceedings and of telephone or live audiovisual interpretation in criminal trials. (FE),1,Introduced,2025,2025-05-30,Program and documentation,1,Criminal,"['Dave Maxey', 'Joel Kitchens', 'Scott Allen', 'David Armstrong', 'Elijah Behnke', 'Lindee Brill', 'Barbara Dittrich', 'Bob Donovan', 'Rick Gundrum', 'Nate Gustafson', 'Dean Kaufert', 'Dan Knodl', 'Rob Kreibich', 'Paul Melotik', 'David Murphy', 'Jeffrey Mursau', 'Adam Neylon', ""Jerry O'Connor"", 'William Penterman', 'Jim Piwowarczyk', 'Chuck Wichgers', 'Chris Kapenga', 'Julian Bradley']",https://legiscan.com/WI/bill/AB292/2025,0,0,0,0,Pending - Low Exposure,0,0,0,0,0,1,0,1,0
WI,Wisconsin,SB357,"Establishing English as the official state language, use of artificial intelligence or other machine-assisted translation tools in lieu of appointing English language interpreters, and use of English for governmental oral and written communication and for nongovernmental purposes. (FE)",1,Introduced,2025,2025-06-27,Program and documentation,1,Government,"['Andre Jacque', 'Steve Nass', 'David Murphy', ""Jerry O'Connor"", 'Rick Gundrum', 'Dave Maxey', 'Rob Kreibich', 'Robert Brooks', 'Elijah Behnke']",https://legiscan.com/WI/bill/SB357/2025,0,0,0,0,Pending - Low Exposure,0,0,0,0,0,1,0,1,0
WI,Wisconsin,AB377,"Establishing English as the official state language, use of artificial intelligence or other machine-assisted translation tools in lieu of appointing English language interpreters, and use of English for governmental oral and written communication and for nongovernmental purposes. (FE)",1,Introduced,2025,2025-07-17,"Program and documentation, Opt out/appeal",2,Government,"['David Murphy', 'Elijah Behnke', 'Robert Brooks', 'Rick Gundrum', 'Rob Kreibich', 'Dave Maxey', ""Jerry O'Connor"", 'Andre Jacque', 'Steve Nass']",https://legiscan.com/WI/bill/AB377/2025,0,0,0,0,Pending - Low Exposure,0,0,0,0,0,1,0,1,0
WI,Wisconsin,AB415,Use restrictions on state and local government electronic devices.,1,Introduced,2025,2025-09-15,Program and documentation,1,Government,"['Dan Knodl', 'Nate Gustafson', 'Barbara Dittrich', 'Cindi Duchow', 'Joy Goeben', 'Rick Gundrum', 'Paul Melotik', 'Jeffrey Mursau', ""Jerry O'Connor"", 'William Penterman', 'Jim Piwowarczyk', 'Paul Tittl', 'Rachael Cabral-Guevara', 'Julian Bradley', 'Steve Nass']",https://legiscan.com/WI/bill/AB415/2025,0,0,0,0,Pending - Low Exposure,0,0,0,0,0,1,0,1,0
WI,Wisconsin,SB400,Use restrictions on state and local government electronic devices.,1,Introduced,2025,2025-08-25,Program and documentation,1,Government,"['Rachael Cabral-Guevara', 'Julian Bradley', 'Steve Nass', 'Dan Knodl', 'Nate Gustafson', 'Barbara Dittrich', 'Cindi Duchow', 'Joy Goeben', 'Rick Gundrum', 'Paul Melotik', 'Jeffrey Mursau', ""Jerry O'Connor"", 'William Penterman', 'Jim Piwowarczyk', 'Paul Tittl']",https://legiscan.com/WI/bill/SB400/2025,0,0,0,0,Pending - Low Exposure,0,0,0,0,0,1,0,1,0
WI,Wisconsin,AB456,Changes regarding the laws governing real estate practice. (FE),3,Enrolled,2025,2025-11-19,"Program and documentation, Labeling/notification",2,Housing,"['Scott Krug', 'Scott Allen', 'Robert Brooks', 'Barbara Dittrich', 'Joy Goeben', 'Rob Kreibich', 'William Penterman', 'Jim Piwowarczyk', 'Rob Summerfield', 'John Jagler']",https://legiscan.com/WI/bill/AB456/2025,0,0,0,0,Pending - Low Exposure,0,0,0,0,0,1,0,1,0
WI,Wisconsin,SB478,Changes regarding the laws governing real estate practice. (FE),1,Introduced,2025,2025-10-02,"Program and documentation, Labeling/notification",2,Housing,"['John Jagler', 'Scott Krug', 'Scott Allen', 'Robert Brooks', 'Barbara Dittrich', 'Joy Goeben', 'Rob Kreibich', 'William Penterman', 'Jim Piwowarczyk', 'Rob Summerfield', 'David Murphy', 'Lori Palmeri']",https://legiscan.com/WI/bill/SB478/2025,0,0,0,0,Pending - Low Exposure,0,0,0,0,0,1,0,1,0
WI,Wisconsin,AB50,"State finances and appropriations, constituting the executive budget act of the 2025 legislature. (FE)",1,Introduced,2025,2025-02-18,"Program and documentation, General notice, Registration, Opt out/appeal",4,Financial,['Finance'],https://legiscan.com/WI/bill/AB50/2025,0,1,0,1,Pending - Some Exposure,0,0,0,0,0,1,0,1,0
WI,Wisconsin,SB45,"State finances and appropriations, constituting the executive budget act of the 2025 legislature. (FE)",4,Passed,2025,2025-07-03,"Program and documentation, General notice, Registration, Opt out/appeal",4,Financial,['Finance'],https://legiscan.com/WI/bill/SB45/2025,0,1,0,1,Moderate Risk,0,0,0,0,0,1,0,1,0
WI,Wisconsin,SB681,"Regulation of hemp-derived cannabinoid products, renaming the Division of Alcohol Beverages as the Division of Intoxicating Products, creating an occupational tax on hemp-derived cannabinoid products, alcohol beverage warehouses and production arrangements, granting rule-making authority, and providing a penalty. (FE)",1,Introduced,2025,2025-12-01,"Program and documentation, Assessments, Training, Responsible individual, Labeling/notification, Developer documentation, Registration, Opt out/appeal, Nondiscrimination",9,Criminal,"['Eric Wimberger', 'Brad Pfaff', 'Jesse James', 'Cory Tomczyk', 'Rob Swearingen', 'Robert Brooks', 'Todd Novak', 'David Steffen', 'Robert Wittke', 'Patrick Snyder', 'Clint Moses', 'Jeffrey Mursau', 'Rob Summerfield', 'Alex Dallman', 'Bob Donovan', 'Brent Jacobson', 'Dean Kaufert', 'Amanda Nedweski', 'William Penterman', 'Duke Tucker', 'Ron Tusler']",https://legiscan.com/WI/bill/SB681/2025,1,0,1,2,Pending - High Exposure,0,0,0,0,0,1,0,1,0
WI,Wisconsin,AB606,"Regulation of hemp-derived cannabinoid products, renaming the Division of Alcohol Beverages as the Division of Intoxicating Products, creating an occupational tax on hemp-derived cannabinoid products, alcohol beverage warehouses and production arrangements, granting rule-making authority, and providing a penalty. (FE)",1,Introduced,2025,2025-10-29,"Program and documentation, Labeling/notification, Registration",3,Criminal,"['Rob Swearingen', 'Robert Brooks', 'Todd Novak', 'David Steffen', 'Robert Wittke', 'Patrick Snyder', 'Clint Moses', 'Jeffrey Mursau', 'Rob Summerfield', 'Alex Dallman', 'Bob Donovan', 'Brent Jacobson', 'Dean Kaufert', 'Amanda Nedweski', 'William Penterman', 'Duke Tucker', 'Ron Tusler', 'Eric Wimberger', 'Brad Pfaff', 'Jesse James', 'Cory Tomczyk']",https://legiscan.com/WI/bill/AB606/2025,0,0,0,0,Pending - Low Exposure,0,0,0,0,0,1,0,1,0
WY,Wyoming,SF0001,General government appropriations-2.,2,Engrossed,2024,2024-02-22,Program and documentation,1,Government,['Appropriations'],https://legiscan.com/WY/bill/SF0001/2024,0,0,0,0,Pending - Low Exposure,0,0,0,0,0,0,0,0,0
WY,Wyoming,HB0001,General government appropriations.,4,Passed,2024,2024-03-22,Program and documentation,1,Government,['Appropriations'],https://legiscan.com/WY/bill/HB0001/2024,0,0,0,0,Low Risk,0,0,0,0,0,0,0,0,0
WY,Wyoming,SJ0008,Political expenditures.,6,Failed,2025,2025-02-28,,0,Elections,"['Landon Brown', 'Andrew Byron', 'Marilyn Connolly', 'Robert Davis', 'McKay Erickson', 'Rob Geringer', 'Julie Jarvis', 'Lloyd Larsen', 'Darin McCann', 'Mike Schmid', 'Clarence Styvar', 'Art Washut', 'Jacob Wasserburger', 'Robert Wharff', 'J.D. Williams', 'Cody Wylie', 'James Anderson', 'Eric Barlow', 'Brian Boner', 'Evie Brennan', 'Edward Cooper', 'Barry Crago', 'Gary Crum', 'Dan Dockstader', 'Ogden Driskill', 'Michael Gierau', 'Lynn Hutchings', 'Stacy Jones', 'Bill Landen', 'Tara Nethercott', 'Stephan Pappas', 'Wendy Davis Schuler', 'Charles Scott']",https://legiscan.com/WY/bill/SJ0008/2025,0,0,0,0,Pending - Low Exposure,0,0,0,0,0,0,0,0,0
WY,Wyoming,SF0030,Wyoming's investment in veteran's mental health.,6,Failed,2025,2025-03-03,Program and documentation,1,Healthcare,"['Transportation, Highways and Military Affairs']",https://legiscan.com/WY/bill/SF0030/2025,0,0,0,0,Pending - Low Exposure,0,0,0,0,0,0,0,0,0
WY,Wyoming,SF0001,General government appropriations.,2,Engrossed,2025,2025-02-07,Program and documentation,1,Government,['Appropriations'],https://legiscan.com/WY/bill/SF0001/2025,0,0,0,0,Pending - Low Exposure,0,0,0,0,0,0,0,0,0
WY,Wyoming,HB0001,General government appropriations-2.,2,Engrossed,2025,2025-02-07,Program and documentation,1,Government,['Appropriations'],https://legiscan.com/WY/bill/HB0001/2025,0,0,0,0,Pending - Low Exposure,0,0,0,0,0,0,0,0,0
TN,Tennessee,HB2091,"Ensuring Likeness, Voice, and Image Security Act of 2024 (ELVIS Act) - Protects individuals' property rights in their name, photograph, voice, or likeness from unauthorized use including AI-generated simulations.",4,Passed,2024,2024-03-21,"Program and documentation, Opt out/appeal",2,Deepfakes,"['William Lamberth', 'Cochran', 'Burkhart', 'White', 'Freeman', 'Gloria Johnson', 'Greg Martin', 'Jones', 'Davis', 'Camper', 'Todd', 'Hardaway', 'Powell', 'Hemmer']",https://legiscan.com/TN/text/HB2091/id/2900923,0,0,0,0,Low Risk,0,0,0,0,0,2,0,2,0
